score_id,key,segment_start,melody_vector,final_score
11603002,A,272,"[0, 0, 0, 0, 1, 13, 13, 13, 4, 13, 13, 13, 1, 13, 13, 13, 3, 13, 13, 13, 1, 13, 13, 13, 11, 13, 13, 13, 1, 13, 13, 13, 3, 13, 13, 13, 13, 13, 13, 13, 13, 13, 13, 13, 6, 13, 13, 13, 5, 13, 13, 13, 13, 13, 13, 13, 13, 13, 13, 13, 13, 13, 13, 13]",100.98938136033581
11603002,A,92,"[0, 0, 0, 0, 1, 13, 13, 13, 4, 13, 13, 13, 1, 13, 13, 13, 3, 13, 13, 13, 1, 13, 13, 13, 11, 13, 13, 13, 1, 13, 13, 13, 3, 13, 13, 13, 13, 13, 13, 13, 13, 13, 13, 13, 6, 13, 13, 13, 4, 13, 13, 13, 13, 13, 13, 13, 13, 13, 13, 13, 13, 13, 13, 13]",112.3234748418501
11603002,A,272,"[0, 0, 0, 0, 1, 13, 13, 13, 4, 13, 13, 13, 1, 13, 13, 13, 3, 13, 13, 13, 1, 13, 13, 13, 11, 13, 13, 13, 1, 13, 13, 13, 3, 13, 13, 13, 13, 13, 13, 13, 13, 13, 13, 13, 6, 13, 13, 13, 5, 13, 13, 13, 13, 13, 13, 13, 13, 13, 13, 13, 13, 13, 13, 13]",115.15327834624536
2973436,C,32,"[5, 8, 0, 12, 1, 12, 0, 8, 1, 12, 0, 8, 1, 12, 0, 8, 5, 13, 0, 0, 5, 13, 0, 0, 5, 13, 0, 0, 5, 13, 0, 0, 5, 8, 0, 12, 1, 12, 0, 8, 1, 12, 0, 8, 1, 12, 0, 8, 5, 13, 0, 0, 5, 13, 0, 0, 5, 13, 0, 0, 5, 13, 0, 0]",167.84010745532532
2973436,C,4,"[5, 13, 0, 0, 5, 13, 0, 0, 5, 13, 0, 0, 5, 13, 0, 0, 5, 8, 0, 12, 1, 12, 0, 8, 1, 12, 0, 8, 1, 12, 0, 8, 5, 13, 0, 0, 5, 13, 0, 0, 5, 13, 0, 0, 5, 13, 0, 0, 5, 8, 0, 12, 1, 12, 0, 8, 1, 12, 0, 8, 1, 12, 0, 8]",163.51108523644407
2973436,C,24,"[5, 8, 0, 12, 1, 12, 0, 8, 1, 12, 0, 8, 1, 12, 0, 8, 5, 13, 0, 0, 5, 13, 0, 0, 5, 13, 0, 0, 5, 13, 0, 0, 5, 8, 0, 12, 1, 12, 0, 8, 1, 12, 0, 8, 1, 12, 0, 8, 5, 13, 0, 0, 5, 13, 0, 0, 5, 13, 0, 0, 5, 13, 0, 0]",153.2474113724305
2973436,C,8,"[5, 8, 0, 12, 1, 12, 0, 8, 1, 12, 0, 8, 1, 12, 0, 8, 5, 13, 0, 0, 5, 13, 0, 0, 5, 13, 0, 0, 5, 13, 0, 0, 5, 8, 0, 12, 1, 12, 0, 8, 1, 12, 0, 8, 1, 12, 0, 8, 5, 13, 0, 0, 5, 13, 0, 0, 5, 13, 0, 0, 5, 13, 0, 0]",138.64705011114575
2973436,C,56,"[5, 8, 0, 12, 1, 12, 0, 8, 1, 12, 0, 8, 1, 12, 0, 8, 5, 13, 0, 0, 5, 13, 0, 0, 5, 13, 0, 0, 5, 13, 0, 0, 5, 8, 0, 12, 1, 12, 0, 8, 1, 12, 0, 8, 1, 12, 0, 8, 5, 13, 0, 0, 5, 13, 0, 0, 5, 13, 0, 0, 5, 13, 0, 0]",126.59829146798928
2973436,C,60,"[5, 13, 0, 0, 5, 13, 0, 0, 5, 13, 0, 0, 5, 13, 0, 0, 5, 8, 0, 12, 1, 12, 0, 8, 1, 12, 0, 8, 1, 12, 0, 8, 5, 13, 0, 0, 5, 13, 0, 0, 5, 13, 0, 0, 5, 13, 0, 0, 5, 8, 0, 12, 1, 12, 0, 8, 1, 12, 0, 8, 1, 12, 0, 8]",160.96038440400878
2973436,C,52,"[5, 13, 0, 0, 5, 13, 0, 0, 5, 13, 0, 0, 5, 13, 0, 0, 5, 8, 0, 12, 1, 12, 0, 8, 1, 12, 0, 8, 1, 12, 0, 8, 5, 13, 0, 0, 5, 13, 0, 0, 5, 13, 0, 0, 5, 13, 0, 0, 5, 8, 0, 12, 1, 12, 0, 8, 1, 12, 0, 8, 1, 12, 0, 8]",158.95391123725304
2973436,C,24,"[5, 8, 0, 12, 1, 12, 0, 8, 1, 12, 0, 8, 1, 12, 0, 8, 5, 13, 0, 0, 5, 13, 0, 0, 5, 13, 0, 0, 5, 13, 0, 0, 5, 8, 0, 12, 1, 12, 0, 8, 1, 12, 0, 8, 1, 12, 0, 8, 5, 13, 0, 0, 5, 13, 0, 0, 5, 13, 0, 0, 5, 13, 0, 0]",165.4237726911357
2973436,C,28,"[5, 13, 0, 0, 5, 13, 0, 0, 5, 13, 0, 0, 5, 13, 0, 0, 5, 8, 0, 12, 1, 12, 0, 8, 1, 12, 0, 8, 1, 12, 0, 8, 5, 13, 0, 0, 5, 13, 0, 0, 5, 13, 0, 0, 5, 13, 0, 0, 5, 8, 0, 12, 1, 12, 0, 8, 1, 12, 0, 8, 1, 12, 0, 8]",126.83997003369288
2973436,C,4,"[5, 13, 0, 0, 5, 13, 0, 0, 5, 13, 0, 0, 5, 13, 0, 0, 5, 8, 0, 12, 1, 12, 0, 8, 1, 12, 0, 8, 1, 12, 0, 8, 5, 13, 0, 0, 5, 13, 0, 0, 5, 13, 0, 0, 5, 13, 0, 0, 5, 8, 0, 12, 1, 12, 0, 8, 1, 12, 0, 8, 1, 12, 0, 8]",146.13773296941832
2973436,C,0,"[5, 8, 0, 12, 1, 12, 0, 8, 1, 12, 0, 8, 1, 12, 0, 8, 5, 13, 0, 0, 5, 13, 0, 0, 5, 13, 0, 0, 5, 13, 0, 0, 5, 8, 0, 12, 1, 12, 0, 8, 1, 12, 0, 8, 1, 12, 0, 8, 5, 13, 0, 0, 5, 13, 0, 0, 5, 13, 0, 0, 5, 13, 0, 0]",165.90938428677524
2567011,C,80,"[4, 13, 6, 13, 13, 13, 13, 13, 13, 13, 13, 13, 13, 13, 9, 13, 6, 13, 13, 13, 13, 13, 13, 13, 13, 13, 13, 13, 13, 13, 13, 13, 3, 13, 13, 13, 13, 13, 13, 13, 13, 13, 13, 13, 6, 13, 1, 13, 12, 13, 8, 13, 3, 13, 13, 13, 13, 13, 13, 13, 13, 13, 13, 13]",151.30676856125822
2567011,C,140,"[3, 13, 13, 13, 13, 13, 13, 13, 13, 13, 13, 13, 13, 13, 13, 13, 4, 13, 13, 13, 13, 13, 13, 13, 13, 13, 13, 13, 13, 13, 13, 13, 9, 13, 13, 13, 13, 13, 13, 13, 4, 13, 13, 13, 13, 13, 13, 13, 3, 13, 13, 13, 13, 13, 13, 13, 13, 13, 13, 13, 13, 13, 13, 13]",163.05929060428917
2567011,C,16,"[6, 13, 13, 13, 13, 13, 13, 13, 13, 13, 13, 13, 13, 13, 13, 13, 8, 13, 13, 13, 13, 13, 13, 13, 13, 13, 13, 13, 13, 13, 13, 13, 3, 13, 13, 13, 13, 13, 13, 13, 13, 13, 13, 13, 13, 13, 13, 13, 5, 13, 13, 13, 13, 13, 13, 13, 13, 13, 13, 13, 13, 13, 13, 13]",166.24214320746415
2567011,C,24,"[3, 13, 13, 13, 13, 13, 13, 13, 13, 13, 13, 13, 13, 13, 13, 13, 5, 13, 13, 13, 13, 13, 13, 13, 13, 13, 13, 13, 13, 13, 13, 13, 6, 13, 13, 13, 13, 13, 13, 13, 13, 13, 13, 13, 13, 13, 13, 13, 8, 13, 13, 13, 13, 13, 13, 13, 0, 0, 0, 0, 0, 0, 0, 0]",163.0867950679234
2567011,C,88,"[3, 13, 13, 13, 13, 13, 13, 13, 13, 13, 13, 13, 6, 13, 1, 13, 12, 13, 8, 13, 3, 13, 13, 13, 13, 13, 13, 13, 13, 13, 13, 13, 8, 13, 13, 13, 13, 13, 13, 13, 13, 13, 13, 13, 13, 13, 13, 13, 8, 13, 13, 13, 13, 13, 13, 13, 13, 13, 13, 13, 13, 13, 13, 13]",167.90638870375528
2567011,C,124,"[6, 13, 13, 13, 13, 13, 13, 13, 3, 13, 13, 13, 13, 13, 13, 13, 4, 13, 13, 13, 13, 13, 13, 13, 13, 13, 13, 13, 13, 13, 13, 13, 4, 13, 13, 13, 13, 13, 13, 13, 1, 13, 13, 13, 13, 13, 13, 13, 3, 13, 13, 13, 13, 13, 13, 13, 13, 13, 13, 13, 13, 13, 13, 13]",166.50321016556563
2567011,C,76,"[3, 13, 11, 13, 6, 13, 13, 13, 13, 13, 13, 13, 13, 13, 13, 13, 4, 13, 6, 13, 13, 13, 13, 13, 13, 13, 13, 13, 13, 13, 9, 13, 6, 13, 13, 13, 13, 13, 13, 13, 13, 13, 13, 13, 13, 13, 13, 13, 3, 13, 13, 13, 13, 13, 13, 13, 13, 13, 13, 13, 6, 13, 1, 13]",159.93505407115424
2567011,C,72,"[6, 13, 13, 13, 13, 13, 13, 13, 13, 13, 13, 13, 11, 13, 4, 13, 3, 13, 11, 13, 6, 13, 13, 13, 13, 13, 13, 13, 13, 13, 13, 13, 4, 13, 6, 13, 13, 13, 13, 13, 13, 13, 13, 13, 13, 13, 9, 13, 6, 13, 13, 13, 13, 13, 13, 13, 13, 13, 13, 13, 13, 13, 13, 13]",153.73482653945587
2567011,C,88,"[3, 13, 13, 13, 13, 13, 13, 13, 13, 13, 13, 13, 6, 13, 1, 13, 12, 13, 8, 13, 3, 13, 13, 13, 13, 13, 13, 13, 13, 13, 13, 13, 8, 13, 13, 13, 13, 13, 13, 13, 13, 13, 13, 13, 13, 13, 13, 13, 8, 13, 13, 13, 13, 13, 13, 13, 13, 13, 13, 13, 13, 13, 13, 13]",143.60055892237688
2567011,C,120,"[1, 13, 13, 13, 13, 13, 13, 13, 8, 13, 13, 13, 13, 13, 13, 13, 6, 13, 13, 13, 13, 13, 13, 13, 3, 13, 13, 13, 13, 13, 13, 13, 4, 13, 13, 13, 13, 13, 13, 13, 13, 13, 13, 13, 13, 13, 13, 13, 4, 13, 13, 13, 13, 13, 13, 13, 1, 13, 13, 13, 13, 13, 13, 13]",147.86871060698576
2567011,C,8,"[3, 13, 13, 13, 13, 13, 13, 13, 13, 13, 13, 13, 13, 13, 13, 13, 5, 13, 13, 13, 13, 13, 13, 13, 13, 13, 13, 13, 13, 13, 13, 13, 6, 13, 13, 13, 13, 13, 13, 13, 13, 13, 13, 13, 13, 13, 13, 13, 8, 13, 13, 13, 13, 13, 13, 13, 13, 13, 13, 13, 13, 13, 13, 13]",171.23037076787284
2567011,C,140,"[3, 13, 13, 13, 13, 13, 13, 13, 13, 13, 13, 13, 13, 13, 13, 13, 4, 13, 13, 13, 13, 13, 13, 13, 13, 13, 13, 13, 13, 13, 13, 13, 9, 13, 13, 13, 13, 13, 13, 13, 4, 13, 13, 13, 13, 13, 13, 13, 3, 13, 13, 13, 13, 13, 13, 13, 13, 13, 13, 13, 13, 13, 13, 13]",156.12771487562947
2567011,C,44,"[12, 13, 8, 13, 3, 13, 13, 13, 13, 13, 13, 13, 13, 13, 13, 13, 3, 13, 13, 13, 1, 13, 13, 13, 13, 13, 13, 13, 8, 13, 6, 13, 8, 13, 13, 13, 13, 13, 13, 13, 13, 13, 13, 13, 13, 13, 13, 13, 3, 13, 13, 13, 13, 13, 13, 13, 13, 13, 13, 13, 6, 13, 1, 13]",172.4040448472133
2567011,C,96,"[8, 13, 13, 13, 13, 13, 13, 13, 13, 13, 13, 13, 13, 13, 13, 13, 8, 13, 13, 13, 13, 13, 13, 13, 13, 13, 13, 13, 13, 13, 13, 13, 1, 13, 13, 13, 13, 13, 13, 13, 8, 13, 13, 13, 13, 13, 13, 13, 6, 13, 13, 13, 3, 13, 13, 13, 13, 13, 13, 13, 13, 13, 13, 13]",166.86212087134936
2567011,C,80,"[4, 13, 6, 13, 13, 13, 13, 13, 13, 13, 13, 13, 13, 13, 9, 13, 6, 13, 13, 13, 13, 13, 13, 13, 13, 13, 13, 13, 13, 13, 13, 13, 3, 13, 13, 13, 13, 13, 13, 13, 13, 13, 13, 13, 6, 13, 1, 13, 12, 13, 8, 13, 3, 13, 13, 13, 13, 13, 13, 13, 13, 13, 13, 13]",160.30253174102077
2567011,C,112,"[1, 13, 13, 13, 13, 13, 13, 13, 8, 13, 13, 13, 13, 13, 13, 13, 6, 13, 13, 13, 3, 13, 13, 13, 13, 13, 13, 13, 12, 13, 13, 13, 1, 13, 13, 13, 13, 13, 13, 13, 8, 13, 13, 13, 13, 13, 13, 13, 6, 13, 13, 13, 13, 13, 13, 13, 3, 13, 13, 13, 13, 13, 13, 13]",163.00563435556023
2567011,C,96,"[8, 13, 13, 13, 13, 13, 13, 13, 13, 13, 13, 13, 13, 13, 13, 13, 8, 13, 13, 13, 13, 13, 13, 13, 13, 13, 13, 13, 13, 13, 13, 13, 1, 13, 13, 13, 13, 13, 13, 13, 8, 13, 13, 13, 13, 13, 13, 13, 6, 13, 13, 13, 3, 13, 13, 13, 13, 13, 13, 13, 13, 13, 13, 13]",179.77479020832695
2567011,C,124,"[6, 13, 13, 13, 13, 13, 13, 13, 3, 13, 13, 13, 13, 13, 13, 13, 4, 13, 13, 13, 13, 13, 13, 13, 13, 13, 13, 13, 13, 13, 13, 13, 4, 13, 13, 13, 13, 13, 13, 13, 1, 13, 13, 13, 13, 13, 13, 13, 3, 13, 13, 13, 13, 13, 13, 13, 13, 13, 13, 13, 13, 13, 13, 13]",147.7248757889644
2567011,C,88,"[3, 13, 13, 13, 13, 13, 13, 13, 13, 13, 13, 13, 6, 13, 1, 13, 12, 13, 8, 13, 3, 13, 13, 13, 13, 13, 13, 13, 13, 13, 13, 13, 8, 13, 13, 13, 13, 13, 13, 13, 13, 13, 13, 13, 13, 13, 13, 13, 8, 13, 13, 13, 13, 13, 13, 13, 13, 13, 13, 13, 13, 13, 13, 13]",177.90313400266336
7072915,F#,204,"[10, 13, 13, 13, 10, 13, 13, 13, 1, 13, 13, 13, 1, 13, 13, 13, 6, 13, 13, 13, 6, 13, 13, 13, 8, 13, 13, 13, 8, 13, 13, 13, 10, 13, 13, 13, 10, 13, 13, 13, 5, 13, 13, 13, 5, 13, 13, 13, 3, 13, 13, 13, 3, 13, 13, 13, 7, 13, 13, 13, 7, 13, 13, 13]",106.00511338437866
7072915,F#,192,"[6, 13, 13, 13, 6, 13, 13, 13, 8, 13, 13, 13, 8, 13, 13, 13, 10, 13, 13, 13, 10, 13, 13, 13, 8, 13, 13, 13, 8, 13, 13, 13, 6, 13, 13, 13, 6, 13, 13, 13, 8, 13, 13, 13, 8, 13, 13, 13, 10, 13, 13, 13, 10, 13, 13, 13, 1, 13, 13, 13, 1, 13, 13, 13]",147.6432641837548
7072915,F#,84,"[10, 13, 13, 13, 10, 8, 13, 10, 10, 13, 0, 0, 0, 0, 0, 0, 6, 13, 13, 13, 6, 13, 13, 13, 8, 13, 13, 13, 8, 13, 13, 13, 10, 13, 13, 13, 10, 13, 13, 13, 8, 13, 13, 13, 8, 13, 13, 13, 6, 13, 13, 13, 6, 13, 13, 13, 8, 13, 13, 13, 8, 13, 13, 13]",137.72001441881997
7072915,F#,208,"[6, 13, 13, 13, 6, 13, 13, 13, 8, 13, 13, 13, 8, 13, 13, 13, 10, 13, 13, 13, 10, 13, 13, 13, 5, 13, 13, 13, 5, 13, 13, 13, 3, 13, 13, 13, 3, 13, 13, 13, 7, 13, 13, 13, 7, 13, 13, 13, 5, 13, 13, 13, 0, 0, 0, 0, 0, 0, 0, 0, 0, 0, 0, 0]",118.55661755134022
7072915,F#,208,"[6, 13, 13, 13, 6, 13, 13, 13, 8, 13, 13, 13, 8, 13, 13, 13, 10, 13, 13, 13, 10, 13, 13, 13, 5, 13, 13, 13, 5, 13, 13, 13, 3, 13, 13, 13, 3, 13, 13, 13, 7, 13, 13, 13, 7, 13, 13, 13, 5, 13, 13, 13, 0, 0, 0, 0, 0, 0, 0, 0, 0, 0, 0, 0]",148.22311238430487
7072915,F#,112,"[3, 13, 13, 13, 3, 13, 13, 13, 7, 13, 13, 13, 7, 13, 13, 13, 5, 13, 13, 13, 0, 0, 0, 0, 0, 0, 0, 0, 0, 0, 0, 0, 6, 13, 13, 13, 13, 13, 13, 13, 13, 13, 13, 13, 13, 13, 13, 13, 5, 13, 13, 13, 13, 13, 13, 13, 13, 13, 13, 13, 13, 13, 13, 13]",115.7466533321893
7072915,F#,56,"[6, 13, 13, 13, 13, 13, 13, 13, 13, 13, 13, 13, 13, 13, 13, 13, 5, 13, 13, 13, 13, 13, 13, 13, 13, 13, 13, 13, 13, 13, 13, 13, 6, 13, 13, 13, 13, 13, 13, 13, 8, 13, 13, 13, 13, 13, 13, 13, 1, 13, 13, 13, 13, 13, 1, 1, 1, 13, 13, 5, 5, 13, 13, 13]",106.85053747149483
7072915,F#,200,"[6, 13, 13, 13, 6, 13, 13, 13, 8, 13, 13, 13, 8, 13, 13, 13, 10, 13, 13, 13, 10, 13, 13, 13, 1, 13, 13, 13, 1, 13, 13, 13, 6, 13, 13, 13, 6, 13, 13, 13, 8, 13, 13, 13, 8, 13, 13, 13, 10, 13, 13, 13, 10, 13, 13, 13, 5, 13, 13, 13, 5, 13, 13, 13]",126.39989861554601
7072915,F#,128,"[6, 13, 13, 13, 13, 13, 13, 13, 8, 13, 13, 13, 13, 13, 13, 13, 1, 13, 13, 13, 13, 13, 1, 1, 1, 13, 13, 5, 5, 13, 13, 13, 6, 13, 13, 13, 13, 13, 13, 13, 13, 13, 13, 13, 13, 13, 13, 13, 5, 13, 13, 13, 13, 13, 13, 13, 13, 13, 13, 13, 13, 13, 13, 13]",121.11227820508661
7072915,F#,112,"[3, 13, 13, 13, 3, 13, 13, 13, 7, 13, 13, 13, 7, 13, 13, 13, 5, 13, 13, 13, 0, 0, 0, 0, 0, 0, 0, 0, 0, 0, 0, 0, 6, 13, 13, 13, 13, 13, 13, 13, 13, 13, 13, 13, 13, 13, 13, 13, 5, 13, 13, 13, 13, 13, 13, 13, 13, 13, 13, 13, 13, 13, 13, 13]",120.90080946009594
7072915,F#,132,"[1, 13, 13, 13, 13, 13, 1, 1, 1, 13, 13, 5, 5, 13, 13, 13, 6, 13, 13, 13, 13, 13, 13, 13, 13, 13, 13, 13, 13, 13, 13, 13, 5, 13, 13, 13, 13, 13, 13, 13, 13, 13, 13, 13, 13, 13, 13, 13, 6, 13, 13, 13, 13, 13, 13, 13, 8, 13, 13, 13, 13, 13, 13, 13]",116.20070242857648
7072915,F#,76,"[5, 13, 13, 13, 13, 13, 13, 13, 13, 13, 13, 13, 13, 13, 13, 13, 6, 13, 13, 13, 13, 13, 13, 13, 8, 13, 13, 13, 13, 13, 13, 13, 10, 13, 13, 13, 10, 8, 13, 10, 10, 13, 0, 0, 0, 0, 0, 0, 6, 13, 13, 13, 6, 13, 13, 13, 8, 13, 13, 13, 8, 13, 13, 13]",125.84304595016548
7072915,F#,60,"[5, 13, 13, 13, 13, 13, 13, 13, 13, 13, 13, 13, 13, 13, 13, 13, 6, 13, 13, 13, 13, 13, 13, 13, 8, 13, 13, 13, 13, 13, 13, 13, 1, 13, 13, 13, 13, 13, 1, 1, 1, 13, 13, 5, 5, 13, 13, 13, 6, 13, 13, 13, 13, 13, 13, 13, 13, 13, 13, 13, 13, 13, 13, 13]",123.55251029013874
7072915,F#,200,"[6, 13, 13, 13, 6, 13, 13, 13, 8, 13, 13, 13, 8, 13, 13, 13, 10, 13, 13, 13, 10, 13, 13, 13, 1, 13, 13, 13, 1, 13, 13, 13, 6, 13, 13, 13, 6, 13, 13, 13, 8, 13, 13, 13, 8, 13, 13, 13, 10, 13, 13, 13, 10, 13, 13, 13, 5, 13, 13, 13, 5, 13, 13, 13]",144.48025086582413
7072915,F#,96,"[6, 13, 13, 13, 6, 13, 13, 13, 8, 13, 13, 13, 8, 13, 13, 13, 10, 13, 13, 13, 10, 13, 13, 13, 1, 13, 13, 13, 1, 13, 13, 13, 6, 13, 13, 13, 6, 13, 13, 13, 8, 13, 13, 13, 8, 13, 13, 13, 10, 13, 13, 13, 10, 13, 13, 13, 5, 13, 13, 13, 5, 13, 13, 13]",123.48848350594113
7072915,F#,204,"[10, 13, 13, 13, 10, 13, 13, 13, 1, 13, 13, 13, 1, 13, 13, 13, 6, 13, 13, 13, 6, 13, 13, 13, 8, 13, 13, 13, 8, 13, 13, 13, 10, 13, 13, 13, 10, 13, 13, 13, 5, 13, 13, 13, 5, 13, 13, 13, 3, 13, 13, 13, 3, 13, 13, 13, 7, 13, 13, 13, 7, 13, 13, 13]",132.57577793353548
7072915,F#,208,"[6, 13, 13, 13, 6, 13, 13, 13, 8, 13, 13, 13, 8, 13, 13, 13, 10, 13, 13, 13, 10, 13, 13, 13, 5, 13, 13, 13, 5, 13, 13, 13, 3, 13, 13, 13, 3, 13, 13, 13, 7, 13, 13, 13, 7, 13, 13, 13, 5, 13, 13, 13, 0, 0, 0, 0, 0, 0, 0, 0, 0, 0, 0, 0]",121.9387647926514
7072915,F#,68,"[1, 13, 13, 13, 13, 13, 1, 1, 1, 13, 13, 5, 5, 13, 13, 13, 6, 13, 13, 13, 13, 13, 13, 13, 13, 13, 13, 13, 13, 13, 13, 13, 5, 13, 13, 13, 13, 13, 13, 13, 13, 13, 13, 13, 13, 13, 13, 13, 6, 13, 13, 13, 13, 13, 13, 13, 8, 13, 13, 13, 13, 13, 13, 13]",138.91893849756235
7072915,F#,60,"[5, 13, 13, 13, 13, 13, 13, 13, 13, 13, 13, 13, 13, 13, 13, 13, 6, 13, 13, 13, 13, 13, 13, 13, 8, 13, 13, 13, 13, 13, 13, 13, 1, 13, 13, 13, 13, 13, 1, 1, 1, 13, 13, 5, 5, 13, 13, 13, 6, 13, 13, 13, 13, 13, 13, 13, 13, 13, 13, 13, 13, 13, 13, 13]",143.7930901678161
6021111,E,92,"[1, 13, 13, 13, 13, 13, 13, 13, 1, 13, 0, 0, 1, 13, 4, 13, 1, 13, 13, 13, 13, 13, 13, 13, 1, 13, 0, 0, 1, 13, 4, 13, 8, 13, 13, 13, 13, 13, 1, 13, 1, 13, 1, 13, 11, 13, 9, 13, 8, 13, 13, 13, 13, 13, 4, 13, 1, 13, 13, 13, 4, 13, 6, 13]",156.4699425460941
6021111,E,4,"[8, 13, 13, 13, 13, 13, 1, 13, 1, 13, 1, 13, 11, 13, 9, 13, 8, 13, 13, 13, 13, 13, 4, 13, 1, 13, 13, 13, 4, 13, 6, 13, 8, 13, 13, 13, 13, 13, 8, 13, 11, 13, 9, 13, 3, 13, 4, 13, 1, 13, 13, 13, 13, 13, 13, 13, 1, 13, 0, 0, 8, 13, 4, 13]",145.6115410175972
6021111,E,64,"[8, 13, 13, 13, 13, 13, 8, 13, 11, 13, 9, 13, 3, 13, 4, 13, 1, 13, 13, 13, 13, 13, 13, 13, 1, 13, 0, 0, 8, 13, 4, 13, 3, 13, 13, 13, 13, 13, 8, 13, 3, 13, 8, 13, 3, 13, 4, 13, 1, 13, 13, 13, 13, 13, 11, 9, 8, 13, 13, 13, 9, 13, 9, 13]",179.30676343369944
6021111,E,112,"[1, 13, 13, 13, 13, 13, 13, 13, 1, 13, 0, 0, 8, 13, 4, 13, 3, 13, 13, 13, 13, 13, 8, 13, 3, 13, 8, 13, 3, 13, 4, 13, 1, 13, 13, 13, 13, 13, 11, 9, 8, 13, 13, 13, 9, 13, 9, 13, 8, 13, 13, 13, 13, 13, 8, 13, 10, 13, 12, 13, 1, 13, 3, 13]",179.31217414785698
6021111,E,32,"[4, 13, 13, 13, 13, 13, 13, 13, 4, 13, 0, 0, 9, 13, 9, 13, 8, 13, 13, 13, 13, 13, 8, 13, 11, 13, 9, 13, 3, 13, 4, 13, 1, 13, 13, 13, 13, 13, 13, 13, 1, 13, 0, 0, 1, 13, 4, 13, 1, 13, 13, 13, 1, 13, 0, 0, 0, 0, 0, 0, 0, 0, 0, 0]",174.0051653449997
6021111,E,80,"[8, 13, 13, 13, 13, 13, 8, 13, 10, 13, 12, 13, 1, 13, 3, 13, 4, 13, 13, 13, 13, 13, 13, 13, 4, 13, 0, 0, 9, 13, 9, 13, 8, 13, 13, 13, 13, 13, 8, 13, 11, 13, 9, 13, 3, 13, 4, 13, 1, 13, 13, 13, 13, 13, 13, 13, 1, 13, 0, 0, 1, 13, 4, 13]",149.6578534217468
6021111,E,20,"[3, 13, 13, 13, 13, 13, 8, 13, 3, 13, 8, 13, 3, 13, 4, 13, 1, 13, 13, 13, 13, 13, 11, 9, 8, 13, 13, 13, 9, 13, 9, 13, 8, 13, 13, 13, 13, 13, 8, 13, 10, 13, 12, 13, 1, 13, 3, 13, 4, 13, 13, 13, 13, 13, 13, 13, 4, 13, 0, 0, 9, 13, 9, 13]",168.6178976154722
6021111,E,60,"[8, 13, 13, 13, 13, 13, 4, 13, 1, 13, 13, 13, 4, 13, 6, 13, 8, 13, 13, 13, 13, 13, 8, 13, 11, 13, 9, 13, 3, 13, 4, 13, 1, 13, 13, 13, 13, 13, 13, 13, 1, 13, 0, 0, 8, 13, 4, 13, 3, 13, 13, 13, 13, 13, 8, 13, 3, 13, 8, 13, 3, 13, 4, 13]",151.7797551571968
6021111,E,12,"[8, 13, 13, 13, 13, 13, 8, 13, 11, 13, 9, 13, 3, 13, 4, 13, 1, 13, 13, 13, 13, 13, 13, 13, 1, 13, 0, 0, 8, 13, 4, 13, 3, 13, 13, 13, 13, 13, 8, 13, 3, 13, 8, 13, 3, 13, 4, 13, 1, 13, 13, 13, 13, 13, 11, 9, 8, 13, 13, 13, 9, 13, 9, 13]",143.48918838930075
6021111,E,4,"[8, 13, 13, 13, 13, 13, 1, 13, 1, 13, 1, 13, 11, 13, 9, 13, 8, 13, 13, 13, 13, 13, 4, 13, 1, 13, 13, 13, 4, 13, 6, 13, 8, 13, 13, 13, 13, 13, 8, 13, 11, 13, 9, 13, 3, 13, 4, 13, 1, 13, 13, 13, 13, 13, 13, 13, 1, 13, 0, 0, 8, 13, 4, 13]",141.9241393192313
6021111,E,32,"[4, 13, 13, 13, 13, 13, 13, 13, 4, 13, 0, 0, 9, 13, 9, 13, 8, 13, 13, 13, 13, 13, 8, 13, 11, 13, 9, 13, 3, 13, 4, 13, 1, 13, 13, 13, 13, 13, 13, 13, 1, 13, 0, 0, 1, 13, 4, 13, 1, 13, 13, 13, 1, 13, 0, 0, 0, 0, 0, 0, 0, 0, 0, 0]",143.64700088556242
6021111,E,80,"[8, 13, 13, 13, 13, 13, 8, 13, 10, 13, 12, 13, 1, 13, 3, 13, 4, 13, 13, 13, 13, 13, 13, 13, 4, 13, 0, 0, 9, 13, 9, 13, 8, 13, 13, 13, 13, 13, 8, 13, 11, 13, 9, 13, 3, 13, 4, 13, 1, 13, 13, 13, 13, 13, 13, 13, 1, 13, 0, 0, 1, 13, 4, 13]",174.40059837134686
6021111,E,64,"[8, 13, 13, 13, 13, 13, 8, 13, 11, 13, 9, 13, 3, 13, 4, 13, 1, 13, 13, 13, 13, 13, 13, 13, 1, 13, 0, 0, 8, 13, 4, 13, 3, 13, 13, 13, 13, 13, 8, 13, 3, 13, 8, 13, 3, 13, 4, 13, 1, 13, 13, 13, 13, 13, 11, 9, 8, 13, 13, 13, 9, 13, 9, 13]",164.42729950045478
6021111,E,32,"[4, 13, 13, 13, 13, 13, 13, 13, 4, 13, 0, 0, 9, 13, 9, 13, 8, 13, 13, 13, 13, 13, 8, 13, 11, 13, 9, 13, 3, 13, 4, 13, 1, 13, 13, 13, 13, 13, 13, 13, 1, 13, 0, 0, 1, 13, 4, 13, 1, 13, 13, 13, 1, 13, 0, 0, 0, 0, 0, 0, 0, 0, 0, 0]",148.8354248698002
6021111,E,116,"[3, 13, 13, 13, 13, 13, 8, 13, 3, 13, 8, 13, 3, 13, 4, 13, 1, 13, 13, 13, 13, 13, 11, 9, 8, 13, 13, 13, 9, 13, 9, 13, 8, 13, 13, 13, 13, 13, 8, 13, 10, 13, 12, 13, 1, 13, 3, 13, 4, 13, 13, 13, 13, 13, 13, 13, 4, 13, 0, 0, 9, 13, 9, 13]",157.96104518934382
6021111,E,80,"[8, 13, 13, 13, 13, 13, 8, 13, 10, 13, 12, 13, 1, 13, 3, 13, 4, 13, 13, 13, 13, 13, 13, 13, 4, 13, 0, 0, 9, 13, 9, 13, 8, 13, 13, 13, 13, 13, 8, 13, 11, 13, 9, 13, 3, 13, 4, 13, 1, 13, 13, 13, 13, 13, 13, 13, 1, 13, 0, 0, 1, 13, 4, 13]",171.3038663018461
6021111,E,52,"[0, 0, 0, 0, 0, 0, 0, 0, 0, 0, 0, 0, 1, 13, 4, 13, 8, 13, 13, 13, 13, 13, 1, 13, 1, 13, 1, 13, 11, 13, 9, 13, 8, 13, 13, 13, 13, 13, 4, 13, 1, 13, 13, 13, 4, 13, 6, 13, 8, 13, 13, 13, 13, 13, 8, 13, 11, 13, 9, 13, 3, 13, 4, 13]",145.87170619000574
6496018,D,96,"[1, 13, 13, 13, 11, 13, 13, 13, 8, 13, 13, 13, 11, 13, 8, 13, 1, 13, 13, 13, 13, 13, 4, 13, 1, 13, 13, 13, 11, 13, 8, 13, 1, 13, 13, 13, 13, 13, 11, 13, 1, 13, 13, 13, 13, 13, 13, 13, 8, 13, 13, 13, 4, 13, 13, 13, 3, 13, 1, 13, 11, 13, 13, 13]",147.18154990897773
6496018,D,136,"[1, 13, 13, 13, 3, 13, 11, 13, 4, 13, 13, 13, 6, 13, 13, 13, 1, 13, 13, 13, 8, 13, 13, 13, 6, 13, 13, 13, 8, 13, 6, 13, 4, 13, 13, 13, 1, 13, 13, 13, 13, 13, 13, 13, 1, 13, 13, 13, 1, 13, 13, 13, 8, 13, 13, 13, 6, 13, 13, 13, 8, 13, 6, 13]",147.41195615351978
6496018,D,76,"[8, 13, 13, 13, 11, 13, 8, 13, 1, 13, 13, 13, 11, 13, 8, 13, 1, 13, 13, 13, 3, 13, 11, 13, 4, 13, 13, 13, 3, 13, 11, 13, 4, 13, 13, 13, 8, 13, 13, 13, 3, 13, 13, 13, 4, 13, 6, 13, 4, 13, 1, 13, 8, 13, 8, 13, 3, 13, 13, 13, 4, 13, 6, 13]",135.29556358339403
6496018,D,140,"[1, 13, 13, 13, 8, 13, 13, 13, 6, 13, 13, 13, 8, 13, 6, 13, 4, 13, 13, 13, 1, 13, 13, 13, 13, 13, 13, 13, 1, 13, 13, 13, 1, 13, 13, 13, 8, 13, 13, 13, 6, 13, 13, 13, 8, 13, 6, 13, 4, 13, 1, 13, 1, 13, 13, 13, 13, 13, 13, 13, 0, 0, 0, 0]",163.12557185271908
6496018,D,52,"[1, 13, 13, 13, 13, 13, 11, 13, 1, 13, 13, 13, 13, 13, 13, 13, 8, 13, 13, 13, 4, 13, 13, 13, 3, 13, 1, 13, 11, 13, 13, 13, 8, 13, 13, 13, 1, 13, 11, 13, 8, 13, 9, 13, 13, 13, 13, 13, 8, 13, 13, 13, 4, 13, 13, 13, 3, 13, 1, 13, 11, 13, 1, 13]",133.15246988416033
6496018,D,144,"[4, 13, 13, 13, 1, 13, 13, 13, 13, 13, 13, 13, 1, 13, 13, 13, 1, 13, 13, 13, 8, 13, 13, 13, 6, 13, 13, 13, 8, 13, 6, 13, 4, 13, 1, 13, 1, 13, 13, 13, 13, 13, 13, 13, 0, 0, 0, 0, 0, 0, 0, 0, 1, 13, 1, 13, 6, 13, 13, 13, 4, 13, 3, 13]",149.85669716703654
6496018,D,88,"[4, 13, 13, 13, 8, 13, 13, 13, 3, 13, 13, 13, 4, 13, 6, 13, 1, 13, 1, 13, 12, 13, 8, 13, 8, 13, 13, 13, 0, 0, 0, 0, 1, 13, 13, 13, 11, 13, 13, 13, 8, 13, 13, 13, 11, 13, 8, 13, 1, 13, 13, 13, 13, 13, 4, 13, 1, 13, 13, 13, 11, 13, 8, 13]",165.9039735726177
6496018,D,168,"[4, 13, 13, 13, 3, 13, 4, 13, 1, 13, 1, 13, 1, 13, 13, 13, 0, 0, 0, 0, 4, 13, 13, 13, 8, 13, 13, 13, 13, 13, 13, 13, 9, 13, 13, 13, 13, 13, 13, 13, 8, 13, 13, 13, 6, 13, 13, 13, 8, 13, 13, 13, 3, 13, 13, 13, 1, 13, 4, 13, 9, 13, 8, 13]",164.36146914487134
6496018,D,84,"[4, 13, 13, 13, 8, 13, 13, 13, 3, 13, 13, 13, 4, 13, 6, 13, 4, 13, 1, 13, 8, 13, 8, 13, 3, 13, 13, 13, 4, 13, 6, 13, 1, 13, 1, 13, 12, 13, 8, 13, 8, 13, 13, 13, 0, 0, 0, 0, 1, 13, 13, 13, 11, 13, 13, 13, 8, 13, 13, 13, 11, 13, 8, 13]",142.7465678711779
6496018,D,104,"[1, 13, 13, 13, 13, 13, 11, 13, 1, 13, 13, 13, 13, 13, 13, 13, 8, 13, 13, 13, 4, 13, 13, 13, 3, 13, 1, 13, 11, 13, 13, 13, 8, 13, 13, 13, 1, 13, 11, 13, 8, 13, 9, 13, 13, 13, 13, 13, 8, 13, 13, 13, 4, 13, 13, 13, 3, 13, 1, 13, 11, 13, 1, 13]",148.37731773779484
6496018,D,76,"[8, 13, 13, 13, 11, 13, 8, 13, 1, 13, 13, 13, 11, 13, 8, 13, 1, 13, 13, 13, 3, 13, 11, 13, 4, 13, 13, 13, 3, 13, 11, 13, 4, 13, 13, 13, 8, 13, 13, 13, 3, 13, 13, 13, 4, 13, 6, 13, 4, 13, 1, 13, 8, 13, 8, 13, 3, 13, 13, 13, 4, 13, 6, 13]",175.347473348917
6496018,D,148,"[1, 13, 13, 13, 8, 13, 13, 13, 6, 13, 13, 13, 8, 13, 6, 13, 4, 13, 1, 13, 1, 13, 13, 13, 13, 13, 13, 13, 0, 0, 0, 0, 0, 0, 0, 0, 1, 13, 1, 13, 6, 13, 13, 13, 4, 13, 3, 13, 4, 13, 13, 13, 3, 13, 4, 13, 1, 13, 1, 13, 1, 13, 13, 13]",160.79896476497538
6496018,D,52,"[1, 13, 13, 13, 13, 13, 11, 13, 1, 13, 13, 13, 13, 13, 13, 13, 8, 13, 13, 13, 4, 13, 13, 13, 3, 13, 1, 13, 11, 13, 13, 13, 8, 13, 13, 13, 1, 13, 11, 13, 8, 13, 9, 13, 13, 13, 13, 13, 8, 13, 13, 13, 4, 13, 13, 13, 3, 13, 1, 13, 11, 13, 1, 13]",163.5570763067832
6496018,D,144,"[4, 13, 13, 13, 1, 13, 13, 13, 13, 13, 13, 13, 1, 13, 13, 13, 1, 13, 13, 13, 8, 13, 13, 13, 6, 13, 13, 13, 8, 13, 6, 13, 4, 13, 1, 13, 1, 13, 13, 13, 13, 13, 13, 13, 0, 0, 0, 0, 0, 0, 0, 0, 1, 13, 1, 13, 6, 13, 13, 13, 4, 13, 3, 13]",160.0378576401476
6353092,D,8,"[1, 13, 13, 13, 1, 13, 13, 13, 3, 13, 13, 13, 5, 13, 13, 13, 5, 13, 13, 13, 13, 13, 3, 13, 3, 13, 13, 13, 13, 13, 13, 13, 5, 13, 13, 13, 5, 13, 13, 13, 6, 13, 13, 13, 8, 13, 13, 13, 8, 13, 13, 13, 6, 13, 13, 13, 5, 13, 13, 13, 3, 13, 13, 13]",190.98083012144605
6353092,D,0,"[5, 13, 13, 13, 5, 13, 13, 13, 6, 13, 13, 13, 8, 13, 13, 13, 8, 13, 13, 13, 6, 13, 13, 13, 5, 13, 13, 13, 3, 13, 13, 13, 1, 13, 13, 13, 1, 13, 13, 13, 3, 13, 13, 13, 5, 13, 13, 13, 5, 13, 13, 13, 13, 13, 3, 13, 3, 13, 13, 13, 13, 13, 13, 13]",162.14487991166436
6353092,D,44,"[1, 13, 13, 13, 3, 13, 13, 13, 8, 13, 13, 13, 5, 13, 13, 13, 5, 13, 13, 13, 5, 13, 13, 13, 6, 13, 13, 13, 8, 13, 13, 13, 8, 13, 13, 13, 6, 13, 13, 13, 5, 13, 13, 13, 3, 13, 13, 13, 1, 13, 13, 13, 1, 13, 13, 13, 3, 13, 13, 13, 5, 13, 13, 13]",159.3867683698565
6353092,D,28,"[3, 13, 13, 13, 13, 13, 1, 13, 1, 13, 13, 13, 13, 13, 13, 13, 3, 13, 13, 13, 3, 13, 13, 13, 5, 13, 13, 13, 1, 13, 13, 13, 3, 13, 13, 13, 5, 13, 6, 13, 5, 13, 13, 13, 1, 13, 13, 13, 3, 13, 13, 13, 5, 13, 6, 13, 5, 13, 13, 13, 3, 13, 13, 13]",178.7242098760706
6353092,D,20,"[8, 13, 13, 13, 6, 13, 13, 13, 5, 13, 13, 13, 3, 13, 13, 13, 1, 13, 13, 13, 1, 13, 13, 13, 3, 13, 13, 13, 5, 13, 13, 13, 3, 13, 13, 13, 13, 13, 1, 13, 1, 13, 13, 13, 13, 13, 13, 13, 3, 13, 13, 13, 3, 13, 13, 13, 5, 13, 13, 13, 1, 13, 13, 13]",154.06668367445187
6353092,D,40,"[3, 13, 13, 13, 5, 13, 6, 13, 5, 13, 13, 13, 3, 13, 13, 13, 1, 13, 13, 13, 3, 13, 13, 13, 8, 13, 13, 13, 5, 13, 13, 13, 5, 13, 13, 13, 5, 13, 13, 13, 6, 13, 13, 13, 8, 13, 13, 13, 8, 13, 13, 13, 6, 13, 13, 13, 5, 13, 13, 13, 3, 13, 13, 13]",173.31033946860182
6353092,D,8,"[1, 13, 13, 13, 1, 13, 13, 13, 3, 13, 13, 13, 5, 13, 13, 13, 5, 13, 13, 13, 13, 13, 3, 13, 3, 13, 13, 13, 13, 13, 13, 13, 5, 13, 13, 13, 5, 13, 13, 13, 6, 13, 13, 13, 8, 13, 13, 13, 8, 13, 13, 13, 6, 13, 13, 13, 5, 13, 13, 13, 3, 13, 13, 13]",188.9671426691469
6353092,D,28,"[3, 13, 13, 13, 13, 13, 1, 13, 1, 13, 13, 13, 13, 13, 13, 13, 3, 13, 13, 13, 3, 13, 13, 13, 5, 13, 13, 13, 1, 13, 13, 13, 3, 13, 13, 13, 5, 13, 6, 13, 5, 13, 13, 13, 1, 13, 13, 13, 3, 13, 13, 13, 5, 13, 6, 13, 5, 13, 13, 13, 3, 13, 13, 13]",192.31186580420177
7529573,D,208,"[5, 13, 13, 13, 3, 13, 13, 13, 13, 13, 5, 13, 5, 3, 0, 3, 3, 13, 13, 13, 13, 13, 13, 13, 13, 13, 13, 13, 13, 13, 13, 13, 11, 13, 13, 13, 11, 4, 0, 6, 9, 8, 0, 6, 6, 13, 13, 4, 11, 13, 13, 13, 13, 13, 6, 13, 6, 13, 13, 13, 13, 13, 13, 13]",148.64289362436094
7529573,D,48,"[0, 0, 8, 13, 1, 3, 0, 6, 6, 5, 0, 3, 3, 13, 1, 13, 8, 13, 13, 13, 13, 13, 13, 13, 3, 13, 13, 13, 13, 13, 13, 13, 0, 0, 0, 0, 5, 6, 0, 5, 6, 13, 5, 3, 3, 13, 1, 13, 6, 13, 13, 13, 13, 13, 13, 13, 13, 13, 13, 13, 13, 13, 13, 13]",134.52679128017638
7529573,D,92,"[9, 13, 8, 13, 13, 13, 13, 13, 0, 0, 8, 13, 11, 13, 9, 13, 9, 13, 8, 13, 0, 0, 8, 13, 9, 13, 8, 13, 11, 9, 13, 13, 8, 13, 13, 13, 13, 13, 13, 13, 0, 0, 8, 13, 11, 13, 10, 13, 9, 13, 9, 13, 13, 13, 8, 13, 9, 13, 8, 13, 11, 9, 13, 13]",156.87619700075635
7529573,D,32,"[6, 13, 8, 13, 11, 13, 13, 13, 9, 13, 13, 8, 13, 6, 13, 13, 6, 13, 5, 13, 13, 13, 13, 13, 0, 0, 5, 13, 6, 13, 5, 13, 5, 13, 13, 3, 3, 13, 13, 13, 0, 0, 5, 13, 5, 13, 13, 3, 3, 13, 13, 13, 13, 13, 13, 13, 13, 13, 13, 13, 13, 13, 13, 13]",123.39650136526289
7529573,D,48,"[0, 0, 8, 13, 1, 3, 0, 6, 6, 5, 0, 3, 3, 13, 1, 13, 8, 13, 13, 13, 13, 13, 13, 13, 3, 13, 13, 13, 13, 13, 13, 13, 0, 0, 0, 0, 5, 6, 0, 5, 6, 13, 5, 3, 3, 13, 1, 13, 6, 13, 13, 13, 13, 13, 13, 13, 13, 13, 13, 13, 13, 13, 13, 13]",161.12631297150676
7529573,D,84,"[0, 0, 0, 0, 0, 0, 0, 0, 0, 0, 0, 0, 8, 11, 0, 10, 9, 13, 8, 13, 13, 13, 8, 13, 9, 13, 8, 13, 11, 9, 13, 13, 9, 13, 8, 13, 13, 13, 13, 13, 0, 0, 8, 13, 11, 13, 9, 13, 9, 13, 8, 13, 0, 0, 8, 13, 9, 13, 8, 13, 11, 9, 13, 13]",133.1136930993646
7529573,D,224,"[0, 0, 8, 13, 9, 13, 8, 13, 9, 13, 13, 8, 13, 6, 0, 4, 9, 13, 13, 13, 13, 13, 13, 13, 13, 13, 13, 13, 13, 13, 13, 13, 0, 0, 4, 13, 9, 13, 11, 13, 2, 13, 13, 13, 13, 13, 12, 13, 12, 11, 0, 9, 9, 13, 8, 13, 8, 13, 13, 8, 9, 13, 13, 8]",145.65617940939694
7529573,D,184,"[0, 0, 8, 13, 1, 13, 3, 13, 6, 13, 5, 13, 3, 13, 1, 13, 8, 13, 13, 13, 13, 13, 13, 13, 3, 13, 13, 13, 13, 13, 13, 13, 0, 0, 0, 0, 0, 5, 13, 13, 6, 13, 5, 13, 6, 13, 5, 13, 3, 1, 0, 6, 6, 13, 13, 13, 13, 13, 13, 13, 13, 13, 13, 13]",148.56263469769073
7529573,D,132,"[1, 13, 13, 13, 13, 13, 13, 13, 0, 0, 1, 13, 1, 13, 13, 13, 1, 1, 0, 11, 11, 9, 0, 9, 9, 13, 13, 13, 8, 8, 0, 6, 11, 13, 13, 13, 9, 9, 0, 8, 8, 13, 13, 13, 6, 6, 0, 4, 9, 13, 13, 13, 8, 8, 0, 6, 6, 13, 13, 13, 4, 4, 0, 3]",123.41994779327892
7529573,D,188,"[8, 13, 13, 13, 13, 13, 13, 13, 3, 13, 13, 13, 13, 13, 13, 13, 0, 0, 0, 0, 0, 5, 13, 13, 6, 13, 5, 13, 6, 13, 5, 13, 3, 1, 0, 6, 6, 13, 13, 13, 13, 13, 13, 13, 13, 13, 13, 13, 0, 0, 0, 1, 6, 13, 8, 13, 11, 13, 13, 13, 9, 8, 0, 6]",143.67901427766122
7529573,D,48,"[0, 0, 8, 13, 1, 3, 0, 6, 6, 5, 0, 3, 3, 13, 1, 13, 8, 13, 13, 13, 13, 13, 13, 13, 3, 13, 13, 13, 13, 13, 13, 13, 0, 0, 0, 0, 5, 6, 0, 5, 6, 13, 5, 3, 3, 13, 1, 13, 6, 13, 13, 13, 13, 13, 13, 13, 13, 13, 13, 13, 13, 13, 13, 13]",143.89409016542356
7529573,D,48,"[0, 0, 8, 13, 1, 3, 0, 6, 6, 5, 0, 3, 3, 13, 1, 13, 8, 13, 13, 13, 13, 13, 13, 13, 3, 13, 13, 13, 13, 13, 13, 13, 0, 0, 0, 0, 5, 6, 0, 5, 6, 13, 5, 3, 3, 13, 1, 13, 6, 13, 13, 13, 13, 13, 13, 13, 13, 13, 13, 13, 13, 13, 13, 13]",140.74054559726864
7529573,D,24,"[0, 0, 0, 0, 5, 13, 6, 13, 5, 13, 6, 13, 5, 3, 0, 1, 6, 13, 13, 13, 13, 13, 13, 13, 13, 13, 13, 13, 13, 13, 1, 13, 6, 13, 8, 13, 11, 13, 13, 13, 9, 13, 13, 8, 13, 6, 13, 13, 6, 13, 5, 13, 13, 13, 13, 13, 0, 0, 5, 13, 6, 13, 5, 13]",165.13565216224652
7529573,D,16,"[0, 0, 0, 0, 8, 1, 0, 3, 6, 13, 5, 13, 3, 13, 1, 13, 8, 13, 13, 13, 13, 13, 13, 13, 3, 13, 13, 13, 13, 13, 13, 13, 0, 0, 0, 0, 5, 13, 6, 13, 5, 13, 6, 13, 5, 3, 0, 1, 6, 13, 13, 13, 13, 13, 13, 13, 13, 13, 13, 13, 13, 13, 1, 13]",157.97096483196594
7529573,D,132,"[1, 13, 13, 13, 13, 13, 13, 13, 0, 0, 1, 13, 1, 13, 13, 13, 1, 1, 0, 11, 11, 9, 0, 9, 9, 13, 13, 13, 8, 8, 0, 6, 11, 13, 13, 13, 9, 9, 0, 8, 8, 13, 13, 13, 6, 6, 0, 4, 9, 13, 13, 13, 8, 8, 0, 6, 6, 13, 13, 13, 4, 4, 0, 3]",122.56009513507597
7529573,D,240,"[8, 13, 13, 13, 6, 13, 6, 13, 6, 13, 13, 13, 8, 8, 0, 6, 6, 13, 13, 13, 13, 13, 13, 13, 13, 13, 13, 13, 13, 13, 13, 13, 8, 13, 13, 13, 13, 13, 6, 13, 6, 13, 13, 13, 13, 13, 13, 13, 0, 0, 8, 13, 8, 13, 6, 13, 4, 13, 13, 13, 13, 13, 13, 13]",125.9332245194579
7529573,D,232,"[0, 0, 4, 13, 9, 13, 11, 13, 2, 13, 13, 13, 13, 13, 12, 13, 12, 11, 0, 9, 9, 13, 8, 13, 8, 13, 13, 8, 9, 13, 13, 8, 8, 13, 13, 13, 6, 13, 6, 13, 6, 13, 13, 13, 8, 8, 0, 6, 6, 13, 13, 13, 13, 13, 13, 13, 13, 13, 13, 13, 13, 13, 13, 13]",149.02029093684962
7529573,D,44,"[3, 13, 13, 13, 13, 13, 13, 13, 13, 13, 13, 13, 13, 13, 13, 13, 0, 0, 8, 13, 1, 3, 0, 6, 6, 5, 0, 3, 3, 13, 1, 13, 8, 13, 13, 13, 13, 13, 13, 13, 3, 13, 13, 13, 13, 13, 13, 13, 0, 0, 0, 0, 5, 6, 0, 5, 6, 13, 5, 3, 3, 13, 1, 13]",135.91779571151153
7529573,D,124,"[9, 13, 8, 13, 13, 13, 13, 13, 0, 0, 8, 13, 11, 13, 10, 13, 9, 13, 8, 13, 13, 13, 8, 13, 9, 13, 8, 13, 7, 8, 13, 13, 1, 13, 13, 13, 13, 13, 13, 13, 0, 0, 1, 13, 1, 13, 13, 13, 1, 1, 0, 11, 11, 9, 0, 9, 9, 13, 13, 13, 8, 8, 0, 6]",150.62096054178954
7529573,D,40,"[5, 13, 13, 3, 3, 13, 13, 13, 0, 0, 5, 13, 5, 13, 13, 3, 3, 13, 13, 13, 13, 13, 13, 13, 13, 13, 13, 13, 13, 13, 13, 13, 0, 0, 8, 13, 1, 3, 0, 6, 6, 5, 0, 3, 3, 13, 1, 13, 8, 13, 13, 13, 13, 13, 13, 13, 3, 13, 13, 13, 13, 13, 13, 13]",165.6442592930556
7529573,D,116,"[8, 13, 13, 13, 13, 13, 13, 13, 0, 0, 8, 13, 11, 13, 9, 13, 9, 13, 13, 13, 0, 0, 8, 13, 9, 13, 8, 13, 11, 13, 9, 13, 9, 13, 8, 13, 13, 13, 13, 13, 0, 0, 8, 13, 11, 13, 10, 13, 9, 13, 8, 13, 13, 13, 8, 13, 9, 13, 8, 13, 7, 8, 13, 13]",142.786697334513
7529573,D,116,"[8, 13, 13, 13, 13, 13, 13, 13, 0, 0, 8, 13, 11, 13, 9, 13, 9, 13, 13, 13, 0, 0, 8, 13, 9, 13, 8, 13, 11, 13, 9, 13, 9, 13, 8, 13, 13, 13, 13, 13, 0, 0, 8, 13, 11, 13, 10, 13, 9, 13, 8, 13, 13, 13, 8, 13, 9, 13, 8, 13, 7, 8, 13, 13]",148.0044293537708
7529573,D,196,"[3, 1, 0, 6, 6, 13, 13, 13, 13, 13, 13, 13, 13, 13, 13, 13, 0, 0, 0, 1, 6, 13, 8, 13, 11, 13, 13, 13, 9, 8, 0, 6, 6, 13, 13, 13, 5, 13, 13, 13, 13, 13, 13, 13, 5, 6, 0, 5, 5, 13, 13, 13, 3, 13, 13, 13, 13, 13, 5, 13, 5, 3, 0, 3]",143.99644284157046
7529573,D,56,"[0, 0, 0, 0, 5, 6, 0, 5, 6, 13, 5, 3, 3, 13, 1, 13, 6, 13, 13, 13, 13, 13, 13, 13, 13, 13, 13, 13, 13, 13, 13, 13, 0, 0, 1, 13, 6, 13, 8, 13, 11, 13, 9, 8, 8, 13, 6, 13, 6, 13, 5, 13, 13, 13, 13, 13, 0, 0, 8, 13, 6, 5, 13, 13]",166.92434408416108
7077673,E,840,"[8, 13, 13, 13, 13, 13, 13, 13, 0, 0, 0, 0, 0, 0, 0, 0, 8, 13, 13, 13, 13, 13, 13, 13, 0, 0, 0, 0, 0, 0, 0, 0, 8, 13, 13, 13, 13, 13, 13, 13, 0, 0, 0, 0, 0, 0, 0, 0, 8, 13, 13, 13, 13, 13, 13, 13, 0, 0, 0, 0, 0, 0, 0, 0]",147.7604963238349
7077673,E,800,"[8, 13, 13, 13, 10, 13, 13, 13, 0, 0, 0, 0, 0, 0, 0, 0, 8, 13, 0, 0, 11, 13, 13, 13, 0, 0, 0, 0, 0, 0, 0, 0, 10, 13, 13, 13, 9, 13, 13, 13, 0, 0, 0, 0, 0, 0, 0, 0, 8, 13, 0, 0, 0, 0, 0, 0, 0, 0, 0, 0, 0, 0, 0, 0]",162.178696875149
7077673,E,856,"[8, 13, 13, 13, 13, 13, 13, 13, 0, 0, 0, 0, 0, 0, 0, 0, 8, 13, 13, 13, 13, 13, 13, 13, 0, 0, 0, 0, 0, 0, 0, 0, 8, 13, 13, 13, 13, 13, 13, 13, 0, 0, 0, 0, 0, 0, 0, 0, 8, 13, 0, 0, 0, 0, 0, 0, 0, 0, 0, 0, 0, 0, 0, 0]",155.5690586388631
7077673,E,848,"[8, 13, 13, 13, 13, 13, 13, 13, 0, 0, 0, 0, 0, 0, 0, 0, 8, 13, 13, 13, 13, 13, 13, 13, 0, 0, 0, 0, 0, 0, 0, 0, 8, 13, 13, 13, 13, 13, 13, 13, 0, 0, 0, 0, 0, 0, 0, 0, 8, 13, 13, 13, 13, 13, 13, 13, 0, 0, 0, 0, 0, 0, 0, 0]",129.41096104421896
7077673,E,800,"[8, 13, 13, 13, 10, 13, 13, 13, 0, 0, 0, 0, 0, 0, 0, 0, 8, 13, 0, 0, 11, 13, 13, 13, 0, 0, 0, 0, 0, 0, 0, 0, 10, 13, 13, 13, 9, 13, 13, 13, 0, 0, 0, 0, 0, 0, 0, 0, 8, 13, 0, 0, 0, 0, 0, 0, 0, 0, 0, 0, 0, 0, 0, 0]",170.37096900251635
13631323,C,8,"[3, 13, 5, 13, 6, 13, 8, 13, 10, 13, 13, 13, 3, 13, 13, 13, 12, 13, 13, 13, 13, 13, 13, 13, 13, 13, 13, 13, 13, 13, 13, 13, 1, 13, 13, 13, 13, 13, 13, 13, 5, 13, 1, 12, 10, 8, 6, 5, 3, 13, 13, 13, 13, 13, 13, 13, 6, 13, 3, 1, 12, 10, 8, 6]",0.4226917783067847
13631323,C,12,"[12, 13, 13, 13, 13, 13, 13, 13, 13, 13, 13, 13, 13, 13, 13, 13, 1, 13, 13, 13, 13, 13, 13, 13, 5, 13, 1, 12, 10, 8, 6, 5, 3, 13, 13, 13, 13, 13, 13, 13, 6, 13, 3, 1, 12, 10, 8, 6, 3, 13, 5, 13, 6, 13, 8, 13, 10, 13, 13, 13, 3, 13, 13, 13]",-23.262258553493496
13631323,C,16,"[1, 13, 13, 13, 13, 13, 13, 13, 5, 13, 1, 12, 10, 8, 6, 5, 3, 13, 13, 13, 13, 13, 13, 13, 6, 13, 3, 1, 12, 10, 8, 6, 3, 13, 5, 13, 6, 13, 8, 13, 10, 13, 13, 13, 3, 13, 13, 13, 8, 13, 13, 13, 13, 13, 13, 13, 13, 13, 13, 13, 13, 13, 13, 13]",-12.013383819960524
13631323,C,8,"[3, 13, 5, 13, 6, 13, 8, 13, 10, 13, 13, 13, 3, 13, 13, 13, 12, 13, 13, 13, 13, 13, 13, 13, 13, 13, 13, 13, 13, 13, 13, 13, 1, 13, 13, 13, 13, 13, 13, 13, 5, 13, 1, 12, 10, 8, 6, 5, 3, 13, 13, 13, 13, 13, 13, 13, 6, 13, 3, 1, 12, 10, 8, 6]",-2.009875128355489
7091145,D,220,"[1, 13, 13, 13, 3, 13, 5, 13, 13, 13, 8, 13, 13, 13, 5, 13, 5, 13, 13, 13, 13, 13, 13, 13, 13, 13, 13, 13, 0, 0, 0, 0, 10, 13, 13, 13, 13, 13, 6, 13, 3, 13, 13, 13, 12, 13, 13, 13, 8, 13, 13, 13, 13, 13, 13, 13, 6, 13, 3, 13, 5, 13, 3, 13]",-12.411071310539967
7091145,D,252,"[1, 13, 13, 13, 13, 13, 13, 13, 13, 13, 13, 13, 0, 0, 0, 0, 6, 13, 13, 13, 1, 13, 13, 13, 12, 13, 13, 13, 8, 13, 13, 13, 1, 13, 13, 13, 13, 13, 5, 13, 13, 13, 13, 13, 8, 13, 13, 13, 8, 13, 13, 13, 13, 13, 12, 13, 13, 13, 13, 13, 3, 13, 13, 13]",24.161298358836035
7091145,D,248,"[8, 13, 13, 13, 13, 13, 12, 13, 13, 13, 13, 13, 3, 13, 13, 13, 1, 13, 13, 13, 13, 13, 13, 13, 13, 13, 13, 13, 0, 0, 0, 0, 6, 13, 13, 13, 1, 13, 13, 13, 12, 13, 13, 13, 8, 13, 13, 13, 1, 13, 13, 13, 13, 13, 5, 13, 13, 13, 13, 13, 8, 13, 13, 13]",14.564495014739691
7091145,D,272,"[1, 13, 13, 13, 5, 13, 8, 13, 8, 13, 13, 13, 13, 13, 13, 13, 6, 13, 13, 13, 10, 13, 1, 13, 1, 13, 13, 13, 13, 13, 13, 13, 12, 13, 13, 13, 13, 13, 10, 13, 13, 13, 13, 13, 8, 13, 13, 13, 5, 13, 13, 13, 13, 13, 1, 13, 1, 13, 13, 13, 13, 13, 13, 13]",24.321365319330027
7091145,D,212,"[6, 13, 13, 13, 3, 13, 13, 13, 12, 13, 13, 13, 3, 13, 8, 13, 8, 13, 13, 13, 13, 13, 13, 13, 13, 13, 13, 13, 0, 0, 0, 0, 1, 13, 13, 13, 3, 13, 5, 13, 13, 13, 8, 13, 13, 13, 5, 13, 5, 13, 13, 13, 13, 13, 13, 13, 13, 13, 13, 13, 0, 0, 0, 0]",22.490289469848022
7091145,D,44,"[11, 13, 13, 13, 13, 13, 1, 13, 3, 13, 11, 13, 3, 13, 6, 13, 6, 13, 13, 13, 13, 13, 13, 13, 13, 13, 13, 13, 13, 13, 13, 13, 1, 13, 13, 13, 13, 13, 4, 13, 13, 13, 13, 13, 8, 13, 13, 13, 6, 13, 13, 13, 13, 13, 10, 13, 13, 13, 13, 13, 1, 13, 13, 13]",20.411673447658387
7091145,D,228,"[10, 13, 13, 13, 13, 13, 6, 13, 3, 13, 13, 13, 12, 13, 13, 13, 8, 13, 13, 13, 13, 13, 13, 13, 6, 13, 3, 13, 5, 13, 3, 13, 1, 13, 13, 13, 13, 13, 13, 13, 13, 13, 13, 13, 0, 0, 0, 0, 5, 13, 13, 13, 2, 13, 13, 13, 5, 13, 13, 13, 8, 13, 13, 13]",23.777588546496915
7091145,D,144,"[4, 13, 13, 13, 13, 13, 13, 13, 13, 13, 13, 13, 0, 0, 0, 0, 5, 13, 13, 13, 2, 13, 13, 13, 11, 13, 13, 13, 2, 13, 7, 13, 7, 13, 13, 13, 13, 13, 13, 13, 13, 13, 13, 13, 0, 0, 0, 0, 12, 13, 13, 13, 4, 13, 7, 13, 13, 13, 12, 13, 13, 13, 4, 13]",-10.423535643335654
7091145,D,140,"[12, 13, 13, 13, 4, 13, 7, 13, 13, 13, 12, 13, 2, 13, 4, 13, 4, 13, 13, 13, 13, 13, 13, 13, 13, 13, 13, 13, 0, 0, 0, 0, 5, 13, 13, 13, 2, 13, 13, 13, 11, 13, 13, 13, 2, 13, 7, 13, 7, 13, 13, 13, 13, 13, 13, 13, 13, 13, 13, 13, 0, 0, 0, 0]",3.0748435011960566
7091145,D,72,"[10, 13, 13, 13, 13, 13, 13, 13, 13, 13, 13, 13, 0, 0, 0, 0, 3, 13, 13, 13, 11, 13, 13, 13, 3, 13, 13, 13, 4, 13, 6, 13, 6, 13, 13, 13, 13, 13, 13, 13, 13, 13, 13, 13, 0, 0, 0, 0, 4, 13, 13, 13, 1, 13, 13, 13, 10, 13, 13, 13, 1, 13, 6, 13]",0.281562317364191
7091145,D,264,"[8, 13, 13, 13, 13, 13, 12, 13, 13, 13, 13, 13, 3, 13, 13, 13, 1, 13, 13, 13, 8, 13, 1, 13, 1, 13, 13, 13, 13, 13, 13, 13, 1, 13, 13, 13, 5, 13, 8, 13, 8, 13, 13, 13, 13, 13, 13, 13, 6, 13, 13, 13, 10, 13, 1, 13, 1, 13, 13, 13, 13, 13, 13, 13]",23.71175819091347
7091145,D,148,"[5, 13, 13, 13, 2, 13, 13, 13, 11, 13, 13, 13, 2, 13, 7, 13, 7, 13, 13, 13, 13, 13, 13, 13, 13, 13, 13, 13, 0, 0, 0, 0, 12, 13, 13, 13, 4, 13, 7, 13, 13, 13, 12, 13, 13, 13, 4, 13, 4, 13, 13, 13, 13, 13, 13, 13, 13, 13, 13, 13, 0, 0, 0, 0]",6.1129595006567286
7091145,D,32,"[3, 13, 13, 13, 13, 13, 13, 13, 13, 13, 13, 13, 0, 0, 0, 0, 8, 13, 13, 13, 13, 13, 4, 13, 1, 13, 8, 13, 13, 13, 13, 13, 6, 13, 13, 13, 13, 13, 13, 13, 4, 13, 1, 13, 3, 13, 1, 13, 11, 13, 13, 13, 13, 13, 1, 13, 3, 13, 11, 13, 3, 13, 6, 13]",7.450307683262892
7091145,D,232,"[8, 13, 13, 13, 13, 13, 13, 13, 6, 13, 3, 13, 5, 13, 3, 13, 1, 13, 13, 13, 13, 13, 13, 13, 13, 13, 13, 13, 0, 0, 0, 0, 5, 13, 13, 13, 2, 13, 13, 13, 5, 13, 13, 13, 8, 13, 13, 13, 3, 13, 13, 13, 13, 13, 6, 13, 13, 13, 13, 13, 10, 13, 13, 13]",3.808446162389643
7091145,D,212,"[6, 13, 13, 13, 3, 13, 13, 13, 12, 13, 13, 13, 3, 13, 8, 13, 8, 13, 13, 13, 13, 13, 13, 13, 13, 13, 13, 13, 0, 0, 0, 0, 1, 13, 13, 13, 3, 13, 5, 13, 13, 13, 8, 13, 13, 13, 5, 13, 5, 13, 13, 13, 13, 13, 13, 13, 13, 13, 13, 13, 0, 0, 0, 0]",2.1888390578983064
7091145,D,44,"[11, 13, 13, 13, 13, 13, 1, 13, 3, 13, 11, 13, 3, 13, 6, 13, 6, 13, 13, 13, 13, 13, 13, 13, 13, 13, 13, 13, 13, 13, 13, 13, 1, 13, 13, 13, 13, 13, 4, 13, 13, 13, 13, 13, 8, 13, 13, 13, 6, 13, 13, 13, 13, 13, 10, 13, 13, 13, 13, 13, 1, 13, 13, 13]",20.96401718457429
7091145,D,164,"[5, 13, 13, 13, 13, 13, 2, 13, 11, 13, 13, 13, 5, 13, 13, 13, 4, 13, 13, 13, 13, 13, 13, 13, 2, 13, 4, 13, 2, 13, 13, 13, 12, 13, 13, 13, 13, 13, 7, 13, 12, 13, 13, 13, 4, 13, 13, 13, 4, 13, 13, 13, 13, 13, 13, 13, 13, 13, 13, 13, 0, 0, 0, 0]",-8.130294626230125
7091145,D,200,"[8, 13, 13, 13, 13, 13, 13, 13, 13, 13, 13, 13, 0, 0, 0, 0, 5, 13, 13, 13, 1, 13, 13, 13, 5, 13, 13, 13, 6, 13, 8, 13, 8, 13, 13, 13, 13, 13, 13, 13, 13, 13, 13, 13, 0, 0, 0, 0, 6, 13, 13, 13, 3, 13, 13, 13, 12, 13, 13, 13, 3, 13, 8, 13]",16.044776229674312
7091145,D,36,"[8, 13, 13, 13, 13, 13, 4, 13, 1, 13, 8, 13, 13, 13, 13, 13, 6, 13, 13, 13, 13, 13, 13, 13, 4, 13, 1, 13, 3, 13, 1, 13, 11, 13, 13, 13, 13, 13, 1, 13, 3, 13, 11, 13, 3, 13, 6, 13, 6, 13, 13, 13, 13, 13, 13, 13, 13, 13, 13, 13, 13, 13, 13, 13]",8.824178186432476
7091145,D,4,"[8, 13, 13, 13, 6, 13, 13, 13, 4, 13, 13, 13, 1, 13, 10, 13, 10, 13, 13, 13, 13, 13, 13, 13, 13, 13, 13, 13, 0, 0, 0, 0, 3, 13, 13, 13, 11, 13, 3, 13, 13, 13, 13, 13, 4, 13, 6, 13, 6, 13, 13, 13, 13, 13, 13, 13, 13, 13, 13, 13, 0, 0, 0, 0]",3.71420955747908
7091145,D,220,"[1, 13, 13, 13, 3, 13, 5, 13, 13, 13, 8, 13, 13, 13, 5, 13, 5, 13, 13, 13, 13, 13, 13, 13, 13, 13, 13, 13, 0, 0, 0, 0, 10, 13, 13, 13, 13, 13, 6, 13, 3, 13, 13, 13, 12, 13, 13, 13, 8, 13, 13, 13, 13, 13, 13, 13, 6, 13, 3, 13, 5, 13, 3, 13]",-7.131566971316886
7091145,D,44,"[11, 13, 13, 13, 13, 13, 1, 13, 3, 13, 11, 13, 3, 13, 6, 13, 6, 13, 13, 13, 13, 13, 13, 13, 13, 13, 13, 13, 13, 13, 13, 13, 1, 13, 13, 13, 13, 13, 4, 13, 13, 13, 13, 13, 8, 13, 13, 13, 6, 13, 13, 13, 13, 13, 10, 13, 13, 13, 13, 13, 1, 13, 13, 13]",12.036338824627478
7091145,D,40,"[6, 13, 13, 13, 13, 13, 13, 13, 4, 13, 1, 13, 3, 13, 1, 13, 11, 13, 13, 13, 13, 13, 1, 13, 3, 13, 11, 13, 3, 13, 6, 13, 6, 13, 13, 13, 13, 13, 13, 13, 13, 13, 13, 13, 13, 13, 13, 13, 1, 13, 13, 13, 13, 13, 4, 13, 13, 13, 13, 13, 8, 13, 13, 13]",12.955258445716964
7091145,D,32,"[3, 13, 13, 13, 13, 13, 13, 13, 13, 13, 13, 13, 0, 0, 0, 0, 8, 13, 13, 13, 13, 13, 4, 13, 1, 13, 8, 13, 13, 13, 13, 13, 6, 13, 13, 13, 13, 13, 13, 13, 4, 13, 1, 13, 3, 13, 1, 13, 11, 13, 13, 13, 13, 13, 1, 13, 3, 13, 11, 13, 3, 13, 6, 13]",-4.03483490181614
7091145,D,144,"[4, 13, 13, 13, 13, 13, 13, 13, 13, 13, 13, 13, 0, 0, 0, 0, 5, 13, 13, 13, 2, 13, 13, 13, 11, 13, 13, 13, 2, 13, 7, 13, 7, 13, 13, 13, 13, 13, 13, 13, 13, 13, 13, 13, 0, 0, 0, 0, 12, 13, 13, 13, 4, 13, 7, 13, 13, 13, 12, 13, 13, 13, 4, 13]",31.385503544849556
7091145,D,244,"[3, 13, 13, 13, 13, 13, 6, 13, 13, 13, 13, 13, 10, 13, 13, 13, 8, 13, 13, 13, 13, 13, 12, 13, 13, 13, 13, 13, 3, 13, 13, 13, 1, 13, 13, 13, 13, 13, 13, 13, 13, 13, 13, 13, 0, 0, 0, 0, 6, 13, 13, 13, 1, 13, 13, 13, 12, 13, 13, 13, 8, 13, 13, 13]",6.736995200160067
7091145,D,212,"[6, 13, 13, 13, 3, 13, 13, 13, 12, 13, 13, 13, 3, 13, 8, 13, 8, 13, 13, 13, 13, 13, 13, 13, 13, 13, 13, 13, 0, 0, 0, 0, 1, 13, 13, 13, 3, 13, 5, 13, 13, 13, 8, 13, 13, 13, 5, 13, 5, 13, 13, 13, 13, 13, 13, 13, 13, 13, 13, 13, 0, 0, 0, 0]",21.723320738016227
7091145,D,12,"[3, 13, 13, 13, 11, 13, 3, 13, 13, 13, 13, 13, 4, 13, 6, 13, 6, 13, 13, 13, 13, 13, 13, 13, 13, 13, 13, 13, 0, 0, 0, 0, 4, 13, 13, 13, 1, 13, 13, 13, 10, 13, 13, 13, 1, 13, 6, 13, 6, 13, 13, 13, 13, 13, 13, 13, 13, 13, 13, 13, 0, 0, 0, 0]",-0.35915641745825155
7091145,D,228,"[10, 13, 13, 13, 13, 13, 6, 13, 3, 13, 13, 13, 12, 13, 13, 13, 8, 13, 13, 13, 13, 13, 13, 13, 6, 13, 3, 13, 5, 13, 3, 13, 1, 13, 13, 13, 13, 13, 13, 13, 13, 13, 13, 13, 0, 0, 0, 0, 5, 13, 13, 13, 2, 13, 13, 13, 5, 13, 13, 13, 8, 13, 13, 13]",7.343446078651411
24466366,E,140,"[3, 13, 10, 13, 13, 13, 8, 13, 13, 13, 13, 13, 13, 13, 0, 0, 0, 0, 0, 0, 0, 0, 0, 0, 8, 13, 11, 13, 1, 13, 3, 13, 3, 13, 11, 13, 13, 13, 8, 13, 13, 13, 6, 13, 13, 13, 13, 13, 0, 0, 0, 0, 8, 13, 6, 13, 13, 13, 13, 13, 4, 13, 3, 13]",30.746137488566504
24466366,E,364,"[0, 0, 0, 0, 0, 0, 0, 0, 8, 13, 11, 13, 1, 13, 3, 13, 3, 13, 11, 13, 13, 13, 8, 13, 13, 13, 6, 13, 13, 13, 13, 13, 0, 0, 0, 0, 8, 13, 6, 13, 13, 13, 13, 13, 4, 13, 3, 13, 3, 13, 10, 13, 13, 13, 8, 13, 13, 13, 13, 13, 13, 13, 0, 0]",4.840539887941077
24466366,E,100,"[3, 13, 13, 13, 13, 13, 8, 13, 13, 13, 6, 13, 8, 13, 13, 13, 1, 13, 13, 13, 13, 13, 4, 13, 6, 13, 13, 13, 4, 13, 13, 13, 3, 13, 13, 13, 13, 13, 8, 13, 13, 13, 6, 13, 8, 13, 13, 13, 1, 13, 13, 13, 13, 13, 4, 13, 6, 13, 13, 13, 4, 13, 13, 13]",6.41280324355391
24466366,E,24,"[1, 13, 13, 13, 13, 13, 4, 13, 6, 13, 13, 13, 4, 13, 13, 13, 3, 13, 13, 13, 13, 13, 8, 13, 13, 13, 6, 13, 8, 13, 13, 13, 0, 0, 0, 0, 0, 0, 0, 0, 8, 13, 11, 13, 1, 13, 3, 13, 3, 13, 11, 13, 13, 13, 8, 13, 13, 13, 6, 13, 13, 13, 13, 13]",35.76277129830227
24466366,E,316,"[0, 0, 0, 0, 0, 0, 0, 0, 8, 13, 11, 13, 1, 13, 3, 13, 3, 13, 11, 13, 13, 13, 8, 13, 13, 13, 6, 13, 13, 13, 13, 13, 0, 0, 0, 0, 8, 13, 6, 13, 13, 13, 13, 13, 4, 13, 3, 13, 3, 13, 10, 13, 13, 13, 8, 13, 13, 13, 13, 13, 13, 13, 0, 0]",27.471753637559743
24466366,E,80,"[1, 13, 13, 13, 13, 13, 4, 13, 6, 13, 13, 13, 4, 13, 13, 13, 3, 13, 13, 13, 13, 13, 8, 13, 13, 13, 6, 13, 8, 13, 13, 13, 1, 13, 13, 13, 13, 13, 4, 13, 6, 13, 13, 13, 4, 13, 13, 13, 3, 13, 13, 13, 13, 13, 8, 13, 13, 13, 6, 13, 8, 13, 13, 13]",37.36885161739977
24466366,E,12,"[3, 13, 13, 13, 13, 13, 8, 13, 13, 13, 6, 13, 8, 13, 13, 13, 1, 13, 13, 13, 13, 13, 4, 13, 6, 13, 13, 13, 4, 13, 13, 13, 3, 13, 13, 13, 13, 13, 8, 13, 13, 13, 6, 13, 8, 13, 13, 13, 1, 13, 13, 13, 13, 13, 4, 13, 6, 13, 13, 13, 4, 13, 13, 13]",46.76771300189932
24466366,E,64,"[9, 13, 13, 13, 13, 13, 1, 13, 3, 13, 13, 13, 1, 13, 13, 13, 11, 13, 13, 13, 13, 13, 4, 13, 13, 13, 3, 13, 4, 13, 13, 13, 9, 13, 13, 13, 13, 13, 1, 13, 3, 13, 13, 13, 1, 13, 13, 13, 11, 13, 13, 13, 13, 13, 4, 13, 13, 13, 3, 13, 4, 13, 13, 13]",5.36898630399449
24466366,E,156,"[3, 13, 10, 13, 13, 13, 8, 13, 13, 13, 13, 13, 13, 13, 0, 0, 1, 13, 13, 13, 13, 13, 4, 13, 6, 13, 13, 13, 4, 13, 13, 13, 3, 13, 13, 13, 13, 13, 8, 13, 13, 13, 6, 13, 8, 13, 13, 13, 1, 13, 13, 13, 13, 13, 4, 13, 6, 13, 13, 13, 4, 13, 13, 13]",22.759021606339346
24466366,E,316,"[0, 0, 0, 0, 0, 0, 0, 0, 8, 13, 11, 13, 1, 13, 3, 13, 3, 13, 11, 13, 13, 13, 8, 13, 13, 13, 6, 13, 13, 13, 13, 13, 0, 0, 0, 0, 8, 13, 6, 13, 13, 13, 13, 13, 4, 13, 3, 13, 3, 13, 10, 13, 13, 13, 8, 13, 13, 13, 13, 13, 13, 13, 0, 0]",30.35025356937291
24466366,E,344,"[3, 13, 10, 13, 13, 13, 8, 13, 13, 13, 13, 13, 13, 13, 0, 0, 0, 0, 0, 0, 0, 0, 0, 0, 8, 13, 11, 13, 1, 13, 3, 13, 3, 13, 11, 13, 13, 13, 8, 13, 13, 13, 6, 13, 13, 13, 13, 13, 0, 0, 0, 0, 8, 13, 6, 13, 13, 13, 13, 13, 4, 13, 3, 13]",23.9899590771805
24466366,E,356,"[0, 0, 0, 0, 8, 13, 6, 13, 13, 13, 13, 13, 4, 13, 3, 13, 3, 13, 10, 13, 13, 13, 8, 13, 13, 13, 13, 13, 13, 13, 0, 0, 0, 0, 0, 0, 0, 0, 0, 0, 8, 13, 11, 13, 1, 13, 3, 13, 3, 13, 11, 13, 13, 13, 8, 13, 13, 13, 6, 13, 13, 13, 13, 13]",37.743543572809656
24466366,E,76,"[11, 13, 13, 13, 13, 13, 4, 13, 13, 13, 3, 13, 4, 13, 13, 13, 1, 13, 13, 13, 13, 13, 4, 13, 6, 13, 13, 13, 4, 13, 13, 13, 3, 13, 13, 13, 13, 13, 8, 13, 13, 13, 6, 13, 8, 13, 13, 13, 1, 13, 13, 13, 13, 13, 4, 13, 6, 13, 13, 13, 4, 13, 13, 13]",35.63111058713538
24466366,E,92,"[3, 13, 13, 13, 13, 13, 8, 13, 13, 13, 6, 13, 8, 13, 13, 13, 1, 13, 13, 13, 13, 13, 4, 13, 6, 13, 13, 13, 4, 13, 13, 13, 3, 13, 13, 13, 13, 13, 8, 13, 13, 13, 6, 13, 8, 13, 13, 13, 1, 13, 13, 13, 13, 13, 4, 13, 6, 13, 13, 13, 4, 13, 13, 13]",42.921597021578805
24466366,E,148,"[3, 13, 11, 13, 13, 13, 8, 13, 13, 13, 6, 13, 13, 13, 13, 13, 0, 0, 0, 0, 8, 13, 6, 13, 13, 13, 13, 13, 4, 13, 3, 13, 3, 13, 10, 13, 13, 13, 8, 13, 13, 13, 13, 13, 13, 13, 0, 0, 1, 13, 13, 13, 13, 13, 4, 13, 6, 13, 13, 13, 4, 13, 13, 13]",24.570709063423507
24466366,E,180,"[3, 13, 13, 13, 13, 13, 8, 13, 13, 13, 6, 13, 8, 13, 13, 13, 1, 13, 13, 13, 13, 13, 4, 13, 6, 13, 13, 13, 4, 13, 13, 13, 3, 13, 13, 13, 13, 13, 8, 13, 13, 13, 6, 13, 8, 13, 13, 13, 1, 13, 13, 13, 13, 13, 4, 13, 6, 13, 13, 13, 4, 13, 13, 13]",28.70720003686553
24466366,E,136,"[0, 0, 0, 0, 8, 13, 6, 13, 13, 13, 13, 13, 4, 13, 3, 13, 3, 13, 10, 13, 13, 13, 8, 13, 13, 13, 13, 13, 13, 13, 0, 0, 0, 0, 0, 0, 0, 0, 0, 0, 8, 13, 11, 13, 1, 13, 3, 13, 3, 13, 11, 13, 13, 13, 8, 13, 13, 13, 6, 13, 13, 13, 13, 13]",3.3323033165258096
24466366,E,204,"[3, 13, 13, 13, 13, 13, 8, 13, 13, 13, 6, 13, 8, 13, 13, 13, 1, 13, 13, 13, 13, 13, 4, 13, 6, 13, 13, 13, 4, 13, 13, 13, 3, 13, 13, 13, 13, 13, 8, 13, 13, 13, 6, 13, 8, 13, 13, 13, 1, 13, 13, 13, 13, 13, 4, 13, 6, 13, 13, 13, 4, 13, 13, 13]",32.13939638413396
24466366,E,240,"[0, 0, 0, 0, 0, 0, 0, 0, 8, 13, 11, 13, 1, 13, 3, 13, 3, 13, 11, 13, 13, 13, 8, 13, 13, 13, 6, 13, 13, 13, 13, 13, 0, 0, 0, 0, 8, 13, 6, 13, 13, 13, 13, 13, 4, 13, 3, 13, 3, 13, 10, 13, 13, 13, 8, 13, 13, 13, 13, 13, 13, 13, 0, 0]",6.0701246802428415
24466366,E,356,"[0, 0, 0, 0, 8, 13, 6, 13, 13, 13, 13, 13, 4, 13, 3, 13, 3, 13, 10, 13, 13, 13, 8, 13, 13, 13, 13, 13, 13, 13, 0, 0, 0, 0, 0, 0, 0, 0, 0, 0, 8, 13, 11, 13, 1, 13, 3, 13, 3, 13, 11, 13, 13, 13, 8, 13, 13, 13, 6, 13, 13, 13, 13, 13]",13.420579863265715
24466366,E,228,"[3, 13, 11, 13, 13, 13, 8, 13, 13, 13, 6, 13, 13, 13, 13, 13, 0, 0, 0, 0, 8, 13, 6, 13, 13, 13, 13, 13, 4, 13, 3, 13, 3, 13, 10, 13, 13, 13, 8, 13, 13, 13, 13, 13, 13, 13, 0, 0, 0, 0, 0, 0, 0, 0, 0, 0, 8, 13, 11, 13, 1, 13, 3, 13]",28.510610755808102
24466366,E,136,"[0, 0, 0, 0, 8, 13, 6, 13, 13, 13, 13, 13, 4, 13, 3, 13, 3, 13, 10, 13, 13, 13, 8, 13, 13, 13, 13, 13, 13, 13, 0, 0, 0, 0, 0, 0, 0, 0, 0, 0, 8, 13, 11, 13, 1, 13, 3, 13, 3, 13, 11, 13, 13, 13, 8, 13, 13, 13, 6, 13, 13, 13, 13, 13]",6.048030930766203
24466366,E,44,"[3, 13, 10, 13, 13, 13, 8, 13, 13, 13, 13, 13, 13, 13, 0, 0, 0, 0, 0, 0, 0, 0, 0, 0, 8, 13, 11, 13, 1, 13, 3, 13, 3, 13, 11, 13, 13, 13, 8, 13, 13, 13, 6, 13, 13, 13, 13, 13, 0, 0, 0, 0, 8, 13, 6, 13, 13, 13, 13, 13, 4, 13, 3, 13]",10.779700461537999
24466366,E,48,"[0, 0, 0, 0, 0, 0, 0, 0, 8, 13, 11, 13, 1, 13, 3, 13, 3, 13, 11, 13, 13, 13, 8, 13, 13, 13, 6, 13, 13, 13, 13, 13, 0, 0, 0, 0, 8, 13, 6, 13, 13, 13, 13, 13, 4, 13, 3, 13, 3, 13, 10, 13, 13, 13, 8, 13, 13, 13, 13, 13, 13, 13, 0, 0]",29.20318216797368
24466366,E,48,"[0, 0, 0, 0, 0, 0, 0, 0, 8, 13, 11, 13, 1, 13, 3, 13, 3, 13, 11, 13, 13, 13, 8, 13, 13, 13, 6, 13, 13, 13, 13, 13, 0, 0, 0, 0, 8, 13, 6, 13, 13, 13, 13, 13, 4, 13, 3, 13, 3, 13, 10, 13, 13, 13, 8, 13, 13, 13, 13, 13, 13, 13, 0, 0]",5.208919343500497
24466366,E,136,"[0, 0, 0, 0, 8, 13, 6, 13, 13, 13, 13, 13, 4, 13, 3, 13, 3, 13, 10, 13, 13, 13, 8, 13, 13, 13, 13, 13, 13, 13, 0, 0, 0, 0, 0, 0, 0, 0, 0, 0, 8, 13, 11, 13, 1, 13, 3, 13, 3, 13, 11, 13, 13, 13, 8, 13, 13, 13, 6, 13, 13, 13, 13, 13]",32.7291642273062
24466366,E,12,"[3, 13, 13, 13, 13, 13, 8, 13, 13, 13, 6, 13, 8, 13, 13, 13, 1, 13, 13, 13, 13, 13, 4, 13, 6, 13, 13, 13, 4, 13, 13, 13, 3, 13, 13, 13, 13, 13, 8, 13, 13, 13, 6, 13, 8, 13, 13, 13, 1, 13, 13, 13, 13, 13, 4, 13, 6, 13, 13, 13, 4, 13, 13, 13]",33.58270438565869
24466366,E,264,"[0, 0, 0, 0, 8, 13, 6, 13, 13, 13, 13, 13, 4, 13, 3, 13, 3, 13, 10, 13, 13, 13, 8, 13, 13, 13, 13, 13, 13, 13, 0, 0, 0, 0, 0, 0, 0, 0, 0, 0, 8, 13, 11, 13, 1, 13, 3, 13, 3, 13, 11, 13, 13, 13, 8, 13, 13, 13, 6, 13, 13, 13, 13, 13]",47.10047192258825
24466366,E,156,"[3, 13, 10, 13, 13, 13, 8, 13, 13, 13, 13, 13, 13, 13, 0, 0, 1, 13, 13, 13, 13, 13, 4, 13, 6, 13, 13, 13, 4, 13, 13, 13, 3, 13, 13, 13, 13, 13, 8, 13, 13, 13, 6, 13, 8, 13, 13, 13, 1, 13, 13, 13, 13, 13, 4, 13, 6, 13, 13, 13, 4, 13, 13, 13]",18.83895919919908
24466366,E,192,"[1, 13, 13, 13, 13, 13, 4, 13, 6, 13, 13, 13, 4, 13, 13, 13, 3, 13, 13, 13, 13, 13, 8, 13, 13, 13, 6, 13, 8, 13, 13, 13, 1, 13, 13, 13, 13, 13, 4, 13, 6, 13, 13, 13, 4, 13, 13, 13, 3, 13, 13, 13, 13, 13, 8, 13, 13, 13, 6, 13, 8, 13, 13, 13]",8.077048739845011
24466366,E,192,"[1, 13, 13, 13, 13, 13, 4, 13, 6, 13, 13, 13, 4, 13, 13, 13, 3, 13, 13, 13, 13, 13, 8, 13, 13, 13, 6, 13, 8, 13, 13, 13, 1, 13, 13, 13, 13, 13, 4, 13, 6, 13, 13, 13, 4, 13, 13, 13, 3, 13, 13, 13, 13, 13, 8, 13, 13, 13, 6, 13, 8, 13, 13, 13]",45.69594070585923
24466366,E,168,"[1, 13, 13, 13, 13, 13, 4, 13, 6, 13, 13, 13, 4, 13, 13, 13, 3, 13, 13, 13, 13, 13, 8, 13, 13, 13, 6, 13, 8, 13, 13, 13, 1, 13, 13, 13, 13, 13, 4, 13, 6, 13, 13, 13, 4, 13, 13, 13, 3, 13, 13, 13, 13, 13, 8, 13, 13, 13, 6, 13, 8, 13, 13, 13]",33.442927603255484
24466366,E,328,"[3, 13, 10, 13, 13, 13, 8, 13, 13, 13, 13, 13, 13, 13, 0, 0, 0, 0, 0, 0, 0, 0, 0, 0, 8, 13, 11, 13, 1, 13, 3, 13, 3, 13, 11, 13, 13, 13, 8, 13, 13, 13, 6, 13, 13, 13, 13, 13, 0, 0, 0, 0, 8, 13, 6, 13, 13, 13, 13, 13, 4, 13, 3, 13]",6.34697288797048
24466366,E,112,"[1, 13, 13, 13, 13, 13, 4, 13, 6, 13, 13, 13, 4, 13, 13, 13, 3, 13, 13, 13, 13, 13, 8, 13, 13, 13, 6, 13, 8, 13, 13, 13, 1, 13, 13, 13, 13, 13, 4, 13, 6, 13, 13, 13, 4, 13, 13, 13, 3, 13, 13, 13, 13, 13, 8, 13, 13, 13, 6, 13, 8, 13, 13, 13]",15.491530707065493
24466366,E,332,"[0, 0, 0, 0, 0, 0, 0, 0, 8, 13, 11, 13, 1, 13, 3, 13, 3, 13, 11, 13, 13, 13, 8, 13, 13, 13, 6, 13, 13, 13, 13, 13, 0, 0, 0, 0, 8, 13, 6, 13, 13, 13, 13, 13, 4, 13, 3, 13, 3, 13, 10, 13, 13, 13, 8, 13, 13, 13, 13, 13, 13, 13, 0, 0]",44.052887173351856
24466366,E,308,"[8, 13, 13, 13, 8, 13, 13, 13, 8, 13, 13, 13, 8, 13, 13, 13, 8, 13, 13, 13, 8, 13, 13, 13, 8, 13, 13, 13, 8, 13, 13, 13, 0, 0, 0, 0, 0, 0, 0, 0, 8, 13, 11, 13, 1, 13, 3, 13, 3, 13, 11, 13, 13, 13, 8, 13, 13, 13, 6, 13, 13, 13, 13, 13]",34.17833383583492
24466366,E,344,"[3, 13, 10, 13, 13, 13, 8, 13, 13, 13, 13, 13, 13, 13, 0, 0, 0, 0, 0, 0, 0, 0, 0, 0, 8, 13, 11, 13, 1, 13, 3, 13, 3, 13, 11, 13, 13, 13, 8, 13, 13, 13, 6, 13, 13, 13, 13, 13, 0, 0, 0, 0, 8, 13, 6, 13, 13, 13, 13, 13, 4, 13, 3, 13]",41.59912830290587
24466366,E,220,"[3, 13, 13, 13, 13, 13, 8, 13, 13, 13, 6, 13, 8, 13, 13, 13, 0, 0, 0, 0, 0, 0, 0, 0, 8, 13, 11, 13, 1, 13, 3, 13, 3, 13, 11, 13, 13, 13, 8, 13, 13, 13, 6, 13, 13, 13, 13, 13, 0, 0, 0, 0, 8, 13, 6, 13, 13, 13, 13, 13, 4, 13, 3, 13]",42.80932470280977
24466366,E,208,"[1, 13, 13, 13, 13, 13, 4, 13, 6, 13, 13, 13, 4, 13, 13, 13, 3, 13, 13, 13, 13, 13, 8, 13, 13, 13, 6, 13, 8, 13, 13, 13, 1, 13, 13, 13, 13, 13, 4, 13, 6, 13, 13, 13, 4, 13, 13, 13, 3, 13, 13, 13, 13, 13, 8, 13, 13, 13, 6, 13, 8, 13, 13, 13]",23.676137656042982
24466366,E,140,"[3, 13, 10, 13, 13, 13, 8, 13, 13, 13, 13, 13, 13, 13, 0, 0, 0, 0, 0, 0, 0, 0, 0, 0, 8, 13, 11, 13, 1, 13, 3, 13, 3, 13, 11, 13, 13, 13, 8, 13, 13, 13, 6, 13, 13, 13, 13, 13, 0, 0, 0, 0, 8, 13, 6, 13, 13, 13, 13, 13, 4, 13, 3, 13]",20.607811835869327
24466366,E,216,"[1, 13, 13, 13, 13, 13, 4, 13, 6, 13, 13, 13, 4, 13, 13, 13, 3, 13, 13, 13, 13, 13, 8, 13, 13, 13, 6, 13, 8, 13, 13, 13, 0, 0, 0, 0, 0, 0, 0, 0, 8, 13, 11, 13, 1, 13, 3, 13, 3, 13, 11, 13, 13, 13, 8, 13, 13, 13, 6, 13, 13, 13, 13, 13]",42.89499434363755
24466366,E,184,"[1, 13, 13, 13, 13, 13, 4, 13, 6, 13, 13, 13, 4, 13, 13, 13, 3, 13, 13, 13, 13, 13, 8, 13, 13, 13, 6, 13, 8, 13, 13, 13, 1, 13, 13, 13, 13, 13, 4, 13, 6, 13, 13, 13, 4, 13, 13, 13, 3, 13, 13, 13, 13, 13, 8, 13, 13, 13, 6, 13, 8, 13, 13, 13]",3.546928311441704
24466366,E,60,"[3, 13, 10, 13, 13, 13, 8, 13, 13, 13, 13, 13, 13, 13, 0, 0, 9, 13, 13, 13, 13, 13, 1, 13, 3, 13, 13, 13, 1, 13, 13, 13, 11, 13, 13, 13, 13, 13, 4, 13, 13, 13, 3, 13, 4, 13, 13, 13, 9, 13, 13, 13, 13, 13, 1, 13, 3, 13, 13, 13, 1, 13, 13, 13]",45.61748535057486
24466366,E,136,"[0, 0, 0, 0, 8, 13, 6, 13, 13, 13, 13, 13, 4, 13, 3, 13, 3, 13, 10, 13, 13, 13, 8, 13, 13, 13, 13, 13, 13, 13, 0, 0, 0, 0, 0, 0, 0, 0, 0, 0, 8, 13, 11, 13, 1, 13, 3, 13, 3, 13, 11, 13, 13, 13, 8, 13, 13, 13, 6, 13, 13, 13, 13, 13]",40.13237387336512
24466366,E,84,"[3, 13, 13, 13, 13, 13, 8, 13, 13, 13, 6, 13, 8, 13, 13, 13, 1, 13, 13, 13, 13, 13, 4, 13, 6, 13, 13, 13, 4, 13, 13, 13, 3, 13, 13, 13, 13, 13, 8, 13, 13, 13, 6, 13, 8, 13, 13, 13, 1, 13, 13, 13, 13, 13, 4, 13, 6, 13, 13, 13, 4, 13, 13, 13]",20.182619881655697
24466366,E,76,"[11, 13, 13, 13, 13, 13, 4, 13, 13, 13, 3, 13, 4, 13, 13, 13, 1, 13, 13, 13, 13, 13, 4, 13, 6, 13, 13, 13, 4, 13, 13, 13, 3, 13, 13, 13, 13, 13, 8, 13, 13, 13, 6, 13, 8, 13, 13, 13, 1, 13, 13, 13, 13, 13, 4, 13, 6, 13, 13, 13, 4, 13, 13, 13]",14.629423584630217
22234291,C,24,"[1, 13, 4, 13, 3, 4, 1, 13, 1, 13, 1, 13, 13, 13, 13, 13, 1, 13, 6, 13, 8, 13, 9, 13, 11, 13, 13, 13, 8, 13, 6, 8, 4, 13, 3, 13, 1, 13, 11, 13, 1, 13, 13, 13, 9, 8, 6, 13, 0, 0, 3, 1, 11, 13, 3, 13, 1, 13, 13, 11, 11, 13, 13, 13]",47.90261029644407
22234291,C,56,"[1, 13, 1, 13, 1, 13, 11, 9, 8, 13, 8, 13, 13, 13, 13, 13, 0, 0, 6, 8, 4, 13, 3, 13, 1, 13, 13, 13, 13, 13, 13, 13, 0, 0, 6, 8, 4, 13, 8, 13, 1, 13, 13, 13, 13, 13, 13, 13, 1, 13, 13, 13, 13, 13, 13, 13, 13, 13, 13, 13, 13, 13, 13, 13]",88.3801629090271
22234291,C,44,"[0, 0, 8, 6, 4, 13, 6, 13, 8, 13, 13, 13, 13, 13, 13, 13, 4, 13, 3, 13, 1, 13, 11, 13, 1, 13, 13, 13, 9, 8, 6, 13, 0, 0, 3, 1, 11, 13, 3, 13, 1, 13, 13, 11, 11, 13, 13, 13, 1, 13, 1, 13, 1, 13, 11, 9, 8, 13, 8, 13, 13, 13, 13, 13]",72.18048472134183
22234291,C,32,"[4, 13, 3, 13, 1, 13, 11, 13, 1, 13, 13, 13, 9, 8, 6, 13, 0, 0, 3, 1, 11, 13, 3, 13, 1, 13, 13, 11, 11, 13, 13, 13, 1, 13, 1, 13, 1, 13, 11, 9, 8, 13, 8, 13, 13, 13, 13, 13, 0, 0, 8, 6, 4, 13, 6, 13, 8, 13, 13, 13, 13, 13, 13, 13]",62.21575281453252
22234291,C,32,"[4, 13, 3, 13, 1, 13, 11, 13, 1, 13, 13, 13, 9, 8, 6, 13, 0, 0, 3, 1, 11, 13, 3, 13, 1, 13, 13, 11, 11, 13, 13, 13, 1, 13, 1, 13, 1, 13, 11, 9, 8, 13, 8, 13, 13, 13, 13, 13, 0, 0, 8, 6, 4, 13, 6, 13, 8, 13, 13, 13, 13, 13, 13, 13]",49.87842274964038
22234291,C,20,"[11, 13, 9, 13, 8, 13, 4, 13, 3, 13, 13, 1, 1, 13, 13, 13, 1, 13, 4, 13, 3, 4, 1, 13, 1, 13, 1, 13, 13, 13, 13, 13, 1, 13, 6, 13, 8, 13, 9, 13, 11, 13, 13, 13, 8, 13, 6, 8, 4, 13, 3, 13, 1, 13, 11, 13, 1, 13, 13, 13, 9, 8, 6, 13]",68.75099373115216
6580919,C#,108,"[1, 13, 13, 13, 13, 13, 13, 13, 13, 13, 13, 13, 0, 0, 0, 0, 10, 13, 13, 13, 13, 13, 0, 0, 10, 13, 13, 13, 13, 13, 0, 0, 1, 13, 13, 13, 13, 13, 13, 13, 13, 13, 13, 13, 13, 13, 13, 13, 1, 13, 13, 13, 13, 13, 0, 0, 0, 0, 0, 0, 0, 0, 0, 0]",29.928668757930964
6580919,C#,104,"[3, 13, 0, 0, 8, 13, 0, 0, 8, 10, 8, 13, 5, 13, 3, 13, 1, 13, 13, 13, 13, 13, 13, 13, 13, 13, 13, 13, 0, 0, 0, 0, 10, 13, 13, 13, 13, 13, 0, 0, 10, 13, 13, 13, 13, 13, 0, 0, 1, 13, 13, 13, 13, 13, 13, 13, 13, 13, 13, 13, 13, 13, 13, 13]",12.949396838712957
7015171,G,52,"[10, 13, 13, 13, 13, 13, 10, 13, 8, 13, 6, 13, 8, 13, 13, 13, 8, 13, 13, 13, 13, 13, 13, 13, 13, 13, 13, 13, 13, 13, 13, 13, 0, 0, 0, 0, 0, 0, 0, 0, 0, 0, 1, 13, 11, 13, 8, 13, 8, 13, 13, 13, 13, 13, 13, 13, 0, 0, 0, 0, 6, 13, 8, 13]",195.39867823108034
7015171,G,176,"[0, 0, 3, 3, 3, 13, 4, 13, 4, 13, 4, 13, 11, 13, 1, 13, 3, 13, 13, 13, 3, 13, 13, 13, 1, 13, 11, 13, 10, 13, 8, 13, 11, 13, 8, 13, 13, 13, 13, 13, 8, 13, 13, 13, 13, 13, 13, 13, 0, 0, 0, 0, 0, 0, 0, 0, 1, 13, 1, 13, 11, 13, 1, 13]",165.38409412064703
7015171,G,260,"[3, 13, 13, 13, 3, 13, 13, 13, 10, 13, 8, 13, 6, 13, 13, 13, 0, 0, 3, 13, 3, 13, 4, 13, 4, 13, 3, 13, 1, 13, 11, 13, 1, 13, 13, 13, 1, 13, 13, 13, 11, 8, 6, 13, 13, 13, 13, 13, 0, 0, 11, 11, 11, 13, 3, 13, 1, 13, 11, 13, 11, 13, 1, 13]",188.5798257140361
7015171,G,196,"[0, 0, 0, 0, 0, 0, 0, 0, 1, 13, 1, 13, 11, 13, 1, 13, 11, 13, 8, 13, 13, 13, 13, 13, 8, 13, 13, 13, 13, 13, 13, 13, 0, 0, 0, 0, 0, 0, 0, 0, 1, 13, 1, 13, 11, 13, 1, 13, 1, 13, 3, 13, 13, 13, 13, 13, 3, 13, 13, 13, 13, 13, 13, 13]",173.22016089930946
7015171,G,108,"[1, 13, 13, 13, 6, 13, 13, 13, 3, 1, 11, 13, 13, 13, 13, 13, 0, 0, 3, 3, 3, 13, 4, 13, 4, 13, 4, 13, 11, 13, 1, 13, 3, 13, 13, 13, 3, 13, 13, 13, 1, 13, 11, 13, 10, 13, 8, 13, 11, 13, 8, 13, 13, 13, 13, 13, 8, 13, 13, 13, 13, 13, 13, 13]",189.99923639469836
7015171,G,208,"[1, 13, 3, 13, 13, 13, 13, 13, 3, 13, 13, 13, 13, 13, 13, 13, 0, 0, 0, 0, 0, 0, 0, 0, 1, 13, 1, 13, 11, 13, 1, 13, 3, 13, 13, 13, 13, 13, 3, 3, 6, 13, 3, 13, 13, 13, 1, 13, 3, 13, 3, 13, 1, 13, 11, 13, 3, 13, 13, 13, 1, 13, 13, 13]",162.7964200748019
7015171,G,100,"[3, 13, 13, 13, 3, 13, 13, 13, 10, 13, 8, 13, 6, 13, 13, 13, 0, 0, 3, 13, 3, 13, 4, 13, 4, 13, 3, 13, 1, 13, 11, 13, 1, 13, 13, 13, 6, 13, 13, 13, 3, 1, 11, 13, 13, 13, 13, 13, 0, 0, 3, 3, 3, 13, 4, 13, 4, 13, 4, 13, 11, 13, 1, 13]",189.36483015972635
7015171,G,164,"[3, 13, 13, 13, 3, 13, 13, 13, 10, 13, 8, 13, 6, 13, 13, 13, 0, 0, 3, 13, 3, 13, 4, 13, 4, 13, 3, 13, 1, 13, 11, 13, 1, 13, 13, 13, 6, 13, 13, 13, 3, 1, 11, 13, 13, 13, 13, 13, 0, 0, 3, 3, 3, 13, 4, 13, 4, 13, 4, 13, 11, 13, 1, 13]",189.74853997206552
7015171,G,204,"[0, 0, 0, 0, 0, 0, 0, 0, 1, 13, 1, 13, 11, 13, 1, 13, 1, 13, 3, 13, 13, 13, 13, 13, 3, 13, 13, 13, 13, 13, 13, 13, 0, 0, 0, 0, 0, 0, 0, 0, 1, 13, 1, 13, 11, 13, 1, 13, 3, 13, 13, 13, 13, 13, 3, 3, 6, 13, 3, 13, 13, 13, 1, 13]",169.87769222848692
7015171,G,260,"[3, 13, 13, 13, 3, 13, 13, 13, 10, 13, 8, 13, 6, 13, 13, 13, 0, 0, 3, 13, 3, 13, 4, 13, 4, 13, 3, 13, 1, 13, 11, 13, 1, 13, 13, 13, 1, 13, 13, 13, 11, 8, 6, 13, 13, 13, 13, 13, 0, 0, 11, 11, 11, 13, 3, 13, 1, 13, 11, 13, 11, 13, 1, 13]",193.41069167102955
7015171,G,128,"[8, 13, 13, 13, 13, 13, 13, 13, 0, 0, 0, 0, 6, 13, 8, 13, 10, 13, 13, 13, 10, 13, 13, 13, 8, 13, 6, 13, 13, 13, 8, 13, 8, 13, 13, 13, 13, 13, 13, 13, 0, 0, 0, 0, 11, 13, 1, 13, 3, 13, 13, 13, 3, 13, 3, 13, 1, 13, 11, 13, 10, 13, 13, 13]",183.69800886539247
7015171,G,216,"[3, 13, 13, 13, 13, 13, 3, 3, 6, 13, 3, 13, 13, 13, 1, 13, 3, 13, 3, 13, 1, 13, 11, 13, 3, 13, 13, 13, 1, 13, 13, 13, 11, 13, 8, 13, 13, 13, 13, 13, 13, 13, 13, 13, 13, 13, 6, 13, 6, 13, 6, 13, 3, 13, 11, 13, 1, 13, 13, 13, 13, 13, 3, 13]",169.67614312611846
7015171,G,72,"[8, 13, 13, 13, 13, 13, 13, 13, 0, 0, 8, 13, 11, 13, 1, 13, 3, 13, 13, 13, 3, 13, 13, 13, 1, 13, 11, 13, 10, 13, 13, 13, 11, 10, 8, 13, 13, 13, 13, 13, 13, 13, 3, 13, 6, 13, 8, 13, 10, 13, 13, 13, 13, 13, 13, 13, 1, 13, 13, 11, 13, 10, 13, 13]",189.12089712979045
7015171,G,40,"[8, 13, 13, 13, 13, 13, 13, 13, 0, 0, 8, 13, 11, 13, 1, 13, 3, 13, 13, 13, 3, 13, 13, 13, 1, 13, 11, 13, 10, 13, 13, 13, 11, 10, 8, 13, 13, 13, 13, 13, 13, 13, 3, 13, 6, 13, 8, 13, 10, 13, 13, 13, 13, 13, 10, 13, 8, 13, 6, 13, 8, 13, 13, 13]",189.772437292928
7015171,G,288,"[5, 13, 13, 13, 5, 13, 13, 13, 12, 13, 10, 13, 8, 13, 13, 13, 0, 0, 5, 13, 5, 13, 6, 13, 6, 13, 5, 13, 3, 13, 1, 13, 3, 13, 13, 13, 8, 13, 13, 13, 5, 3, 1, 13, 13, 13, 13, 13, 0, 0, 5, 5, 5, 13, 6, 13, 6, 13, 6, 13, 1, 13, 3, 13]",165.2420628740115
7015171,G,160,"[0, 0, 11, 11, 11, 13, 11, 13, 11, 13, 11, 13, 11, 13, 1, 13, 3, 13, 13, 13, 3, 13, 13, 13, 10, 13, 8, 13, 6, 13, 13, 13, 0, 0, 3, 13, 3, 13, 4, 13, 4, 13, 3, 13, 1, 13, 11, 13, 1, 13, 13, 13, 6, 13, 13, 13, 3, 1, 11, 13, 13, 13, 13, 13]",160.77100940849473
7015171,G,52,"[10, 13, 13, 13, 13, 13, 10, 13, 8, 13, 6, 13, 8, 13, 13, 13, 8, 13, 13, 13, 13, 13, 13, 13, 13, 13, 13, 13, 13, 13, 13, 13, 0, 0, 0, 0, 0, 0, 0, 0, 0, 0, 1, 13, 11, 13, 8, 13, 8, 13, 13, 13, 13, 13, 13, 13, 0, 0, 0, 0, 6, 13, 8, 13]",199.3516558160123
7015171,G,204,"[0, 0, 0, 0, 0, 0, 0, 0, 1, 13, 1, 13, 11, 13, 1, 13, 1, 13, 3, 13, 13, 13, 13, 13, 3, 13, 13, 13, 13, 13, 13, 13, 0, 0, 0, 0, 0, 0, 0, 0, 1, 13, 1, 13, 11, 13, 1, 13, 3, 13, 13, 13, 13, 13, 3, 3, 6, 13, 3, 13, 13, 13, 1, 13]",173.79099124293026
7015171,G,312,"[5, 13, 13, 13, 5, 13, 13, 13, 12, 13, 10, 13, 8, 13, 13, 13, 0, 0, 5, 13, 5, 13, 6, 13, 6, 13, 5, 13, 3, 13, 1, 13, 3, 13, 13, 13, 8, 13, 13, 13, 5, 3, 1, 13, 13, 13, 13, 13, 0, 0, 5, 5, 5, 13, 6, 13, 6, 13, 6, 13, 1, 13, 3, 13]",183.61774993872223
7015171,G,120,"[11, 13, 8, 13, 13, 13, 13, 13, 8, 13, 13, 13, 13, 13, 13, 13, 0, 0, 0, 0, 0, 0, 0, 0, 0, 0, 1, 13, 11, 13, 8, 13, 8, 13, 13, 13, 13, 13, 13, 13, 0, 0, 0, 0, 6, 13, 8, 13, 10, 13, 13, 13, 10, 13, 13, 13, 8, 13, 6, 13, 13, 13, 8, 13]",172.11321896124537
7015171,G,204,"[0, 0, 0, 0, 0, 0, 0, 0, 1, 13, 1, 13, 11, 13, 1, 13, 1, 13, 3, 13, 13, 13, 13, 13, 3, 13, 13, 13, 13, 13, 13, 13, 0, 0, 0, 0, 0, 0, 0, 0, 1, 13, 1, 13, 11, 13, 1, 13, 3, 13, 13, 13, 13, 13, 3, 3, 6, 13, 3, 13, 13, 13, 1, 13]",181.8709910515286
7015171,G,160,"[0, 0, 11, 11, 11, 13, 11, 13, 11, 13, 11, 13, 11, 13, 1, 13, 3, 13, 13, 13, 3, 13, 13, 13, 10, 13, 8, 13, 6, 13, 13, 13, 0, 0, 3, 13, 3, 13, 4, 13, 4, 13, 3, 13, 1, 13, 11, 13, 1, 13, 13, 13, 6, 13, 13, 13, 3, 1, 11, 13, 13, 13, 13, 13]",163.38979506074583
7015171,G,304,"[5, 13, 13, 13, 5, 13, 13, 13, 3, 13, 1, 13, 12, 13, 10, 13, 0, 0, 1, 1, 1, 13, 1, 13, 1, 13, 1, 13, 1, 13, 3, 13, 5, 13, 13, 13, 5, 13, 13, 13, 12, 13, 10, 13, 8, 13, 13, 13, 0, 0, 5, 13, 5, 13, 6, 13, 6, 13, 5, 13, 3, 13, 1, 13]",196.15798178452224
7015171,G,44,"[3, 13, 13, 13, 3, 13, 13, 13, 1, 13, 11, 13, 10, 13, 13, 13, 11, 10, 8, 13, 13, 13, 13, 13, 13, 13, 3, 13, 6, 13, 8, 13, 10, 13, 13, 13, 13, 13, 10, 13, 8, 13, 6, 13, 8, 13, 13, 13, 8, 13, 13, 13, 13, 13, 13, 13, 13, 13, 13, 13, 13, 13, 13, 13]",160.2723219203078
7015171,G,216,"[3, 13, 13, 13, 13, 13, 3, 3, 6, 13, 3, 13, 13, 13, 1, 13, 3, 13, 3, 13, 1, 13, 11, 13, 3, 13, 13, 13, 1, 13, 13, 13, 11, 13, 8, 13, 13, 13, 13, 13, 13, 13, 13, 13, 13, 13, 6, 13, 6, 13, 6, 13, 3, 13, 11, 13, 1, 13, 13, 13, 13, 13, 3, 13]",170.97246005969657
7015171,G,44,"[3, 13, 13, 13, 3, 13, 13, 13, 1, 13, 11, 13, 10, 13, 13, 13, 11, 10, 8, 13, 13, 13, 13, 13, 13, 13, 3, 13, 6, 13, 8, 13, 10, 13, 13, 13, 13, 13, 10, 13, 8, 13, 6, 13, 8, 13, 13, 13, 8, 13, 13, 13, 13, 13, 13, 13, 13, 13, 13, 13, 13, 13, 13, 13]",174.9096563950024
7015171,G,112,"[0, 0, 3, 3, 3, 13, 4, 13, 4, 13, 4, 13, 11, 13, 1, 13, 3, 13, 13, 13, 3, 13, 13, 13, 1, 13, 11, 13, 10, 13, 8, 13, 11, 13, 8, 13, 13, 13, 13, 13, 8, 13, 13, 13, 13, 13, 13, 13, 0, 0, 0, 0, 0, 0, 0, 0, 0, 0, 1, 13, 11, 13, 8, 13]",176.36468761053516
6779622,F,160,"[8, 13, 8, 13, 13, 13, 13, 13, 13, 13, 0, 0, 0, 0, 0, 0, 4, 13, 13, 13, 13, 13, 9, 13, 9, 13, 13, 13, 13, 13, 13, 13, 11, 13, 13, 13, 13, 13, 6, 13, 6, 13, 13, 13, 13, 13, 13, 13, 1, 13, 13, 13, 13, 13, 3, 13, 3, 13, 13, 13, 13, 13, 13, 13]",-3.025736711434277
6779622,F,56,"[1, 13, 13, 13, 13, 13, 13, 13, 13, 13, 13, 13, 4, 13, 13, 13, 1, 13, 13, 13, 13, 13, 9, 13, 9, 13, 13, 13, 13, 13, 13, 13, 8, 13, 13, 13, 13, 13, 13, 13, 0, 0, 0, 0, 0, 0, 0, 0, 1, 13, 13, 13, 13, 13, 13, 13, 3, 13, 13, 13, 11, 13, 6, 13]",-6.779419658230097
6779622,F,108,"[4, 13, 13, 13, 13, 13, 13, 13, 0, 0, 0, 0, 0, 0, 0, 0, 0, 0, 0, 0, 0, 0, 4, 13, 4, 13, 13, 13, 13, 13, 4, 13, 4, 13, 13, 13, 13, 13, 1, 13, 1, 13, 4, 13, 12, 13, 9, 13, 0, 0, 0, 0, 4, 13, 4, 13, 13, 13, 13, 13, 4, 13, 0, 0]",10.85139242412545
6779622,F,120,"[0, 0, 0, 0, 4, 13, 4, 13, 13, 13, 13, 13, 4, 13, 0, 0, 4, 13, 13, 13, 13, 13, 1, 13, 1, 13, 4, 13, 1, 13, 8, 13, 0, 0, 0, 0, 0, 0, 0, 0, 11, 13, 13, 13, 13, 13, 13, 13, 12, 13, 13, 13, 13, 13, 8, 13, 8, 13, 13, 13, 6, 13, 4, 13]",5.025856847836934
6779622,F,88,"[1, 13, 13, 13, 13, 13, 1, 13, 1, 13, 13, 13, 13, 13, 13, 13, 11, 13, 13, 13, 13, 13, 13, 13, 13, 13, 13, 13, 3, 13, 13, 13, 0, 0, 0, 0, 0, 0, 0, 0, 11, 13, 13, 13, 13, 13, 13, 13, 12, 13, 13, 13, 8, 13, 8, 13, 13, 13, 6, 13, 4, 13, 0, 0]",17.482222624195018
6779622,F,124,"[4, 13, 13, 13, 13, 13, 1, 13, 1, 13, 4, 13, 1, 13, 8, 13, 0, 0, 0, 0, 0, 0, 0, 0, 11, 13, 13, 13, 13, 13, 13, 13, 12, 13, 13, 13, 13, 13, 8, 13, 8, 13, 13, 13, 6, 13, 4, 13, 1, 13, 13, 13, 13, 13, 13, 13, 4, 13, 13, 13, 1, 13, 4, 13]",-8.144723197316907
6779622,F,188,"[9, 13, 13, 13, 13, 13, 13, 13, 13, 13, 13, 13, 9, 13, 1, 13, 0, 0, 0, 0, 0, 0, 0, 0, 11, 13, 13, 13, 13, 13, 13, 13, 1, 13, 13, 13, 13, 13, 13, 13, 4, 13, 13, 13, 1, 13, 4, 13, 4, 13, 13, 13, 13, 13, 1, 13, 1, 13, 13, 13, 13, 13, 13, 13]",-13.018423974724229
6779622,F,104,"[4, 13, 13, 13, 13, 13, 13, 13, 4, 13, 13, 13, 4, 13, 13, 13, 4, 13, 13, 13, 13, 13, 13, 13, 0, 0, 0, 0, 0, 0, 0, 0, 0, 0, 0, 0, 0, 0, 4, 13, 4, 13, 13, 13, 13, 13, 4, 13, 4, 13, 13, 13, 13, 13, 1, 13, 1, 13, 4, 13, 12, 13, 9, 13]",-6.984125010523826
6779622,F,12,"[1, 13, 13, 13, 13, 13, 13, 13, 13, 13, 13, 13, 4, 13, 13, 13, 0, 0, 0, 0, 0, 0, 0, 0, 11, 13, 13, 13, 13, 13, 13, 13, 1, 13, 13, 13, 13, 13, 13, 13, 4, 13, 13, 13, 0, 0, 0, 0, 11, 13, 13, 13, 13, 13, 6, 13, 6, 13, 13, 13, 13, 13, 13, 13]",21.182700215108326
6779622,F,60,"[1, 13, 13, 13, 13, 13, 9, 13, 9, 13, 13, 13, 13, 13, 13, 13, 8, 13, 13, 13, 13, 13, 13, 13, 0, 0, 0, 0, 0, 0, 0, 0, 1, 13, 13, 13, 13, 13, 13, 13, 3, 13, 13, 13, 11, 13, 6, 13, 4, 13, 13, 13, 13, 13, 11, 13, 11, 13, 13, 13, 13, 13, 13, 13]",0.02545518057378615
6779622,F,68,"[1, 13, 13, 13, 13, 13, 13, 13, 3, 13, 13, 13, 11, 13, 6, 13, 4, 13, 13, 13, 13, 13, 11, 13, 11, 13, 13, 13, 13, 13, 13, 13, 11, 13, 13, 13, 13, 13, 9, 13, 9, 13, 13, 13, 13, 13, 13, 13, 11, 13, 11, 13, 4, 13, 8, 13, 6, 13, 13, 13, 8, 13, 6, 13]",-2.454906367813436
6779622,F,40,"[4, 13, 13, 13, 13, 13, 1, 13, 1, 13, 13, 13, 13, 13, 13, 13, 9, 13, 13, 13, 13, 13, 13, 13, 0, 0, 0, 0, 0, 0, 0, 0, 11, 13, 13, 13, 13, 13, 8, 13, 8, 13, 13, 13, 13, 13, 13, 13, 4, 13, 13, 13, 13, 13, 1, 13, 1, 13, 13, 13, 13, 13, 13, 13]",-0.10575463774664229
6779622,F,68,"[1, 13, 13, 13, 13, 13, 13, 13, 3, 13, 13, 13, 11, 13, 6, 13, 4, 13, 13, 13, 13, 13, 11, 13, 11, 13, 13, 13, 13, 13, 13, 13, 11, 13, 13, 13, 13, 13, 9, 13, 9, 13, 13, 13, 13, 13, 13, 13, 11, 13, 11, 13, 4, 13, 8, 13, 6, 13, 13, 13, 8, 13, 6, 13]",21.289561819719808
6779622,F,136,"[1, 13, 13, 13, 13, 13, 13, 13, 4, 13, 13, 13, 1, 13, 4, 13, 3, 13, 13, 13, 13, 13, 8, 13, 8, 13, 13, 13, 13, 13, 13, 13, 0, 0, 0, 0, 0, 0, 4, 13, 4, 13, 13, 13, 13, 13, 4, 13, 4, 13, 13, 13, 13, 13, 1, 13, 1, 13, 4, 13, 12, 13, 9, 13]",13.482803076077445
6779622,F,112,"[0, 0, 0, 0, 0, 0, 4, 13, 4, 13, 13, 13, 13, 13, 4, 13, 4, 13, 13, 13, 13, 13, 1, 13, 1, 13, 4, 13, 12, 13, 9, 13, 0, 0, 0, 0, 4, 13, 4, 13, 13, 13, 13, 13, 4, 13, 0, 0, 4, 13, 13, 13, 13, 13, 1, 13, 1, 13, 4, 13, 1, 13, 8, 13]",-13.799821277642806
6779622,F,132,"[12, 13, 13, 13, 13, 13, 8, 13, 8, 13, 13, 13, 6, 13, 4, 13, 1, 13, 13, 13, 13, 13, 13, 13, 4, 13, 13, 13, 1, 13, 4, 13, 3, 13, 13, 13, 13, 13, 8, 13, 8, 13, 13, 13, 13, 13, 13, 13, 0, 0, 0, 0, 0, 0, 4, 13, 4, 13, 13, 13, 13, 13, 4, 13]",15.263829819602194
6779622,F,120,"[0, 0, 0, 0, 4, 13, 4, 13, 13, 13, 13, 13, 4, 13, 0, 0, 4, 13, 13, 13, 13, 13, 1, 13, 1, 13, 4, 13, 1, 13, 8, 13, 0, 0, 0, 0, 0, 0, 0, 0, 11, 13, 13, 13, 13, 13, 13, 13, 12, 13, 13, 13, 13, 13, 8, 13, 8, 13, 13, 13, 6, 13, 4, 13]",-18.347977419904595
6779622,F,88,"[1, 13, 13, 13, 13, 13, 1, 13, 1, 13, 13, 13, 13, 13, 13, 13, 11, 13, 13, 13, 13, 13, 13, 13, 13, 13, 13, 13, 3, 13, 13, 13, 0, 0, 0, 0, 0, 0, 0, 0, 11, 13, 13, 13, 13, 13, 13, 13, 12, 13, 13, 13, 8, 13, 8, 13, 13, 13, 6, 13, 4, 13, 0, 0]",16.295923545153627
6779622,F,164,"[4, 13, 13, 13, 13, 13, 9, 13, 9, 13, 13, 13, 13, 13, 13, 13, 11, 13, 13, 13, 13, 13, 6, 13, 6, 13, 13, 13, 13, 13, 13, 13, 1, 13, 13, 13, 13, 13, 3, 13, 3, 13, 13, 13, 13, 13, 13, 13, 8, 13, 13, 13, 13, 13, 13, 13, 13, 13, 13, 13, 8, 13, 11, 13]",17.083182455076212
6779622,F,28,"[9, 13, 13, 13, 13, 13, 13, 13, 0, 0, 0, 0, 0, 0, 0, 0, 11, 13, 13, 13, 13, 13, 6, 13, 6, 13, 13, 13, 13, 13, 13, 13, 8, 13, 13, 13, 13, 13, 3, 13, 3, 13, 13, 13, 13, 13, 13, 13, 4, 13, 13, 13, 13, 13, 1, 13, 1, 13, 13, 13, 13, 13, 13, 13]",-22.08001751007025
6779622,F,40,"[4, 13, 13, 13, 13, 13, 1, 13, 1, 13, 13, 13, 13, 13, 13, 13, 9, 13, 13, 13, 13, 13, 13, 13, 0, 0, 0, 0, 0, 0, 0, 0, 11, 13, 13, 13, 13, 13, 8, 13, 8, 13, 13, 13, 13, 13, 13, 13, 4, 13, 13, 13, 13, 13, 1, 13, 1, 13, 13, 13, 13, 13, 13, 13]",0.6837587364082651
6779622,F,20,"[1, 13, 13, 13, 13, 13, 13, 13, 4, 13, 13, 13, 0, 0, 0, 0, 11, 13, 13, 13, 13, 13, 6, 13, 6, 13, 13, 13, 13, 13, 13, 13, 9, 13, 13, 13, 13, 13, 13, 13, 0, 0, 0, 0, 0, 0, 0, 0, 11, 13, 13, 13, 13, 13, 6, 13, 6, 13, 13, 13, 13, 13, 13, 13]",-14.807566789485278
6779622,F,48,"[11, 13, 13, 13, 13, 13, 8, 13, 8, 13, 13, 13, 13, 13, 13, 13, 4, 13, 13, 13, 13, 13, 1, 13, 1, 13, 13, 13, 13, 13, 13, 13, 1, 13, 13, 13, 13, 13, 13, 13, 13, 13, 13, 13, 4, 13, 13, 13, 1, 13, 13, 13, 13, 13, 9, 13, 9, 13, 13, 13, 13, 13, 13, 13]",-8.424727654969786
6779622,F,136,"[1, 13, 13, 13, 13, 13, 13, 13, 4, 13, 13, 13, 1, 13, 4, 13, 3, 13, 13, 13, 13, 13, 8, 13, 8, 13, 13, 13, 13, 13, 13, 13, 0, 0, 0, 0, 0, 0, 4, 13, 4, 13, 13, 13, 13, 13, 4, 13, 4, 13, 13, 13, 13, 13, 1, 13, 1, 13, 4, 13, 12, 13, 9, 13]",5.381160410848949
6779622,F,112,"[0, 0, 0, 0, 0, 0, 4, 13, 4, 13, 13, 13, 13, 13, 4, 13, 4, 13, 13, 13, 13, 13, 1, 13, 1, 13, 4, 13, 12, 13, 9, 13, 0, 0, 0, 0, 4, 13, 4, 13, 13, 13, 13, 13, 4, 13, 0, 0, 4, 13, 13, 13, 13, 13, 1, 13, 1, 13, 4, 13, 1, 13, 8, 13]",2.4958970863388856
6779622,F,72,"[4, 13, 13, 13, 13, 13, 11, 13, 11, 13, 13, 13, 13, 13, 13, 13, 11, 13, 13, 13, 13, 13, 9, 13, 9, 13, 13, 13, 13, 13, 13, 13, 11, 13, 11, 13, 4, 13, 8, 13, 6, 13, 13, 13, 8, 13, 6, 13, 1, 13, 13, 13, 13, 13, 13, 13, 13, 13, 13, 13, 4, 13, 13, 13]",-21.320713956628296
6779622,F,180,"[1, 13, 13, 13, 13, 13, 13, 13, 4, 13, 13, 13, 1, 13, 4, 13, 4, 13, 13, 13, 13, 13, 11, 13, 11, 13, 13, 13, 13, 13, 13, 13, 9, 13, 13, 13, 13, 13, 13, 13, 13, 13, 13, 13, 9, 13, 1, 13, 0, 0, 0, 0, 0, 0, 0, 0, 11, 13, 13, 13, 13, 13, 13, 13]",0.33521856609316103
9174765,C,144,"[1, 13, 1, 13, 13, 13, 1, 13, 13, 13, 0, 0, 0, 0, 0, 0, 0, 0, 0, 0, 5, 13, 13, 13, 13, 13, 13, 13, 3, 13, 13, 13, 1, 13, 13, 13, 1, 13, 1, 13, 13, 13, 10, 13, 13, 13, 0, 0, 0, 0, 0, 0, 0, 0, 0, 0, 6, 13, 5, 13, 3, 13, 5, 13]",-2.2308126231218495
9174765,C,128,"[3, 13, 13, 13, 1, 13, 12, 13, 13, 13, 0, 0, 0, 0, 0, 0, 0, 0, 0, 0, 1, 13, 8, 13, 8, 13, 13, 13, 5, 13, 13, 13, 3, 13, 13, 13, 5, 13, 6, 13, 6, 13, 6, 13, 3, 13, 13, 13, 0, 0, 0, 0, 12, 13, 13, 13, 12, 13, 8, 13, 10, 13, 8, 13]",20.01894577839002
9174765,C,100,"[0, 0, 0, 0, 1, 13, 8, 13, 13, 13, 13, 13, 5, 13, 13, 13, 3, 13, 13, 13, 5, 13, 6, 13, 13, 13, 0, 0, 0, 0, 0, 0, 0, 0, 0, 0, 12, 13, 13, 13, 13, 13, 8, 13, 10, 13, 8, 13, 1, 13, 1, 13, 13, 13, 1, 13, 13, 13, 0, 0, 0, 0, 0, 0]",-3.610544733295427
9174765,C,8,"[0, 0, 0, 0, 12, 13, 13, 13, 13, 13, 8, 13, 10, 13, 8, 13, 1, 13, 1, 13, 13, 13, 1, 13, 13, 13, 0, 0, 0, 0, 0, 0, 0, 0, 0, 0, 1, 13, 8, 13, 8, 13, 13, 13, 5, 13, 13, 13, 3, 13, 13, 13, 5, 13, 6, 13, 6, 13, 0, 0, 0, 0, 0, 0]",-17.100807806590808
9174765,C,60,"[5, 13, 13, 13, 13, 13, 13, 13, 0, 0, 0, 0, 0, 0, 0, 0, 5, 13, 13, 13, 13, 13, 13, 13, 0, 0, 1, 13, 1, 13, 13, 13, 1, 13, 1, 13, 1, 13, 1, 13, 13, 13, 1, 13, 1, 13, 1, 13, 10, 13, 1, 13, 10, 13, 6, 13, 13, 13, 13, 13, 0, 0, 6, 13]",6.837093412074623
9174765,C,12,"[1, 13, 1, 13, 13, 13, 1, 13, 13, 13, 0, 0, 0, 0, 0, 0, 0, 0, 0, 0, 1, 13, 8, 13, 8, 13, 13, 13, 5, 13, 13, 13, 3, 13, 13, 13, 5, 13, 6, 13, 6, 13, 0, 0, 0, 0, 0, 0, 0, 0, 8, 13, 8, 13, 13, 13, 12, 13, 13, 13, 1, 13, 13, 13]",13.575236109602159
9174765,C,0,"[0, 0, 0, 0, 1, 13, 8, 13, 13, 13, 13, 13, 5, 13, 13, 13, 3, 13, 13, 13, 5, 13, 6, 13, 13, 13, 0, 0, 0, 0, 0, 0, 0, 0, 0, 0, 12, 13, 13, 13, 13, 13, 8, 13, 10, 13, 8, 13, 1, 13, 1, 13, 13, 13, 1, 13, 13, 13, 0, 0, 0, 0, 0, 0]",5.424897016955768
9174765,C,144,"[1, 13, 1, 13, 13, 13, 1, 13, 13, 13, 0, 0, 0, 0, 0, 0, 0, 0, 0, 0, 5, 13, 13, 13, 13, 13, 13, 13, 3, 13, 13, 13, 1, 13, 13, 13, 1, 13, 1, 13, 13, 13, 10, 13, 13, 13, 0, 0, 0, 0, 0, 0, 0, 0, 0, 0, 6, 13, 5, 13, 3, 13, 5, 13]",5.9515398616233455
9174765,C,68,"[1, 13, 1, 13, 1, 13, 1, 13, 13, 13, 1, 13, 1, 13, 1, 13, 10, 13, 1, 13, 10, 13, 6, 13, 13, 13, 13, 13, 0, 0, 6, 13, 12, 13, 12, 13, 12, 13, 10, 13, 13, 13, 12, 13, 13, 13, 10, 13, 8, 13, 1, 13, 8, 13, 5, 13, 13, 13, 13, 13, 0, 0, 8, 13]",-6.113901816852234
9174765,C,32,"[0, 0, 0, 0, 1, 13, 8, 13, 8, 13, 13, 13, 5, 13, 13, 13, 3, 13, 13, 13, 5, 13, 6, 13, 6, 13, 6, 13, 3, 13, 13, 13, 0, 0, 0, 0, 12, 13, 13, 13, 12, 13, 8, 13, 10, 13, 8, 13, 1, 13, 1, 13, 13, 13, 1, 13, 13, 13, 0, 0, 0, 0, 0, 0]",-0.6635090888200779
9174765,C,16,"[0, 0, 0, 0, 1, 13, 8, 13, 8, 13, 13, 13, 5, 13, 13, 13, 3, 13, 13, 13, 5, 13, 6, 13, 6, 13, 0, 0, 0, 0, 0, 0, 0, 0, 8, 13, 8, 13, 13, 13, 12, 13, 13, 13, 1, 13, 13, 13, 3, 13, 13, 13, 1, 13, 12, 13, 13, 13, 0, 0, 0, 0, 0, 0]",6.935838945449802
9174765,C,28,"[3, 13, 13, 13, 1, 13, 12, 13, 13, 13, 0, 0, 0, 0, 0, 0, 0, 0, 0, 0, 1, 13, 8, 13, 8, 13, 13, 13, 5, 13, 13, 13, 3, 13, 13, 13, 5, 13, 6, 13, 6, 13, 6, 13, 3, 13, 13, 13, 0, 0, 0, 0, 12, 13, 13, 13, 12, 13, 8, 13, 10, 13, 8, 13]",-2.71687511160782
9174765,C,124,"[0, 0, 8, 13, 8, 13, 13, 13, 12, 13, 13, 13, 1, 13, 13, 13, 3, 13, 13, 13, 1, 13, 12, 13, 13, 13, 0, 0, 0, 0, 0, 0, 0, 0, 0, 0, 1, 13, 8, 13, 8, 13, 13, 13, 5, 13, 13, 13, 3, 13, 13, 13, 5, 13, 6, 13, 6, 13, 6, 13, 3, 13, 13, 13]",-16.82035245609147
9174765,C,4,"[3, 13, 13, 13, 5, 13, 6, 13, 13, 13, 0, 0, 0, 0, 0, 0, 0, 0, 0, 0, 12, 13, 13, 13, 13, 13, 8, 13, 10, 13, 8, 13, 1, 13, 1, 13, 13, 13, 1, 13, 13, 13, 0, 0, 0, 0, 0, 0, 0, 0, 0, 0, 1, 13, 8, 13, 8, 13, 13, 13, 5, 13, 13, 13]",8.351191590493883
9174765,C,0,"[0, 0, 0, 0, 1, 13, 8, 13, 13, 13, 13, 13, 5, 13, 13, 13, 3, 13, 13, 13, 5, 13, 6, 13, 13, 13, 0, 0, 0, 0, 0, 0, 0, 0, 0, 0, 12, 13, 13, 13, 13, 13, 8, 13, 10, 13, 8, 13, 1, 13, 1, 13, 13, 13, 1, 13, 13, 13, 0, 0, 0, 0, 0, 0]",15.395039637922622
9174765,C,88,"[10, 13, 1, 13, 10, 13, 6, 13, 13, 13, 0, 0, 0, 0, 10, 13, 8, 13, 8, 13, 8, 13, 8, 13, 8, 13, 8, 13, 13, 13, 8, 13, 3, 13, 3, 13, 3, 13, 6, 13, 13, 13, 5, 13, 3, 13, 13, 13, 0, 0, 0, 0, 1, 13, 8, 13, 13, 13, 13, 13, 5, 13, 13, 13]",-9.798598158139356
9174765,C,128,"[3, 13, 13, 13, 1, 13, 12, 13, 13, 13, 0, 0, 0, 0, 0, 0, 0, 0, 0, 0, 1, 13, 8, 13, 8, 13, 13, 13, 5, 13, 13, 13, 3, 13, 13, 13, 5, 13, 6, 13, 6, 13, 6, 13, 3, 13, 13, 13, 0, 0, 0, 0, 12, 13, 13, 13, 12, 13, 8, 13, 10, 13, 8, 13]",-10.799580277284917
9174765,C,96,"[3, 13, 3, 13, 3, 13, 6, 13, 13, 13, 5, 13, 3, 13, 13, 13, 0, 0, 0, 0, 1, 13, 8, 13, 13, 13, 13, 13, 5, 13, 13, 13, 3, 13, 13, 13, 5, 13, 6, 13, 13, 13, 0, 0, 0, 0, 0, 0, 0, 0, 0, 0, 12, 13, 13, 13, 13, 13, 8, 13, 10, 13, 8, 13]",-1.692897457292716
9174765,C,52,"[1, 13, 13, 13, 1, 13, 1, 13, 13, 13, 10, 13, 13, 13, 0, 0, 0, 0, 0, 0, 0, 0, 0, 0, 6, 13, 5, 13, 3, 13, 5, 13, 5, 13, 13, 13, 13, 13, 13, 13, 0, 0, 0, 0, 0, 0, 0, 0, 5, 13, 13, 13, 13, 13, 13, 13, 0, 0, 1, 13, 1, 13, 13, 13]",-23.28615587435597
9174765,C,144,"[1, 13, 1, 13, 13, 13, 1, 13, 13, 13, 0, 0, 0, 0, 0, 0, 0, 0, 0, 0, 5, 13, 13, 13, 13, 13, 13, 13, 3, 13, 13, 13, 1, 13, 13, 13, 1, 13, 1, 13, 13, 13, 10, 13, 13, 13, 0, 0, 0, 0, 0, 0, 0, 0, 0, 0, 6, 13, 5, 13, 3, 13, 5, 13]",9.610535310662144
19723804,D,248,"[4, 13, 3, 13, 13, 13, 0, 0, 1, 13, 13, 13, 4, 13, 13, 13, 6, 13, 13, 13, 13, 13, 13, 13, 13, 13, 13, 13, 13, 13, 13, 13, 6, 13, 13, 13, 13, 13, 13, 13, 13, 13, 13, 13, 13, 13, 13, 13, 8, 13, 9, 13, 8, 13, 6, 13, 8, 13, 6, 13, 4, 13, 3, 13]",62.869547441902355
19723804,D,152,"[9, 13, 8, 13, 6, 13, 9, 13, 9, 13, 8, 13, 6, 13, 6, 13, 6, 13, 4, 13, 13, 13, 13, 13, 4, 13, 13, 13, 13, 13, 13, 13, 0, 0, 0, 0, 0, 0, 0, 0, 0, 0, 0, 0, 8, 13, 13, 13, 3, 13, 13, 13, 1, 13, 8, 13, 3, 13, 1, 13, 8, 13, 3, 13]",37.67681143153328
19723804,D,84,"[9, 13, 8, 13, 6, 13, 9, 13, 9, 13, 8, 13, 6, 13, 9, 13, 9, 13, 8, 13, 6, 13, 9, 13, 9, 13, 8, 13, 6, 13, 6, 13, 6, 13, 4, 13, 13, 13, 13, 13, 4, 13, 13, 13, 13, 13, 13, 13, 4, 13, 13, 13, 13, 13, 13, 13, 13, 13, 13, 13, 8, 13, 13, 13]",41.179347062849786
19723804,D,204,"[3, 13, 1, 13, 13, 13, 13, 13, 0, 0, 0, 0, 8, 13, 13, 13, 4, 13, 13, 13, 3, 13, 9, 13, 4, 13, 3, 13, 9, 13, 4, 13, 4, 13, 3, 13, 13, 13, 0, 0, 1, 13, 13, 13, 4, 13, 13, 13, 6, 13, 13, 13, 13, 13, 13, 13, 13, 13, 13, 13, 13, 13, 13, 13]",31.707891930069863
19723804,D,116,"[3, 13, 13, 13, 1, 13, 11, 13, 3, 13, 1, 13, 11, 13, 3, 13, 3, 13, 1, 13, 11, 13, 3, 13, 3, 13, 1, 13, 11, 13, 3, 13, 3, 13, 8, 13, 13, 13, 13, 13, 8, 13, 13, 13, 13, 13, 13, 13, 8, 13, 13, 13, 13, 13, 13, 13, 0, 0, 0, 0, 4, 13, 13, 13]",67.79149375388111
19723804,D,4,"[3, 13, 13, 13, 1, 13, 8, 13, 3, 13, 1, 13, 8, 13, 3, 13, 3, 13, 1, 13, 13, 13, 13, 13, 0, 0, 0, 0, 8, 13, 13, 13, 4, 13, 13, 13, 3, 13, 9, 13, 4, 13, 3, 13, 9, 13, 4, 13, 4, 13, 3, 13, 13, 13, 13, 13, 0, 0, 0, 0, 9, 13, 13, 13]",51.793815561410774
19723804,D,196,"[1, 13, 13, 13, 13, 13, 13, 13, 13, 13, 13, 13, 0, 0, 0, 0, 3, 13, 13, 13, 1, 13, 8, 13, 3, 13, 1, 13, 8, 13, 3, 13, 3, 13, 1, 13, 13, 13, 13, 13, 0, 0, 0, 0, 8, 13, 13, 13, 4, 13, 13, 13, 3, 13, 9, 13, 4, 13, 3, 13, 9, 13, 4, 13]",51.97236912860971
19723804,D,200,"[3, 13, 13, 13, 1, 13, 8, 13, 3, 13, 1, 13, 8, 13, 3, 13, 3, 13, 1, 13, 13, 13, 13, 13, 0, 0, 0, 0, 8, 13, 13, 13, 4, 13, 13, 13, 3, 13, 9, 13, 4, 13, 3, 13, 9, 13, 4, 13, 4, 13, 3, 13, 13, 13, 0, 0, 1, 13, 13, 13, 4, 13, 13, 13]",38.64578015858003
19723804,D,32,"[0, 0, 0, 0, 0, 0, 0, 0, 0, 0, 0, 0, 8, 13, 13, 13, 4, 13, 13, 13, 3, 13, 1, 13, 4, 13, 3, 13, 1, 13, 4, 13, 4, 13, 3, 13, 1, 13, 4, 13, 4, 13, 3, 13, 1, 13, 4, 13, 4, 13, 9, 13, 13, 13, 13, 13, 9, 13, 13, 13, 13, 13, 13, 13]",41.65548990871361
19723804,D,192,"[4, 13, 13, 13, 13, 13, 13, 13, 13, 13, 13, 13, 0, 0, 0, 0, 1, 13, 13, 13, 13, 13, 13, 13, 13, 13, 13, 13, 0, 0, 0, 0, 3, 13, 13, 13, 1, 13, 8, 13, 3, 13, 1, 13, 8, 13, 3, 13, 3, 13, 1, 13, 13, 13, 13, 13, 0, 0, 0, 0, 8, 13, 13, 13]",63.89758313183562
19723804,D,244,"[4, 13, 13, 13, 3, 13, 9, 13, 4, 13, 3, 13, 9, 13, 4, 13, 4, 13, 3, 13, 13, 13, 0, 0, 1, 13, 13, 13, 4, 13, 13, 13, 6, 13, 13, 13, 13, 13, 13, 13, 13, 13, 13, 13, 13, 13, 13, 13, 6, 13, 13, 13, 13, 13, 13, 13, 13, 13, 13, 13, 13, 13, 13, 13]",66.530346462327
19723804,D,96,"[4, 13, 13, 13, 13, 13, 13, 13, 13, 13, 13, 13, 8, 13, 13, 13, 4, 13, 13, 13, 3, 13, 1, 13, 4, 13, 3, 13, 1, 13, 4, 13, 4, 13, 3, 13, 1, 13, 4, 13, 4, 13, 3, 13, 1, 13, 4, 13, 4, 13, 9, 13, 13, 13, 13, 13, 9, 13, 13, 13, 13, 13, 13, 13]",43.33822201170965
19723804,D,196,"[1, 13, 13, 13, 13, 13, 13, 13, 13, 13, 13, 13, 0, 0, 0, 0, 3, 13, 13, 13, 1, 13, 8, 13, 3, 13, 1, 13, 8, 13, 3, 13, 3, 13, 1, 13, 13, 13, 13, 13, 0, 0, 0, 0, 8, 13, 13, 13, 4, 13, 13, 13, 3, 13, 9, 13, 4, 13, 3, 13, 9, 13, 4, 13]",33.335164212951085
19723804,D,140,"[8, 13, 6, 13, 13, 13, 13, 13, 6, 13, 13, 13, 13, 13, 13, 13, 6, 13, 13, 13, 13, 13, 13, 13, 0, 0, 0, 0, 0, 0, 8, 13, 9, 13, 8, 13, 6, 13, 9, 13, 9, 13, 8, 13, 6, 13, 9, 13, 9, 13, 8, 13, 6, 13, 9, 13, 9, 13, 8, 13, 6, 13, 6, 13]",55.79098064529605
19723804,D,248,"[4, 13, 3, 13, 13, 13, 0, 0, 1, 13, 13, 13, 4, 13, 13, 13, 6, 13, 13, 13, 13, 13, 13, 13, 13, 13, 13, 13, 13, 13, 13, 13, 6, 13, 13, 13, 13, 13, 13, 13, 13, 13, 13, 13, 13, 13, 13, 13, 8, 13, 9, 13, 8, 13, 6, 13, 8, 13, 6, 13, 4, 13, 3, 13]",53.28401641896755
19723804,D,128,"[8, 13, 13, 13, 13, 13, 13, 13, 0, 0, 0, 0, 4, 13, 13, 13, 1, 13, 13, 13, 11, 13, 9, 13, 1, 13, 11, 13, 9, 13, 1, 13, 1, 13, 11, 13, 9, 13, 1, 13, 1, 13, 11, 13, 9, 13, 8, 13, 8, 13, 6, 13, 13, 13, 13, 13, 6, 13, 13, 13, 13, 13, 13, 13]",37.484280186094026
19723804,D,140,"[8, 13, 6, 13, 13, 13, 13, 13, 6, 13, 13, 13, 13, 13, 13, 13, 6, 13, 13, 13, 13, 13, 13, 13, 0, 0, 0, 0, 0, 0, 8, 13, 9, 13, 8, 13, 6, 13, 9, 13, 9, 13, 8, 13, 6, 13, 9, 13, 9, 13, 8, 13, 6, 13, 9, 13, 9, 13, 8, 13, 6, 13, 6, 13]",36.33811057038773
19723804,D,40,"[4, 13, 3, 13, 1, 13, 4, 13, 4, 13, 3, 13, 1, 13, 4, 13, 4, 13, 9, 13, 13, 13, 13, 13, 9, 13, 13, 13, 13, 13, 13, 13, 0, 0, 0, 0, 0, 0, 0, 0, 0, 0, 0, 0, 6, 13, 13, 13, 3, 13, 13, 13, 1, 13, 11, 13, 3, 13, 1, 13, 11, 13, 3, 13]",64.78674382505861
19723804,D,0,"[0, 0, 0, 0, 0, 0, 0, 0, 0, 0, 0, 0, 8, 13, 13, 13, 3, 13, 13, 13, 1, 13, 8, 13, 3, 13, 1, 13, 8, 13, 3, 13, 3, 13, 1, 13, 13, 13, 13, 13, 0, 0, 0, 0, 8, 13, 13, 13, 4, 13, 13, 13, 3, 13, 9, 13, 4, 13, 3, 13, 9, 13, 4, 13]",55.075864590807385
19723804,D,212,"[4, 13, 3, 13, 13, 13, 0, 0, 1, 13, 13, 13, 4, 13, 13, 13, 6, 13, 13, 13, 13, 13, 13, 13, 13, 13, 13, 13, 13, 13, 13, 13, 6, 13, 13, 13, 13, 13, 13, 13, 13, 13, 13, 13, 13, 13, 13, 13, 8, 13, 9, 13, 8, 13, 6, 13, 8, 13, 6, 13, 4, 13, 3, 13]",41.66540955133578
19723804,D,40,"[4, 13, 3, 13, 1, 13, 4, 13, 4, 13, 3, 13, 1, 13, 4, 13, 4, 13, 9, 13, 13, 13, 13, 13, 9, 13, 13, 13, 13, 13, 13, 13, 0, 0, 0, 0, 0, 0, 0, 0, 0, 0, 0, 0, 6, 13, 13, 13, 3, 13, 13, 13, 1, 13, 11, 13, 3, 13, 1, 13, 11, 13, 3, 13]",48.21372636050281
19723804,D,68,"[1, 13, 13, 13, 11, 13, 9, 13, 1, 13, 11, 13, 9, 13, 1, 13, 1, 13, 11, 13, 9, 13, 1, 13, 1, 13, 11, 13, 9, 13, 8, 13, 8, 13, 6, 13, 13, 13, 13, 13, 6, 13, 13, 13, 13, 13, 13, 13, 6, 13, 13, 13, 13, 13, 13, 13, 0, 0, 0, 0, 0, 0, 8, 13]",63.40971707196378
19723804,D,244,"[4, 13, 13, 13, 3, 13, 9, 13, 4, 13, 3, 13, 9, 13, 4, 13, 4, 13, 3, 13, 13, 13, 0, 0, 1, 13, 13, 13, 4, 13, 13, 13, 6, 13, 13, 13, 13, 13, 13, 13, 13, 13, 13, 13, 13, 13, 13, 13, 6, 13, 13, 13, 13, 13, 13, 13, 13, 13, 13, 13, 13, 13, 13, 13]",62.07236888935762
19723804,D,136,"[1, 13, 11, 13, 9, 13, 1, 13, 1, 13, 11, 13, 9, 13, 8, 13, 8, 13, 6, 13, 13, 13, 13, 13, 6, 13, 13, 13, 13, 13, 13, 13, 6, 13, 13, 13, 13, 13, 13, 13, 0, 0, 0, 0, 0, 0, 8, 13, 9, 13, 8, 13, 6, 13, 9, 13, 9, 13, 8, 13, 6, 13, 9, 13]",56.9353466896165
19723804,D,176,"[4, 13, 3, 13, 13, 13, 13, 13, 0, 0, 0, 0, 9, 13, 13, 13, 4, 13, 13, 13, 3, 13, 9, 13, 4, 13, 3, 13, 9, 13, 4, 13, 4, 13, 3, 13, 1, 13, 3, 13, 3, 13, 1, 13, 11, 13, 1, 13, 1, 13, 13, 13, 13, 13, 13, 13, 13, 13, 13, 13, 13, 13, 13, 13]",68.2680874925914
19723804,D,180,"[4, 13, 13, 13, 3, 13, 9, 13, 4, 13, 3, 13, 9, 13, 4, 13, 4, 13, 3, 13, 1, 13, 3, 13, 3, 13, 1, 13, 11, 13, 1, 13, 1, 13, 13, 13, 13, 13, 13, 13, 13, 13, 13, 13, 13, 13, 13, 13, 4, 13, 13, 13, 13, 13, 13, 13, 13, 13, 13, 13, 0, 0, 0, 0]",38.222842668598716
19723804,D,160,"[0, 0, 0, 0, 0, 0, 0, 0, 0, 0, 0, 0, 8, 13, 13, 13, 3, 13, 13, 13, 1, 13, 8, 13, 3, 13, 1, 13, 8, 13, 3, 13, 3, 13, 1, 13, 13, 13, 13, 13, 0, 0, 0, 0, 8, 13, 13, 13, 4, 13, 13, 13, 3, 13, 9, 13, 4, 13, 3, 13, 9, 13, 4, 13]",49.70392721805959
19723804,D,12,"[4, 13, 13, 13, 3, 13, 9, 13, 4, 13, 3, 13, 9, 13, 4, 13, 4, 13, 3, 13, 13, 13, 13, 13, 0, 0, 0, 0, 9, 13, 13, 13, 4, 13, 13, 13, 3, 13, 9, 13, 4, 13, 3, 13, 9, 13, 4, 13, 4, 13, 3, 13, 1, 13, 3, 13, 3, 13, 1, 13, 11, 13, 1, 13]",36.670869491076644
19723804,D,56,"[3, 13, 1, 13, 11, 13, 3, 13, 3, 13, 1, 13, 11, 13, 3, 13, 3, 13, 8, 13, 13, 13, 13, 13, 8, 13, 13, 13, 13, 13, 13, 13, 8, 13, 13, 13, 13, 13, 13, 13, 0, 0, 0, 0, 4, 13, 13, 13, 1, 13, 13, 13, 11, 13, 9, 13, 1, 13, 11, 13, 9, 13, 1, 13]",53.830498548879454
5915841,G,84,"[8, 13, 13, 13, 1, 13, 13, 13, 13, 13, 13, 13, 12, 13, 3, 13, 1, 13, 13, 13, 13, 13, 13, 13, 13, 13, 13, 13, 1, 13, 3, 13, 5, 13, 13, 13, 13, 13, 13, 13, 13, 13, 13, 13, 3, 6, 0, 5, 1, 13, 13, 13, 13, 13, 1, 13, 12, 8, 0, 1, 12, 8, 0, 5]",122.98213083936437
5915841,G,192,"[7, 13, 13, 13, 13, 13, 13, 13, 13, 13, 13, 13, 5, 8, 0, 7, 3, 13, 13, 13, 13, 13, 3, 13, 2, 10, 0, 3, 2, 10, 0, 7, 10, 13, 13, 13, 3, 13, 13, 13, 13, 13, 13, 13, 2, 13, 5, 13, 3, 13, 13, 13, 13, 13, 13, 13, 13, 13, 13, 13, 3, 13, 5, 13]",158.93226838062287
5915841,G,24,"[1, 13, 13, 13, 13, 13, 13, 13, 13, 13, 13, 13, 1, 13, 3, 13, 5, 13, 13, 13, 13, 13, 13, 13, 13, 13, 13, 13, 3, 6, 0, 5, 1, 13, 13, 13, 13, 13, 1, 13, 12, 8, 0, 1, 12, 8, 0, 5, 8, 13, 13, 13, 1, 13, 13, 13, 13, 13, 13, 13, 12, 13, 3, 13]",140.25763935870788
5072127,E-,308,"[1, 13, 13, 13, 10, 13, 8, 13, 1, 13, 13, 13, 3, 13, 5, 13, 5, 13, 0, 0, 0, 0, 0, 0, 0, 0, 0, 0, 5, 13, 5, 13, 5, 13, 5, 13, 5, 13, 3, 13, 3, 13, 3, 13, 3, 13, 1, 1, 1, 13, 13, 13, 13, 13, 13, 13, 0, 0, 0, 0, 8, 13, 10, 13]",56.245480634529706
5072127,E-,192,"[1, 13, 5, 5, 5, 13, 13, 1, 1, 1, 5, 13, 5, 13, 3, 1, 1, 13, 5, 5, 5, 13, 13, 1, 1, 5, 5, 13, 5, 13, 3, 1, 1, 13, 5, 13, 3, 13, 3, 13, 3, 13, 3, 13, 3, 13, 1, 1, 1, 13, 13, 13, 0, 0, 0, 0, 0, 0, 0, 1, 1, 1, 1, 1]",85.32175673147563
5072127,E-,312,"[5, 13, 0, 0, 0, 0, 0, 0, 0, 0, 0, 0, 5, 13, 5, 13, 5, 13, 5, 13, 5, 13, 3, 13, 3, 13, 3, 13, 3, 13, 1, 1, 1, 13, 13, 13, 13, 13, 13, 13, 0, 0, 0, 0, 8, 13, 10, 13, 1, 13, 13, 13, 10, 13, 8, 13, 1, 13, 13, 13, 3, 13, 5, 13]",67.52411429592917
5072127,E-,232,"[5, 13, 5, 13, 3, 13, 3, 13, 3, 13, 3, 13, 3, 13, 1, 1, 1, 13, 0, 0, 0, 0, 0, 0, 0, 0, 1, 13, 1, 13, 13, 13, 1, 13, 5, 13, 3, 13, 1, 13, 1, 13, 13, 13, 0, 0, 0, 0, 0, 0, 0, 0, 0, 0, 0, 0, 0, 0, 1, 13, 1, 13, 1, 13]",86.92468080064792
5072127,E-,136,"[1, 13, 5, 13, 3, 13, 3, 13, 3, 13, 3, 13, 3, 13, 1, 1, 1, 13, 13, 13, 13, 13, 13, 13, 13, 13, 13, 13, 0, 0, 0, 0, 1, 13, 13, 13, 10, 13, 8, 13, 1, 13, 13, 13, 3, 13, 5, 13, 0, 0, 0, 0, 0, 0, 0, 0, 0, 0, 8, 13, 8, 13, 8, 13]",89.79867180399644
5072127,E-,272,"[0, 0, 0, 0, 0, 0, 0, 0, 0, 0, 0, 0, 1, 1, 1, 1, 1, 13, 5, 5, 5, 13, 13, 1, 1, 1, 5, 13, 5, 13, 3, 1, 1, 13, 5, 5, 5, 13, 13, 1, 1, 5, 5, 13, 5, 13, 3, 1, 1, 13, 5, 13, 3, 13, 3, 13, 3, 13, 3, 13, 3, 13, 1, 1]",90.19320304465066
5072127,E-,244,"[0, 0, 0, 0, 0, 0, 0, 0, 0, 0, 1, 13, 1, 13, 1, 13, 1, 13, 5, 13, 3, 13, 1, 13, 1, 13, 13, 13, 12, 13, 10, 13, 10, 13, 13, 13, 0, 0, 0, 0, 0, 0, 1, 13, 1, 13, 13, 13, 1, 13, 5, 13, 3, 13, 1, 13, 1, 13, 1, 13, 1, 12, 10, 13]",53.26056999095154
5072127,E-,84,"[10, 13, 13, 13, 0, 0, 0, 0, 0, 0, 1, 13, 1, 13, 1, 13, 1, 13, 5, 13, 3, 13, 1, 13, 1, 13, 13, 13, 12, 13, 10, 13, 10, 13, 13, 13, 0, 0, 0, 0, 0, 0, 1, 13, 1, 13, 13, 13, 1, 13, 5, 13, 3, 13, 1, 13, 1, 13, 1, 13, 1, 12, 10, 13]",91.2582119479938
5072127,E-,128,"[1, 13, 5, 5, 5, 13, 13, 1, 1, 1, 5, 13, 5, 13, 3, 1, 1, 13, 5, 5, 5, 13, 13, 1, 1, 5, 5, 13, 5, 13, 3, 1, 1, 13, 5, 13, 3, 13, 3, 13, 3, 13, 3, 13, 3, 13, 1, 1, 1, 13, 13, 13, 13, 13, 13, 13, 13, 13, 13, 13, 0, 0, 0, 0]",89.24407360284823
5072127,E-,132,"[1, 13, 5, 5, 5, 13, 13, 1, 1, 5, 5, 13, 5, 13, 3, 1, 1, 13, 5, 13, 3, 13, 3, 13, 3, 13, 3, 13, 3, 13, 1, 1, 1, 13, 13, 13, 13, 13, 13, 13, 13, 13, 13, 13, 0, 0, 0, 0, 1, 13, 13, 13, 10, 13, 8, 13, 1, 13, 13, 13, 3, 13, 5, 13]",79.7726184700683
5072127,E-,132,"[1, 13, 5, 5, 5, 13, 13, 1, 1, 5, 5, 13, 5, 13, 3, 1, 1, 13, 5, 13, 3, 13, 3, 13, 3, 13, 3, 13, 3, 13, 1, 1, 1, 13, 13, 13, 13, 13, 13, 13, 13, 13, 13, 13, 0, 0, 0, 0, 1, 13, 13, 13, 10, 13, 8, 13, 1, 13, 13, 13, 3, 13, 5, 13]",88.11819416523271
5072127,E-,68,"[0, 0, 0, 0, 0, 0, 0, 0, 0, 0, 8, 13, 8, 13, 8, 13, 8, 13, 13, 13, 5, 13, 3, 13, 3, 13, 5, 13, 3, 13, 3, 13, 3, 1, 12, 13, 12, 13, 1, 13, 0, 0, 1, 13, 1, 13, 13, 13, 1, 13, 5, 13, 3, 13, 1, 13, 1, 13, 13, 13, 1, 12, 10, 13]",68.99988658239917
5072127,E-,64,"[1, 13, 13, 13, 10, 13, 8, 13, 1, 13, 13, 13, 3, 13, 5, 13, 0, 0, 0, 0, 0, 0, 0, 0, 0, 0, 8, 13, 8, 13, 8, 13, 8, 13, 13, 13, 5, 13, 3, 13, 3, 13, 5, 13, 3, 13, 3, 13, 3, 1, 12, 13, 12, 13, 1, 13, 0, 0, 1, 13, 1, 13, 13, 13]",56.19407885003305
5072127,E-,100,"[10, 13, 13, 13, 0, 0, 0, 0, 0, 0, 0, 0, 0, 0, 1, 13, 1, 13, 5, 13, 3, 13, 1, 13, 1, 13, 13, 13, 3, 13, 3, 13, 3, 13, 13, 13, 13, 13, 13, 13, 0, 0, 0, 0, 1, 1, 1, 1, 1, 13, 5, 5, 5, 13, 13, 1, 1, 1, 5, 13, 5, 13, 3, 1]",65.54289112857532
5072127,E-,132,"[1, 13, 5, 5, 5, 13, 13, 1, 1, 5, 5, 13, 5, 13, 3, 1, 1, 13, 5, 13, 3, 13, 3, 13, 3, 13, 3, 13, 3, 13, 1, 1, 1, 13, 13, 13, 13, 13, 13, 13, 13, 13, 13, 13, 0, 0, 0, 0, 1, 13, 13, 13, 10, 13, 8, 13, 1, 13, 13, 13, 3, 13, 5, 13]",66.60564556768614
5072127,E-,244,"[0, 0, 0, 0, 0, 0, 0, 0, 0, 0, 1, 13, 1, 13, 1, 13, 1, 13, 5, 13, 3, 13, 1, 13, 1, 13, 13, 13, 12, 13, 10, 13, 10, 13, 13, 13, 0, 0, 0, 0, 0, 0, 1, 13, 1, 13, 13, 13, 1, 13, 5, 13, 3, 13, 1, 13, 1, 13, 1, 13, 1, 12, 10, 13]",74.94085072738194
5072127,E-,248,"[1, 13, 5, 13, 3, 13, 1, 13, 1, 13, 13, 13, 12, 13, 10, 13, 10, 13, 13, 13, 0, 0, 0, 0, 0, 0, 1, 13, 1, 13, 13, 13, 1, 13, 5, 13, 3, 13, 1, 13, 1, 13, 1, 13, 1, 12, 10, 13, 10, 13, 13, 13, 0, 0, 0, 0, 0, 0, 0, 0, 0, 0, 1, 13]",58.51527522361921
5072127,E-,312,"[5, 13, 0, 0, 0, 0, 0, 0, 0, 0, 0, 0, 5, 13, 5, 13, 5, 13, 5, 13, 5, 13, 3, 13, 3, 13, 3, 13, 3, 13, 1, 1, 1, 13, 13, 13, 13, 13, 13, 13, 0, 0, 0, 0, 8, 13, 10, 13, 1, 13, 13, 13, 10, 13, 8, 13, 1, 13, 13, 13, 3, 13, 5, 13]",58.50761004522936
5072127,E-,312,"[5, 13, 0, 0, 0, 0, 0, 0, 0, 0, 0, 0, 5, 13, 5, 13, 5, 13, 5, 13, 5, 13, 3, 13, 3, 13, 3, 13, 3, 13, 1, 1, 1, 13, 13, 13, 13, 13, 13, 13, 0, 0, 0, 0, 8, 13, 10, 13, 1, 13, 13, 13, 10, 13, 8, 13, 1, 13, 13, 13, 3, 13, 5, 13]",88.0460513097988
5072127,E-,236,"[1, 13, 0, 0, 0, 0, 0, 0, 0, 0, 1, 13, 1, 13, 13, 13, 1, 13, 5, 13, 3, 13, 1, 13, 1, 13, 13, 13, 0, 0, 0, 0, 0, 0, 0, 0, 0, 0, 0, 0, 0, 0, 1, 13, 1, 13, 1, 13, 1, 13, 5, 13, 3, 13, 1, 13, 1, 13, 13, 13, 12, 13, 10, 13]",86.74342187637019
5072127,E-,152,"[8, 13, 13, 13, 5, 13, 3, 13, 3, 13, 5, 13, 3, 13, 3, 13, 3, 13, 1, 12, 12, 13, 1, 13, 1, 3, 5, 13, 0, 0, 1, 13, 1, 13, 13, 13, 10, 13, 8, 13, 1, 13, 13, 13, 3, 13, 5, 13, 0, 0, 0, 0, 0, 0, 0, 0, 0, 0, 8, 13, 8, 13, 8, 13]",92.41024317070412
5072127,E-,304,"[1, 13, 13, 13, 13, 13, 13, 13, 0, 0, 0, 0, 8, 13, 10, 13, 1, 13, 13, 13, 10, 13, 8, 13, 1, 13, 13, 13, 3, 13, 5, 13, 5, 13, 0, 0, 0, 0, 0, 0, 0, 0, 0, 0, 5, 13, 5, 13, 5, 13, 5, 13, 5, 13, 3, 13, 3, 13, 3, 13, 3, 13, 1, 1]",59.77506983663393
5072127,E-,88,"[1, 13, 5, 13, 3, 13, 1, 13, 1, 13, 13, 13, 12, 13, 10, 13, 10, 13, 13, 13, 0, 0, 0, 0, 0, 0, 1, 13, 1, 13, 13, 13, 1, 13, 5, 13, 3, 13, 1, 13, 1, 13, 1, 13, 1, 12, 10, 13, 10, 13, 13, 13, 0, 0, 0, 0, 0, 0, 0, 0, 0, 0, 1, 13]",85.66308261624735
5072127,E-,92,"[10, 13, 13, 13, 0, 0, 0, 0, 0, 0, 1, 13, 1, 13, 13, 13, 1, 13, 5, 13, 3, 13, 1, 13, 1, 13, 1, 13, 1, 12, 10, 13, 10, 13, 13, 13, 0, 0, 0, 0, 0, 0, 0, 0, 0, 0, 1, 13, 1, 13, 5, 13, 3, 13, 1, 13, 1, 13, 13, 13, 3, 13, 3, 13]",56.809547585453615
5072127,E-,12,"[0, 0, 0, 0, 0, 0, 0, 0, 0, 0, 0, 0, 0, 0, 1, 13, 1, 13, 13, 13, 10, 13, 8, 13, 1, 13, 13, 13, 3, 13, 5, 13, 0, 0, 0, 0, 0, 0, 0, 0, 0, 0, 0, 0, 8, 8, 8, 13, 8, 13, 13, 13, 5, 13, 3, 13, 3, 13, 3, 13, 5, 13, 3, 13]",85.03769423820461
5072127,E-,128,"[1, 13, 5, 5, 5, 13, 13, 1, 1, 1, 5, 13, 5, 13, 3, 1, 1, 13, 5, 5, 5, 13, 13, 1, 1, 5, 5, 13, 5, 13, 3, 1, 1, 13, 5, 13, 3, 13, 3, 13, 3, 13, 3, 13, 3, 13, 1, 1, 1, 13, 13, 13, 13, 13, 13, 13, 13, 13, 13, 13, 0, 0, 0, 0]",94.42122526592445
5072127,E-,72,"[8, 13, 13, 13, 5, 13, 3, 13, 3, 13, 5, 13, 3, 13, 3, 13, 3, 1, 12, 13, 12, 13, 1, 13, 0, 0, 1, 13, 1, 13, 13, 13, 1, 13, 5, 13, 3, 13, 1, 13, 1, 13, 13, 13, 1, 12, 10, 13, 10, 13, 13, 13, 0, 0, 0, 0, 0, 0, 1, 13, 1, 13, 1, 13]",96.03993058472287
5072127,E-,240,"[1, 13, 5, 13, 3, 13, 1, 13, 1, 13, 13, 13, 0, 0, 0, 0, 0, 0, 0, 0, 0, 0, 0, 0, 0, 0, 1, 13, 1, 13, 1, 13, 1, 13, 5, 13, 3, 13, 1, 13, 1, 13, 13, 13, 12, 13, 10, 13, 10, 13, 13, 13, 0, 0, 0, 0, 0, 0, 1, 13, 1, 13, 13, 13]",60.526257318839555
5072127,E-,136,"[1, 13, 5, 13, 3, 13, 3, 13, 3, 13, 3, 13, 3, 13, 1, 1, 1, 13, 13, 13, 13, 13, 13, 13, 13, 13, 13, 13, 0, 0, 0, 0, 1, 13, 13, 13, 10, 13, 8, 13, 1, 13, 13, 13, 3, 13, 5, 13, 0, 0, 0, 0, 0, 0, 0, 0, 0, 0, 8, 13, 8, 13, 8, 13]",59.27683324129346
5072127,E-,132,"[1, 13, 5, 5, 5, 13, 13, 1, 1, 5, 5, 13, 5, 13, 3, 1, 1, 13, 5, 13, 3, 13, 3, 13, 3, 13, 3, 13, 3, 13, 1, 1, 1, 13, 13, 13, 13, 13, 13, 13, 13, 13, 13, 13, 0, 0, 0, 0, 1, 13, 13, 13, 10, 13, 8, 13, 1, 13, 13, 13, 3, 13, 5, 13]",65.17992238717343
5072127,E-,52,"[0, 0, 0, 0, 0, 0, 0, 0, 0, 0, 8, 13, 8, 8, 8, 13, 8, 13, 13, 13, 5, 13, 3, 13, 3, 13, 5, 13, 3, 13, 3, 13, 3, 13, 13, 5, 0, 0, 0, 0, 0, 0, 1, 13, 1, 1, 1, 13, 1, 13, 13, 13, 10, 13, 8, 13, 1, 13, 13, 13, 3, 13, 5, 13]",92.67311370019144
5072127,E-,220,"[1, 13, 13, 13, 13, 13, 13, 13, 0, 0, 0, 0, 8, 13, 10, 13, 1, 13, 13, 13, 10, 13, 8, 13, 1, 13, 13, 13, 3, 13, 5, 13, 5, 13, 0, 0, 0, 0, 0, 0, 0, 0, 0, 0, 5, 13, 5, 13, 5, 13, 5, 13, 3, 13, 3, 13, 3, 13, 3, 13, 3, 13, 1, 1]",73.55976593866896
5072127,E-,152,"[8, 13, 13, 13, 5, 13, 3, 13, 3, 13, 5, 13, 3, 13, 3, 13, 3, 13, 1, 12, 12, 13, 1, 13, 1, 3, 5, 13, 0, 0, 1, 13, 1, 13, 13, 13, 10, 13, 8, 13, 1, 13, 13, 13, 3, 13, 5, 13, 0, 0, 0, 0, 0, 0, 0, 0, 0, 0, 8, 13, 8, 13, 8, 13]",84.28966300592421
5072127,E-,212,"[1, 13, 5, 5, 5, 13, 13, 1, 1, 5, 5, 13, 5, 13, 3, 1, 1, 13, 5, 13, 3, 13, 3, 13, 3, 13, 3, 13, 3, 13, 1, 1, 1, 13, 13, 13, 13, 13, 13, 13, 0, 0, 0, 0, 8, 13, 10, 13, 1, 13, 13, 13, 10, 13, 8, 13, 1, 13, 13, 13, 3, 13, 5, 13]",84.17648890146226
5072127,E-,52,"[0, 0, 0, 0, 0, 0, 0, 0, 0, 0, 8, 13, 8, 8, 8, 13, 8, 13, 13, 13, 5, 13, 3, 13, 3, 13, 5, 13, 3, 13, 3, 13, 3, 13, 13, 5, 0, 0, 0, 0, 0, 0, 1, 13, 1, 1, 1, 13, 1, 13, 13, 13, 10, 13, 8, 13, 1, 13, 13, 13, 3, 13, 5, 13]",55.44694940344557
5072127,E-,244,"[0, 0, 0, 0, 0, 0, 0, 0, 0, 0, 1, 13, 1, 13, 1, 13, 1, 13, 5, 13, 3, 13, 1, 13, 1, 13, 13, 13, 12, 13, 10, 13, 10, 13, 13, 13, 0, 0, 0, 0, 0, 0, 1, 13, 1, 13, 13, 13, 1, 13, 5, 13, 3, 13, 1, 13, 1, 13, 1, 13, 1, 12, 10, 13]",78.0777122602178
5072127,E-,132,"[1, 13, 5, 5, 5, 13, 13, 1, 1, 5, 5, 13, 5, 13, 3, 1, 1, 13, 5, 13, 3, 13, 3, 13, 3, 13, 3, 13, 3, 13, 1, 1, 1, 13, 13, 13, 13, 13, 13, 13, 13, 13, 13, 13, 0, 0, 0, 0, 1, 13, 13, 13, 10, 13, 8, 13, 1, 13, 13, 13, 3, 13, 5, 13]",80.9981452267519
5072127,E-,108,"[3, 13, 13, 13, 13, 13, 13, 13, 0, 0, 0, 0, 1, 1, 1, 1, 1, 13, 5, 5, 5, 13, 13, 1, 1, 1, 5, 13, 5, 13, 3, 1, 1, 13, 5, 5, 5, 13, 13, 1, 1, 5, 5, 13, 5, 13, 3, 1, 1, 13, 5, 13, 3, 13, 3, 13, 3, 13, 3, 13, 3, 13, 1, 1]",88.69353343731818
5072127,E-,240,"[1, 13, 5, 13, 3, 13, 1, 13, 1, 13, 13, 13, 0, 0, 0, 0, 0, 0, 0, 0, 0, 0, 0, 0, 0, 0, 1, 13, 1, 13, 1, 13, 1, 13, 5, 13, 3, 13, 1, 13, 1, 13, 13, 13, 12, 13, 10, 13, 10, 13, 13, 13, 0, 0, 0, 0, 0, 0, 1, 13, 1, 13, 13, 13]",73.22204719666895
5072127,E-,20,"[0, 0, 0, 0, 0, 0, 0, 0, 0, 0, 0, 0, 8, 8, 8, 13, 8, 13, 13, 13, 5, 13, 3, 13, 3, 13, 3, 13, 5, 13, 3, 13, 3, 13, 13, 13, 1, 13, 12, 13, 12, 13, 13, 13, 0, 0, 1, 13, 1, 13, 13, 13, 10, 13, 8, 13, 1, 13, 13, 13, 3, 13, 5, 13]",76.67949354333926
6063106,B,268,"[8, 13, 6, 13, 4, 13, 3, 13, 4, 13, 4, 13, 1, 13, 1, 13, 4, 13, 4, 13, 6, 13, 6, 13, 4, 3, 0, 0, 0, 0, 0, 0, 0, 0, 8, 13, 4, 13, 3, 13, 1, 13, 13, 13, 13, 13, 13, 13, 8, 13, 6, 13, 4, 13, 3, 13, 4, 13, 0, 0, 0, 0, 0, 0]",127.03520663621092
6063106,B,228,"[4, 13, 13, 13, 1, 13, 1, 13, 0, 0, 0, 0, 1, 1, 0, 1, 4, 4, 0, 4, 4, 4, 0, 4, 6, 6, 0, 6, 4, 4, 0, 3, 4, 13, 13, 13, 1, 13, 1, 13, 0, 0, 0, 0, 0, 0, 0, 0, 4, 13, 13, 13, 1, 13, 1, 13, 0, 0, 1, 13, 1, 13, 1, 13]",115.59650601431744
6063106,B,196,"[4, 13, 13, 13, 1, 13, 1, 13, 0, 0, 0, 0, 0, 0, 0, 0, 4, 4, 0, 4, 4, 4, 0, 4, 6, 6, 0, 6, 4, 4, 0, 3, 4, 13, 13, 13, 1, 13, 1, 13, 0, 0, 0, 0, 0, 0, 0, 0, 4, 13, 13, 13, 1, 13, 1, 13, 0, 0, 0, 0, 0, 0, 0, 0]",130.35693423609615
6063106,B,140,"[4, 13, 4, 13, 4, 13, 6, 13, 3, 13, 0, 0, 1, 13, 0, 0, 0, 0, 8, 13, 4, 13, 3, 13, 1, 13, 13, 13, 13, 13, 13, 13, 8, 13, 6, 13, 4, 13, 3, 13, 4, 13, 0, 0, 1, 13, 0, 0, 0, 0, 8, 13, 4, 13, 3, 13, 1, 13, 13, 13, 13, 13, 13, 13]",135.75637607247813
6063106,B,36,"[4, 13, 4, 13, 4, 13, 4, 13, 6, 13, 6, 13, 4, 13, 3, 13, 4, 13, 3, 1, 0, 0, 1, 0, 0, 0, 1, 13, 4, 13, 3, 13, 3, 13, 13, 13, 0, 0, 0, 0, 0, 0, 0, 0, 0, 0, 1, 13, 4, 13, 4, 1, 1, 13, 0, 0, 0, 0, 1, 13, 1, 13, 1, 13]",124.57919330153263
6063106,B,140,"[4, 13, 4, 13, 4, 13, 6, 13, 3, 13, 0, 0, 1, 13, 0, 0, 0, 0, 8, 13, 4, 13, 3, 13, 1, 13, 13, 13, 13, 13, 13, 13, 8, 13, 6, 13, 4, 13, 3, 13, 4, 13, 0, 0, 1, 13, 0, 0, 0, 0, 8, 13, 4, 13, 3, 13, 1, 13, 13, 13, 13, 13, 13, 13]",143.56268392327405
6063106,B,156,"[8, 13, 6, 13, 4, 13, 3, 13, 4, 13, 0, 0, 1, 13, 0, 0, 0, 0, 8, 13, 4, 13, 3, 13, 1, 13, 13, 13, 13, 13, 13, 13, 8, 13, 6, 13, 4, 13, 3, 13, 4, 13, 0, 0, 1, 13, 0, 0, 0, 0, 8, 13, 4, 13, 3, 13, 1, 13, 13, 13, 13, 13, 13, 13]",113.21939892777002
6063106,B,252,"[8, 13, 6, 13, 4, 13, 3, 13, 4, 13, 0, 0, 1, 13, 1, 13, 4, 13, 4, 13, 6, 13, 6, 13, 4, 3, 0, 0, 0, 0, 0, 0, 8, 13, 6, 13, 4, 13, 3, 13, 4, 13, 0, 0, 1, 13, 1, 13, 8, 13, 6, 13, 4, 13, 3, 13, 4, 13, 0, 0, 0, 0, 0, 0]",111.69673378526797
6063106,B,136,"[8, 13, 6, 13, 4, 13, 3, 13, 4, 13, 3, 13, 1, 13, 1, 13, 4, 13, 4, 13, 4, 13, 6, 13, 3, 13, 0, 0, 1, 13, 0, 0, 0, 0, 8, 13, 4, 13, 3, 13, 1, 13, 13, 13, 13, 13, 13, 13, 8, 13, 6, 13, 4, 13, 3, 13, 4, 13, 0, 0, 1, 13, 0, 0]",114.77768460514254
6063106,B,280,"[8, 13, 6, 13, 4, 13, 3, 13, 4, 13, 0, 0, 0, 0, 0, 0, 0, 0, 8, 13, 4, 13, 3, 13, 1, 13, 13, 13, 13, 13, 13, 13, 8, 13, 6, 13, 4, 13, 3, 13, 4, 13, 13, 13, 0, 0, 0, 0, 0, 0, 8, 13, 4, 13, 3, 13, 1, 13, 13, 13, 13, 13, 13, 13]",149.0238980796213
6063106,B,8,"[0, 0, 8, 13, 4, 13, 3, 13, 1, 13, 13, 13, 13, 13, 13, 13, 8, 13, 6, 13, 4, 13, 3, 13, 3, 13, 13, 13, 1, 13, 3, 13, 4, 13, 3, 1, 0, 0, 1, 0, 0, 0, 11, 13, 1, 13, 1, 13, 4, 13, 4, 13, 4, 13, 4, 13, 6, 13, 6, 13, 4, 13, 3, 13]",141.96021074694823
6063106,B,88,"[0, 1, 1, 13, 1, 1, 1, 1, 1, 1, 1, 1, 1, 1, 1, 1, 4, 13, 3, 13, 1, 13, 11, 13, 4, 13, 3, 13, 1, 13, 11, 13, 0, 0, 1, 13, 1, 13, 11, 13, 1, 13, 11, 13, 1, 13, 3, 13, 4, 13, 3, 13, 1, 13, 11, 13, 3, 13, 3, 13, 1, 13, 11, 13]",149.542875745899
6063106,B,120,"[8, 13, 6, 13, 4, 13, 3, 13, 4, 13, 0, 0, 1, 13, 1, 13, 4, 13, 4, 13, 4, 13, 6, 13, 3, 13, 0, 0, 0, 0, 0, 0, 8, 13, 6, 13, 4, 13, 3, 13, 4, 13, 0, 0, 1, 13, 1, 13, 8, 13, 6, 13, 4, 13, 3, 13, 4, 1, 0, 0, 0, 0, 0, 0]",134.6746841338159
6063106,B,16,"[4, 13, 3, 1, 0, 0, 1, 0, 0, 0, 11, 13, 1, 13, 1, 13, 4, 13, 4, 13, 4, 13, 4, 13, 6, 13, 6, 13, 4, 13, 3, 13, 4, 13, 3, 1, 0, 0, 1, 0, 0, 0, 11, 13, 1, 13, 1, 13, 4, 13, 4, 13, 4, 13, 4, 13, 6, 13, 6, 13, 4, 13, 3, 13]",131.25781814332717
6063106,B,224,"[4, 4, 0, 4, 4, 4, 0, 4, 6, 6, 0, 6, 4, 4, 0, 3, 4, 13, 13, 13, 1, 13, 1, 13, 0, 0, 0, 0, 1, 1, 0, 1, 4, 4, 0, 4, 4, 4, 0, 4, 6, 6, 0, 6, 4, 4, 0, 3, 4, 13, 13, 13, 1, 13, 1, 13, 0, 0, 0, 0, 0, 0, 0, 0]",140.76805006090285
6063106,B,228,"[4, 13, 13, 13, 1, 13, 1, 13, 0, 0, 0, 0, 1, 1, 0, 1, 4, 4, 0, 4, 4, 4, 0, 4, 6, 6, 0, 6, 4, 4, 0, 3, 4, 13, 13, 13, 1, 13, 1, 13, 0, 0, 0, 0, 0, 0, 0, 0, 4, 13, 13, 13, 1, 13, 1, 13, 0, 0, 1, 13, 1, 13, 1, 13]",111.48346146889145
6063106,B,56,"[4, 13, 3, 1, 1, 13, 0, 0, 0, 0, 1, 13, 1, 13, 1, 13, 4, 13, 4, 13, 4, 13, 4, 13, 6, 13, 6, 13, 4, 13, 3, 13, 4, 13, 3, 1, 0, 0, 1, 0, 0, 0, 1, 13, 1, 13, 1, 13, 4, 13, 4, 13, 4, 13, 4, 13, 6, 13, 6, 13, 4, 13, 3, 13]",154.3971881309085
6063106,B,84,"[4, 13, 3, 13, 1, 13, 11, 13, 4, 13, 3, 13, 1, 13, 11, 13, 0, 1, 1, 13, 1, 1, 1, 1, 1, 1, 1, 1, 1, 1, 1, 1, 4, 13, 3, 13, 1, 13, 11, 13, 4, 13, 3, 13, 1, 13, 11, 13, 0, 0, 1, 13, 1, 13, 11, 13, 1, 13, 11, 13, 1, 13, 3, 13]",127.85808608100398
6063106,B,196,"[4, 13, 13, 13, 1, 13, 1, 13, 0, 0, 0, 0, 0, 0, 0, 0, 4, 4, 0, 4, 4, 4, 0, 4, 6, 6, 0, 6, 4, 4, 0, 3, 4, 13, 13, 13, 1, 13, 1, 13, 0, 0, 0, 0, 0, 0, 0, 0, 4, 13, 13, 13, 1, 13, 1, 13, 0, 0, 0, 0, 0, 0, 0, 0]",115.38548816217326
6063106,B,72,"[4, 13, 3, 1, 1, 13, 0, 0, 0, 0, 1, 13, 4, 13, 3, 13, 3, 13, 1, 13, 4, 13, 3, 13, 3, 13, 13, 13, 13, 13, 0, 0, 0, 1, 1, 13, 1, 1, 1, 1, 1, 1, 1, 1, 1, 1, 1, 1, 4, 13, 3, 13, 1, 13, 11, 13, 4, 13, 3, 13, 1, 13, 11, 13]",110.13484096512376
6063106,B,12,"[8, 13, 6, 13, 4, 13, 3, 13, 3, 13, 13, 13, 1, 13, 3, 13, 4, 13, 3, 1, 0, 0, 1, 0, 0, 0, 11, 13, 1, 13, 1, 13, 4, 13, 4, 13, 4, 13, 4, 13, 6, 13, 6, 13, 4, 13, 3, 13, 4, 13, 3, 1, 0, 0, 1, 0, 0, 0, 11, 13, 1, 13, 1, 13]",110.18939899954563
6063106,B,48,"[4, 13, 4, 1, 1, 13, 0, 0, 0, 0, 1, 13, 1, 13, 1, 13, 4, 13, 4, 13, 4, 13, 4, 13, 6, 13, 6, 13, 4, 13, 3, 13, 4, 13, 3, 1, 1, 13, 0, 0, 0, 0, 1, 13, 1, 13, 1, 13, 4, 13, 4, 13, 4, 13, 4, 13, 6, 13, 6, 13, 4, 13, 3, 13]",125.77225577327098
6063106,B,188,"[4, 13, 13, 13, 1, 13, 1, 13, 0, 0, 0, 0, 0, 0, 0, 0, 4, 4, 0, 4, 4, 4, 0, 4, 6, 6, 0, 6, 4, 4, 0, 3, 4, 13, 13, 13, 1, 13, 1, 13, 0, 0, 0, 0, 0, 0, 0, 0, 4, 4, 0, 4, 4, 4, 0, 4, 6, 6, 0, 6, 4, 4, 0, 3]",130.02913513671834
6063106,B,176,"[0, 0, 0, 0, 0, 0, 0, 0, 0, 0, 0, 0, 3, 3, 3, 13, 4, 13, 13, 13, 1, 13, 1, 13, 0, 0, 0, 0, 1, 1, 0, 1, 4, 4, 0, 4, 4, 4, 0, 4, 6, 6, 0, 6, 4, 4, 0, 3, 4, 13, 13, 13, 1, 13, 1, 13, 0, 0, 0, 0, 0, 0, 0, 0]",130.92596100833117
6063106,B,164,"[8, 13, 6, 13, 4, 13, 3, 13, 4, 13, 0, 0, 1, 13, 0, 0, 0, 0, 8, 13, 4, 13, 3, 13, 1, 13, 13, 13, 13, 13, 13, 13, 8, 13, 6, 13, 4, 13, 3, 13, 4, 13, 0, 0, 4, 13, 0, 0, 0, 0, 0, 0, 0, 0, 0, 0, 0, 0, 0, 0, 3, 3, 3, 13]",147.85473292874545
6063106,B,212,"[4, 13, 13, 13, 1, 13, 1, 13, 0, 0, 0, 0, 1, 1, 0, 1, 4, 4, 0, 4, 4, 4, 0, 4, 6, 6, 0, 6, 4, 4, 0, 3, 4, 13, 13, 13, 1, 13, 1, 13, 0, 0, 0, 0, 1, 13, 13, 13, 4, 4, 0, 4, 4, 4, 0, 4, 6, 6, 0, 6, 4, 4, 0, 3]",122.80312637931895
6063106,B,20,"[4, 13, 4, 13, 4, 13, 4, 13, 6, 13, 6, 13, 4, 13, 3, 13, 4, 13, 3, 1, 0, 0, 1, 0, 0, 0, 11, 13, 1, 13, 1, 13, 4, 13, 4, 13, 4, 13, 4, 13, 6, 13, 6, 13, 4, 13, 3, 13, 4, 13, 3, 1, 0, 0, 1, 0, 0, 0, 11, 13, 1, 13, 1, 13]",122.35448799708931
6063106,B,116,"[8, 13, 6, 13, 4, 13, 3, 13, 4, 13, 0, 0, 0, 0, 0, 0, 8, 13, 6, 13, 4, 13, 3, 13, 4, 13, 0, 0, 1, 13, 1, 13, 4, 13, 4, 13, 4, 13, 6, 13, 3, 13, 0, 0, 0, 0, 0, 0, 8, 13, 6, 13, 4, 13, 3, 13, 4, 13, 0, 0, 1, 13, 1, 13]",117.10925151419734
6063106,B,4,"[8, 13, 6, 13, 4, 13, 3, 13, 4, 13, 6, 13, 9, 13, 3, 13, 0, 0, 8, 13, 4, 13, 3, 13, 1, 13, 13, 13, 13, 13, 13, 13, 8, 13, 6, 13, 4, 13, 3, 13, 3, 13, 13, 13, 1, 13, 3, 13, 4, 13, 3, 1, 0, 0, 1, 0, 0, 0, 11, 13, 1, 13, 1, 13]",143.50812588885213
6063106,B,136,"[8, 13, 6, 13, 4, 13, 3, 13, 4, 13, 3, 13, 1, 13, 1, 13, 4, 13, 4, 13, 4, 13, 6, 13, 3, 13, 0, 0, 1, 13, 0, 0, 0, 0, 8, 13, 4, 13, 3, 13, 1, 13, 13, 13, 13, 13, 13, 13, 8, 13, 6, 13, 4, 13, 3, 13, 4, 13, 0, 0, 1, 13, 0, 0]",138.03428673280396
6063106,B,276,"[0, 0, 8, 13, 4, 13, 3, 13, 1, 13, 13, 13, 13, 13, 13, 13, 8, 13, 6, 13, 4, 13, 3, 13, 4, 13, 0, 0, 0, 0, 0, 0, 0, 0, 8, 13, 4, 13, 3, 13, 1, 13, 13, 13, 13, 13, 13, 13, 8, 13, 6, 13, 4, 13, 3, 13, 4, 13, 13, 13, 0, 0, 0, 0]",132.28901008318567
6063106,B,252,"[8, 13, 6, 13, 4, 13, 3, 13, 4, 13, 0, 0, 1, 13, 1, 13, 4, 13, 4, 13, 6, 13, 6, 13, 4, 3, 0, 0, 0, 0, 0, 0, 8, 13, 6, 13, 4, 13, 3, 13, 4, 13, 0, 0, 1, 13, 1, 13, 8, 13, 6, 13, 4, 13, 3, 13, 4, 13, 0, 0, 0, 0, 0, 0]",115.84134082994632
6063106,B,208,"[4, 13, 13, 13, 1, 13, 1, 13, 0, 0, 0, 0, 0, 0, 0, 0, 4, 13, 13, 13, 1, 13, 1, 13, 0, 0, 0, 0, 1, 1, 0, 1, 4, 4, 0, 4, 4, 4, 0, 4, 6, 6, 0, 6, 4, 4, 0, 3, 4, 13, 13, 13, 1, 13, 1, 13, 0, 0, 0, 0, 1, 13, 13, 13]",152.16121050530361
6063106,B,84,"[4, 13, 3, 13, 1, 13, 11, 13, 4, 13, 3, 13, 1, 13, 11, 13, 0, 1, 1, 13, 1, 1, 1, 1, 1, 1, 1, 1, 1, 1, 1, 1, 4, 13, 3, 13, 1, 13, 11, 13, 4, 13, 3, 13, 1, 13, 11, 13, 0, 0, 1, 13, 1, 13, 11, 13, 1, 13, 11, 13, 1, 13, 3, 13]",141.23246969275863
6063106,B,176,"[0, 0, 0, 0, 0, 0, 0, 0, 0, 0, 0, 0, 3, 3, 3, 13, 4, 13, 13, 13, 1, 13, 1, 13, 0, 0, 0, 0, 1, 1, 0, 1, 4, 4, 0, 4, 4, 4, 0, 4, 6, 6, 0, 6, 4, 4, 0, 3, 4, 13, 13, 13, 1, 13, 1, 13, 0, 0, 0, 0, 0, 0, 0, 0]",139.04563938741813
6063106,B,144,"[0, 0, 8, 13, 4, 13, 3, 13, 1, 13, 13, 13, 13, 13, 13, 13, 8, 13, 6, 13, 4, 13, 3, 13, 4, 13, 0, 0, 1, 13, 0, 0, 0, 0, 8, 13, 4, 13, 3, 13, 1, 13, 13, 13, 13, 13, 13, 13, 8, 13, 6, 13, 4, 13, 3, 13, 4, 13, 0, 0, 1, 13, 0, 0]",113.08728732375664
6063106,B,180,"[4, 13, 13, 13, 1, 13, 1, 13, 0, 0, 0, 0, 1, 1, 0, 1, 4, 4, 0, 4, 4, 4, 0, 4, 6, 6, 0, 6, 4, 4, 0, 3, 4, 13, 13, 13, 1, 13, 1, 13, 0, 0, 0, 0, 0, 0, 0, 0, 4, 4, 0, 4, 4, 4, 0, 4, 6, 6, 0, 6, 4, 4, 0, 3]",137.97702334130332
6063106,B,180,"[4, 13, 13, 13, 1, 13, 1, 13, 0, 0, 0, 0, 1, 1, 0, 1, 4, 4, 0, 4, 4, 4, 0, 4, 6, 6, 0, 6, 4, 4, 0, 3, 4, 13, 13, 13, 1, 13, 1, 13, 0, 0, 0, 0, 0, 0, 0, 0, 4, 4, 0, 4, 4, 4, 0, 4, 6, 6, 0, 6, 4, 4, 0, 3]",138.15873315842745
4830441,B,16,"[3, 13, 13, 13, 0, 0, 0, 0, 0, 0, 0, 0, 0, 0, 0, 0, 1, 13, 13, 13, 0, 8, 1, 3, 4, 6, 0, 4, 3, 1, 0, 11, 9, 13, 13, 4, 13, 13, 6, 13, 4, 13, 0, 0, 0, 0, 0, 0, 4, 13, 11, 13, 4, 13, 11, 13, 4, 13, 11, 13, 4, 13, 6, 3]",161.62409867400075
4830441,B,156,"[8, 8, 8, 8, 8, 8, 8, 4, 9, 13, 8, 0, 8, 8, 8, 8, 4, 9, 9, 8, 11, 11, 4, 4, 4, 13, 4, 0, 8, 8, 8, 8, 6, 6, 0, 6, 6, 6, 0, 4, 6, 13, 0, 0, 0, 0, 0, 0, 11, 8, 13, 8, 8, 0, 0, 0, 0, 0, 0, 0, 0, 0, 0, 0]",162.57412990149612
4830441,B,100,"[8, 6, 8, 6, 8, 13, 6, 13, 13, 8, 8, 6, 8, 6, 6, 8, 9, 9, 4, 13, 0, 0, 0, 0, 9, 9, 9, 9, 9, 9, 11, 11, 11, 13, 13, 13, 8, 13, 13, 13, 13, 13, 0, 0, 0, 0, 8, 8, 8, 6, 8, 11, 9, 8, 0, 0, 0, 0, 0, 0, 0, 0, 0, 0]",131.77454134537257
4830441,B,164,"[6, 6, 0, 6, 6, 6, 0, 4, 6, 13, 0, 0, 0, 0, 0, 0, 11, 8, 13, 8, 8, 0, 0, 0, 0, 0, 0, 0, 0, 0, 0, 0, 4, 13, 4, 13, 8, 8, 8, 8, 4, 13, 4, 0, 8, 8, 8, 8, 1, 13, 9, 9, 4, 13, 4, 4, 1, 13, 1, 0, 6, 6, 6, 4]",123.08854155112937
4830441,B,108,"[11, 13, 13, 13, 8, 13, 13, 13, 13, 13, 0, 0, 0, 0, 8, 8, 8, 6, 8, 11, 9, 8, 0, 0, 0, 0, 0, 0, 0, 0, 0, 0, 8, 6, 8, 6, 8, 6, 8, 13, 8, 6, 0, 8, 6, 8, 0, 9, 9, 13, 4, 13, 0, 0, 0, 0, 9, 9, 9, 9, 9, 13, 11, 11]",158.4660451773812
4830441,B,140,"[6, 6, 6, 6, 6, 8, 6, 4, 4, 13, 4, 0, 4, 6, 6, 4, 6, 6, 6, 6, 6, 8, 6, 4, 4, 13, 0, 0, 0, 0, 0, 0, 4, 8, 6, 8, 4, 0, 0, 0, 0, 0, 0, 0, 0, 0, 0, 0, 8, 8, 8, 8, 8, 8, 8, 4, 9, 13, 8, 0, 8, 0, 8, 8]",134.1782511098613
4830441,B,156,"[8, 8, 8, 8, 8, 8, 8, 4, 9, 13, 8, 0, 8, 8, 8, 8, 4, 9, 9, 8, 11, 11, 4, 4, 4, 13, 4, 0, 8, 8, 8, 8, 6, 6, 0, 6, 6, 6, 0, 4, 6, 13, 0, 0, 0, 0, 0, 0, 11, 8, 13, 8, 8, 0, 0, 0, 0, 0, 0, 0, 0, 0, 0, 0]",134.00510825681988
4830441,B,168,"[11, 8, 13, 8, 8, 0, 0, 0, 0, 0, 0, 0, 0, 0, 0, 0, 4, 13, 4, 13, 8, 8, 8, 8, 4, 13, 4, 0, 8, 8, 8, 8, 1, 13, 9, 9, 4, 13, 4, 4, 1, 13, 1, 0, 6, 6, 6, 4, 6, 13, 4, 13, 6, 6, 6, 4, 6, 13, 4, 0, 4, 4, 4, 4]",124.00250135090776
4830441,B,124,"[11, 8, 13, 13, 0, 0, 0, 0, 8, 8, 8, 8, 8, 11, 9, 8, 8, 6, 13, 13, 0, 0, 0, 0, 0, 4, 4, 4, 4, 4, 4, 1, 4, 1, 0, 1, 3, 4, 3, 1, 4, 13, 13, 13, 1, 13, 13, 13, 4, 1, 3, 4, 1, 1, 13, 13, 0, 1, 3, 4, 3, 1, 4, 1]",146.8239918817334
4830441,B,160,"[4, 9, 9, 8, 11, 11, 4, 4, 4, 13, 4, 0, 8, 8, 8, 8, 6, 6, 0, 6, 6, 6, 0, 4, 6, 13, 0, 0, 0, 0, 0, 0, 11, 8, 13, 8, 8, 0, 0, 0, 0, 0, 0, 0, 0, 0, 0, 0, 4, 13, 4, 13, 8, 8, 8, 8, 4, 13, 4, 0, 8, 8, 8, 8]",156.744085396743
4830441,B,56,"[1, 13, 0, 0, 1, 1, 1, 3, 4, 3, 4, 3, 4, 13, 6, 11, 11, 13, 0, 0, 11, 11, 11, 11, 4, 3, 4, 3, 4, 13, 6, 6, 3, 13, 13, 13, 13, 13, 0, 0, 0, 0, 4, 13, 13, 13, 3, 13, 1, 13, 8, 13, 0, 8, 8, 8, 8, 8, 1, 1, 1, 1, 13, 11]",122.18224692974086
4830441,B,28,"[4, 13, 11, 13, 4, 13, 11, 13, 4, 13, 11, 13, 4, 13, 6, 3, 3, 13, 13, 13, 0, 0, 0, 0, 0, 0, 0, 0, 0, 0, 0, 0, 1, 13, 13, 13, 1, 1, 1, 3, 4, 3, 4, 13, 3, 4, 0, 3, 1, 13, 0, 0, 1, 1, 1, 3, 4, 3, 4, 13, 3, 4, 0, 6]",140.38208578433137
4830441,B,184,"[3, 3, 0, 3, 3, 3, 4, 1, 4, 13, 0, 0, 0, 0, 0, 0, 11, 8, 13, 8, 8, 0, 0, 0, 0, 0, 0, 0, 0, 0, 0, 0, 1, 13, 1, 13, 4, 4, 4, 4, 1, 13, 1, 0, 4, 4, 4, 4, 1, 13, 9, 9, 4, 13, 4, 4, 1, 13, 1, 0, 6, 6, 6, 4]",136.71722872828857
4830441,B,92,"[4, 11, 0, 0, 11, 11, 11, 11, 11, 4, 4, 4, 4, 6, 13, 6, 6, 3, 13, 13, 0, 0, 0, 0, 0, 0, 0, 0, 0, 0, 0, 0, 8, 6, 8, 6, 8, 13, 6, 13, 13, 8, 8, 6, 8, 6, 6, 8, 9, 9, 4, 13, 0, 0, 0, 0, 9, 9, 9, 9, 9, 9, 11, 11]",139.08982688637138
4830441,B,180,"[6, 13, 4, 13, 6, 6, 6, 4, 6, 13, 4, 0, 4, 4, 4, 4, 3, 3, 0, 3, 3, 3, 4, 1, 4, 13, 0, 0, 0, 0, 0, 0, 11, 8, 13, 8, 8, 0, 0, 0, 0, 0, 0, 0, 0, 0, 0, 0, 1, 13, 1, 13, 4, 4, 4, 4, 1, 13, 1, 0, 4, 4, 4, 4]",142.28755895347962
4830441,B,52,"[1, 13, 13, 13, 1, 1, 1, 3, 4, 3, 4, 3, 3, 4, 0, 3, 1, 13, 0, 0, 1, 1, 1, 3, 4, 3, 4, 3, 4, 13, 6, 11, 11, 13, 0, 0, 11, 11, 11, 11, 4, 3, 4, 3, 4, 13, 6, 6, 3, 13, 13, 13, 13, 13, 0, 0, 0, 0, 4, 13, 13, 13, 3, 13]",162.41992454800615
4830441,B,152,"[8, 8, 8, 8, 8, 8, 8, 4, 9, 13, 8, 0, 8, 0, 8, 8, 8, 8, 8, 8, 8, 8, 8, 4, 9, 13, 8, 0, 8, 8, 8, 8, 4, 9, 9, 8, 11, 11, 4, 4, 4, 13, 4, 0, 8, 8, 8, 8, 6, 6, 0, 6, 6, 6, 0, 4, 6, 13, 0, 0, 0, 0, 0, 0]",136.12836267080925
4830441,B,100,"[8, 6, 8, 6, 8, 13, 6, 13, 13, 8, 8, 6, 8, 6, 6, 8, 9, 9, 4, 13, 0, 0, 0, 0, 9, 9, 9, 9, 9, 9, 11, 11, 11, 13, 13, 13, 8, 13, 13, 13, 13, 13, 0, 0, 0, 0, 8, 8, 8, 6, 8, 11, 9, 8, 0, 0, 0, 0, 0, 0, 0, 0, 0, 0]",127.94285393613885
4830441,B,100,"[8, 6, 8, 6, 8, 13, 6, 13, 13, 8, 8, 6, 8, 6, 6, 8, 9, 9, 4, 13, 0, 0, 0, 0, 9, 9, 9, 9, 9, 9, 11, 11, 11, 13, 13, 13, 8, 13, 13, 13, 13, 13, 0, 0, 0, 0, 8, 8, 8, 6, 8, 11, 9, 8, 0, 0, 0, 0, 0, 0, 0, 0, 0, 0]",157.65083091097796
4830441,B,92,"[4, 11, 0, 0, 11, 11, 11, 11, 11, 4, 4, 4, 4, 6, 13, 6, 6, 3, 13, 13, 0, 0, 0, 0, 0, 0, 0, 0, 0, 0, 0, 0, 8, 6, 8, 6, 8, 13, 6, 13, 13, 8, 8, 6, 8, 6, 6, 8, 9, 9, 4, 13, 0, 0, 0, 0, 9, 9, 9, 9, 9, 9, 11, 11]",137.67672870555964
4830441,B,104,"[9, 13, 4, 13, 0, 0, 0, 0, 9, 9, 9, 9, 9, 9, 11, 11, 11, 13, 13, 13, 8, 13, 13, 13, 13, 13, 0, 0, 0, 0, 8, 8, 8, 6, 8, 11, 9, 8, 0, 0, 0, 0, 0, 0, 0, 0, 0, 0, 8, 6, 8, 6, 8, 6, 8, 13, 8, 6, 0, 8, 6, 8, 0, 9]",120.81559071211466
4830441,B,128,"[8, 6, 13, 13, 0, 0, 0, 0, 0, 4, 4, 4, 4, 4, 4, 1, 4, 1, 0, 1, 3, 4, 3, 1, 4, 13, 13, 13, 1, 13, 13, 13, 4, 1, 3, 4, 1, 1, 13, 13, 0, 1, 3, 4, 3, 1, 4, 1, 6, 6, 6, 6, 6, 8, 6, 4, 4, 13, 4, 0, 4, 6, 6, 4]",143.71328213399235
4830441,B,96,"[6, 3, 13, 13, 0, 0, 0, 0, 0, 0, 0, 0, 0, 0, 0, 0, 8, 6, 8, 6, 8, 13, 6, 13, 13, 8, 8, 6, 8, 6, 6, 8, 9, 9, 4, 13, 0, 0, 0, 0, 9, 9, 9, 9, 9, 9, 11, 11, 11, 13, 13, 13, 8, 13, 13, 13, 13, 13, 0, 0, 0, 0, 8, 8]",132.77732703590397
4830441,B,4,"[1, 13, 13, 13, 0, 8, 1, 3, 4, 6, 0, 4, 3, 1, 0, 11, 9, 13, 13, 4, 13, 13, 4, 13, 13, 13, 0, 0, 0, 0, 0, 0, 4, 13, 11, 13, 4, 13, 11, 13, 4, 13, 11, 13, 4, 13, 6, 3, 3, 13, 13, 13, 0, 0, 0, 0, 0, 0, 0, 0, 0, 0, 0, 0]",137.54010817308165
4830441,B,180,"[6, 13, 4, 13, 6, 6, 6, 4, 6, 13, 4, 0, 4, 4, 4, 4, 3, 3, 0, 3, 3, 3, 4, 1, 4, 13, 0, 0, 0, 0, 0, 0, 11, 8, 13, 8, 8, 0, 0, 0, 0, 0, 0, 0, 0, 0, 0, 0, 1, 13, 1, 13, 4, 4, 4, 4, 1, 13, 1, 0, 4, 4, 4, 4]",130.47101012625106
7633928,G,8,"[0, 0, 0, 0, 5, 13, 6, 8, 8, 13, 13, 13, 13, 13, 1, 13, 8, 13, 8, 13, 10, 13, 8, 13, 13, 13, 13, 13, 1, 13, 3, 13, 0, 0, 0, 1, 5, 13, 8, 1, 13, 13, 1, 13, 1, 13, 1, 13, 10, 13, 10, 13, 0, 0, 0, 0, 10, 13, 8, 13, 1, 13, 3, 5]",214.81051705696058
7633928,G,28,"[5, 13, 13, 13, 0, 0, 0, 0, 10, 13, 12, 13, 1, 13, 10, 13, 3, 13, 13, 13, 13, 13, 8, 13, 8, 13, 13, 13, 13, 13, 13, 13, 8, 13, 13, 13, 8, 13, 13, 13, 8, 13, 8, 13, 13, 13, 13, 13, 8, 13, 13, 13, 1, 13, 13, 13, 12, 13, 1, 13, 13, 13, 8, 13]",206.01495030102717
7633928,G,28,"[5, 13, 13, 13, 0, 0, 0, 0, 10, 13, 12, 13, 1, 13, 10, 13, 3, 13, 13, 13, 13, 13, 8, 13, 8, 13, 13, 13, 13, 13, 13, 13, 8, 13, 13, 13, 8, 13, 13, 13, 8, 13, 8, 13, 13, 13, 13, 13, 8, 13, 13, 13, 1, 13, 13, 13, 12, 13, 1, 13, 13, 13, 8, 13]",204.97338782570003
7633928,G,68,"[10, 13, 11, 10, 13, 13, 6, 8, 13, 6, 3, 13, 0, 0, 0, 0, 0, 0, 0, 0, 8, 13, 10, 13, 12, 13, 8, 13, 10, 13, 12, 13, 3, 13, 13, 13, 13, 13, 1, 13, 1, 13, 13, 13, 13, 13, 13, 13, 3, 13, 13, 13, 13, 13, 13, 13, 13, 13, 13, 13, 13, 13, 13, 13]",188.34040161256482
7633928,G,124,"[8, 13, 8, 13, 10, 13, 8, 13, 13, 13, 13, 13, 1, 13, 3, 5, 0, 0, 0, 0, 5, 13, 8, 1, 13, 13, 1, 13, 1, 13, 1, 13, 1, 13, 10, 13, 0, 0, 0, 0, 10, 13, 8, 13, 1, 13, 3, 5, 5, 13, 13, 13, 1, 13, 10, 13, 12, 13, 13, 13, 5, 13, 5, 13]",221.53287850486197
7633928,G,124,"[8, 13, 8, 13, 10, 13, 8, 13, 13, 13, 13, 13, 1, 13, 3, 5, 0, 0, 0, 0, 5, 13, 8, 1, 13, 13, 1, 13, 1, 13, 1, 13, 1, 13, 10, 13, 0, 0, 0, 0, 10, 13, 8, 13, 1, 13, 3, 5, 5, 13, 13, 13, 1, 13, 10, 13, 12, 13, 13, 13, 5, 13, 5, 13]",201.71839236709116
7633928,G,16,"[0, 0, 0, 1, 5, 13, 8, 1, 13, 13, 1, 13, 1, 13, 1, 13, 10, 13, 10, 13, 0, 0, 0, 0, 10, 13, 8, 13, 1, 13, 3, 5, 5, 13, 13, 13, 1, 13, 1, 13, 12, 13, 13, 13, 5, 13, 5, 13, 5, 13, 13, 13, 0, 0, 0, 0, 10, 13, 12, 13, 1, 13, 10, 13]",218.72742321417564
7633928,G,56,"[0, 0, 0, 0, 3, 13, 3, 3, 3, 13, 13, 13, 0, 0, 0, 0, 1, 13, 1, 13, 1, 13, 12, 1, 13, 12, 8, 13, 8, 10, 13, 13, 11, 13, 13, 13, 0, 0, 3, 13, 1, 13, 8, 13, 13, 8, 8, 13, 10, 13, 11, 10, 13, 13, 6, 8, 13, 6, 3, 13, 0, 0, 0, 0]",199.79262901985211
7633928,G,40,"[8, 13, 13, 13, 1, 13, 13, 13, 12, 13, 1, 13, 13, 13, 8, 13, 3, 13, 13, 13, 13, 13, 8, 13, 8, 13, 13, 13, 13, 13, 8, 13, 6, 13, 13, 13, 5, 13, 13, 13, 3, 13, 1, 13, 0, 0, 0, 0, 6, 13, 13, 13, 5, 13, 13, 13, 3, 13, 1, 13, 13, 13, 3, 13]",225.48269983986873
7633928,G,44,"[3, 13, 13, 13, 13, 13, 8, 13, 8, 13, 13, 13, 13, 13, 8, 13, 6, 13, 13, 13, 5, 13, 13, 13, 3, 13, 1, 13, 0, 0, 0, 0, 6, 13, 13, 13, 5, 13, 13, 13, 3, 13, 1, 13, 13, 13, 3, 13, 0, 0, 0, 0, 3, 13, 3, 3, 3, 13, 13, 13, 0, 0, 0, 0]",200.35534329223663
7633928,G,108,"[3, 13, 13, 13, 13, 13, 8, 13, 8, 13, 13, 13, 13, 13, 8, 13, 6, 13, 13, 13, 5, 13, 13, 13, 3, 13, 1, 13, 0, 0, 0, 0, 6, 13, 13, 13, 5, 13, 13, 13, 3, 13, 1, 13, 13, 13, 8, 13, 8, 13, 13, 13, 5, 13, 6, 8, 8, 13, 13, 13, 13, 13, 13, 13]",196.47676302697084
7633928,G,112,"[6, 13, 13, 13, 5, 13, 13, 13, 3, 13, 1, 13, 0, 0, 0, 0, 6, 13, 13, 13, 5, 13, 13, 13, 3, 13, 1, 13, 13, 13, 8, 13, 8, 13, 13, 13, 5, 13, 6, 8, 8, 13, 13, 13, 13, 13, 13, 13, 8, 13, 8, 13, 10, 13, 8, 13, 13, 13, 13, 13, 1, 13, 3, 5]",210.67086983359337
7633928,G,12,"[8, 13, 8, 13, 10, 13, 8, 13, 13, 13, 13, 13, 1, 13, 3, 13, 0, 0, 0, 1, 5, 13, 8, 1, 13, 13, 1, 13, 1, 13, 1, 13, 10, 13, 10, 13, 0, 0, 0, 0, 10, 13, 8, 13, 1, 13, 3, 5, 5, 13, 13, 13, 1, 13, 1, 13, 12, 13, 13, 13, 5, 13, 5, 13]",222.63756597869377
7633928,G,24,"[5, 13, 13, 13, 1, 13, 1, 13, 12, 13, 13, 13, 5, 13, 5, 13, 5, 13, 13, 13, 0, 0, 0, 0, 10, 13, 12, 13, 1, 13, 10, 13, 3, 13, 13, 13, 13, 13, 8, 13, 8, 13, 13, 13, 13, 13, 13, 13, 8, 13, 13, 13, 8, 13, 13, 13, 8, 13, 8, 13, 13, 13, 13, 13]",202.53991913334485
7633928,G,128,"[0, 0, 0, 0, 5, 13, 8, 1, 13, 13, 1, 13, 1, 13, 1, 13, 1, 13, 10, 13, 0, 0, 0, 0, 10, 13, 8, 13, 1, 13, 3, 5, 5, 13, 13, 13, 1, 13, 10, 13, 12, 13, 13, 13, 5, 13, 5, 13, 5, 13, 13, 13, 0, 0, 0, 0, 10, 13, 12, 13, 1, 13, 10, 13]",187.98374537101338
7836608,C,72,"[6, 13, 13, 13, 10, 13, 13, 13, 8, 13, 13, 13, 13, 13, 13, 13, 8, 13, 13, 13, 13, 13, 13, 13, 0, 0, 0, 0, 0, 0, 0, 0, 12, 13, 13, 13, 10, 13, 13, 13, 8, 13, 13, 13, 13, 13, 13, 13, 8, 13, 13, 13, 13, 13, 13, 13, 0, 0, 0, 0, 0, 0, 0, 0]",-8.496419617557237
7836608,C,68,"[5, 13, 13, 13, 13, 13, 13, 13, 0, 0, 0, 0, 0, 0, 0, 0, 6, 13, 13, 13, 10, 13, 13, 13, 8, 13, 13, 13, 13, 13, 13, 13, 8, 13, 13, 13, 13, 13, 13, 13, 0, 0, 0, 0, 0, 0, 0, 0, 12, 13, 13, 13, 10, 13, 13, 13, 8, 13, 13, 13, 13, 13, 13, 13]",-7.768227670521171
7836608,C,44,"[8, 13, 13, 13, 5, 13, 13, 13, 8, 13, 13, 13, 5, 13, 13, 13, 1, 12, 10, 8, 1, 12, 10, 8, 5, 8, 1, 8, 5, 1, 12, 13, 1, 13, 13, 13, 13, 13, 13, 13, 13, 13, 13, 13, 13, 13, 13, 13, 5, 13, 13, 13, 10, 13, 13, 13, 8, 13, 13, 13, 13, 13, 13, 13]",-5.416821476222054
7836608,C,64,"[1, 13, 13, 13, 6, 13, 13, 13, 5, 13, 13, 13, 13, 13, 13, 13, 5, 13, 13, 13, 13, 13, 13, 13, 0, 0, 0, 0, 0, 0, 0, 0, 6, 13, 13, 13, 10, 13, 13, 13, 8, 13, 13, 13, 13, 13, 13, 13, 8, 13, 13, 13, 13, 13, 13, 13, 0, 0, 0, 0, 0, 0, 0, 0]",2.2271649498475625
7836608,C,40,"[5, 13, 1, 13, 5, 13, 13, 13, 1, 13, 13, 13, 5, 13, 13, 13, 8, 13, 13, 13, 5, 13, 13, 13, 8, 13, 13, 13, 5, 13, 13, 13, 1, 12, 10, 8, 1, 12, 10, 8, 5, 8, 1, 8, 5, 1, 12, 13, 1, 13, 13, 13, 13, 13, 13, 13, 13, 13, 13, 13, 13, 13, 13, 13]",23.772177832339366
7836608,C,40,"[5, 13, 1, 13, 5, 13, 13, 13, 1, 13, 13, 13, 5, 13, 13, 13, 8, 13, 13, 13, 5, 13, 13, 13, 8, 13, 13, 13, 5, 13, 13, 13, 1, 12, 10, 8, 1, 12, 10, 8, 5, 8, 1, 8, 5, 1, 12, 13, 1, 13, 13, 13, 13, 13, 13, 13, 13, 13, 13, 13, 13, 13, 13, 13]",-11.226124910037939
7836608,C,68,"[5, 13, 13, 13, 13, 13, 13, 13, 0, 0, 0, 0, 0, 0, 0, 0, 6, 13, 13, 13, 10, 13, 13, 13, 8, 13, 13, 13, 13, 13, 13, 13, 8, 13, 13, 13, 13, 13, 13, 13, 0, 0, 0, 0, 0, 0, 0, 0, 12, 13, 13, 13, 10, 13, 13, 13, 8, 13, 13, 13, 13, 13, 13, 13]",-7.815571419399674
7836608,C,32,"[1, 13, 8, 13, 1, 13, 13, 13, 8, 13, 13, 13, 1, 13, 13, 13, 5, 13, 13, 13, 1, 13, 13, 13, 5, 13, 13, 13, 1, 13, 13, 13, 5, 13, 1, 13, 5, 13, 13, 13, 1, 13, 13, 13, 5, 13, 13, 13, 8, 13, 13, 13, 5, 13, 13, 13, 8, 13, 13, 13, 5, 13, 13, 13]",-14.703410541952564
10929730,D,0,"[4, 13, 13, 13, 6, 13, 13, 13, 0, 0, 0, 0, 0, 0, 0, 0, 11, 13, 0, 0, 3, 13, 0, 0, 1, 13, 13, 13, 1, 13, 13, 13, 11, 13, 13, 13, 3, 13, 13, 13, 10, 13, 8, 13, 1, 13, 13, 13, 3, 13, 13, 13, 1, 13, 13, 13, 1, 13, 13, 13, 1, 13, 10, 13]",-37.084378761784876
10929730,D,0,"[4, 13, 13, 13, 6, 13, 13, 13, 0, 0, 0, 0, 0, 0, 0, 0, 11, 13, 0, 0, 3, 13, 0, 0, 1, 13, 13, 13, 1, 13, 13, 13, 11, 13, 13, 13, 3, 13, 13, 13, 10, 13, 8, 13, 1, 13, 13, 13, 3, 13, 13, 13, 1, 13, 13, 13, 1, 13, 13, 13, 1, 13, 10, 13]",-45.048048215995976
8756394,F#,236,"[0, 0, 0, 0, 10, 13, 12, 13, 10, 13, 8, 13, 8, 13, 5, 8, 8, 3, 5, 13, 13, 13, 0, 0, 0, 0, 0, 0, 0, 0, 3, 13, 3, 13, 5, 13, 12, 13, 13, 13, 13, 13, 10, 8, 10, 8, 10, 13, 10, 13, 5, 8, 8, 13, 13, 13, 0, 0, 3, 3, 3, 13, 5, 10]",230.05069526737486
8756394,F#,232,"[10, 13, 10, 12, 12, 13, 13, 13, 13, 13, 13, 13, 0, 0, 0, 0, 0, 0, 0, 0, 10, 13, 12, 13, 10, 13, 8, 13, 8, 13, 5, 8, 8, 3, 5, 13, 13, 13, 0, 0, 0, 0, 0, 0, 0, 0, 3, 13, 3, 13, 5, 13, 12, 13, 13, 13, 13, 13, 10, 8, 10, 8, 10, 13]",202.8424682333208
8756394,F#,120,"[0, 0, 0, 0, 0, 0, 0, 0, 0, 12, 12, 12, 10, 8, 8, 5, 8, 13, 0, 0, 0, 0, 0, 0, 0, 10, 12, 12, 10, 8, 8, 8, 1, 13, 12, 13, 0, 0, 0, 0, 0, 0, 0, 0, 0, 0, 3, 13, 5, 13, 13, 13, 0, 0, 3, 13, 5, 13, 3, 13, 5, 13, 8, 13]",220.0354633617618
8756394,F#,80,"[0, 0, 0, 0, 0, 0, 0, 0, 0, 0, 0, 0, 0, 0, 12, 13, 12, 13, 12, 10, 12, 13, 8, 13, 4, 13, 0, 0, 0, 0, 0, 0, 0, 0, 0, 0, 0, 0, 0, 0, 0, 12, 12, 12, 10, 8, 8, 5, 8, 13, 0, 0, 0, 0, 0, 0, 0, 10, 12, 12, 10, 8, 8, 8]",213.887539400253
8756394,F#,80,"[0, 0, 0, 0, 0, 0, 0, 0, 0, 0, 0, 0, 0, 0, 12, 13, 12, 13, 12, 10, 12, 13, 8, 13, 4, 13, 0, 0, 0, 0, 0, 0, 0, 0, 0, 0, 0, 0, 0, 0, 0, 12, 12, 12, 10, 8, 8, 5, 8, 13, 0, 0, 0, 0, 0, 0, 0, 10, 12, 12, 10, 8, 8, 8]",222.80169097480592
8756394,F#,240,"[8, 3, 5, 13, 13, 13, 0, 0, 0, 0, 0, 0, 0, 0, 3, 13, 3, 13, 5, 13, 12, 13, 13, 13, 13, 13, 10, 8, 10, 8, 10, 13, 10, 13, 5, 8, 8, 13, 13, 13, 0, 0, 3, 3, 3, 13, 5, 10, 10, 13, 0, 0, 0, 0, 0, 0, 0, 0, 10, 10, 10, 13, 12, 5]",220.3885124605415
8756394,F#,184,"[0, 0, 0, 0, 0, 0, 0, 0, 0, 0, 10, 12, 10, 8, 8, 13, 8, 13, 0, 0, 0, 0, 0, 0, 0, 8, 10, 12, 10, 8, 8, 13, 1, 13, 12, 13, 0, 0, 0, 0, 0, 0, 0, 0, 0, 0, 0, 0, 0, 0, 8, 8, 3, 3, 3, 3, 3, 13, 12, 12, 10, 12, 13, 5]",205.11406639379615
8756394,F#,228,"[5, 13, 13, 13, 13, 13, 3, 13, 5, 13, 3, 13, 5, 13, 8, 13, 10, 13, 10, 12, 12, 13, 13, 13, 13, 13, 13, 13, 0, 0, 0, 0, 0, 0, 0, 0, 10, 13, 12, 13, 10, 13, 8, 13, 8, 13, 5, 8, 8, 3, 5, 13, 13, 13, 0, 0, 0, 0, 0, 0, 0, 0, 3, 13]",241.53538695960742
8756394,F#,268,"[8, 3, 13, 0, 0, 3, 12, 13, 10, 13, 0, 10, 12, 13, 5, 13, 5, 13, 0, 0, 0, 0, 0, 0, 0, 0, 0, 0, 0, 0, 3, 13, 0, 0, 0, 0, 10, 13, 8, 13, 10, 13, 8, 13, 12, 13, 8, 5, 5, 13, 0, 0, 0, 0, 0, 0, 0, 5, 8, 13, 8, 5, 8, 8]",236.22747637105724
8756394,F#,228,"[5, 13, 13, 13, 13, 13, 3, 13, 5, 13, 3, 13, 5, 13, 8, 13, 10, 13, 10, 12, 12, 13, 13, 13, 13, 13, 13, 13, 0, 0, 0, 0, 0, 0, 0, 0, 10, 13, 12, 13, 10, 13, 8, 13, 8, 13, 5, 8, 8, 3, 5, 13, 13, 13, 0, 0, 0, 0, 0, 0, 0, 0, 3, 13]",226.7812712376792
8756394,F#,104,"[0, 0, 0, 0, 0, 0, 0, 0, 0, 0, 0, 0, 0, 0, 12, 10, 12, 10, 12, 10, 12, 13, 3, 13, 5, 13, 10, 13, 10, 13, 12, 13, 5, 13, 0, 0, 0, 0, 0, 0, 0, 0, 0, 0, 0, 0, 12, 13, 12, 10, 12, 10, 12, 13, 3, 13, 5, 13, 10, 13, 0, 0, 0, 0]",199.4400308139189
8756394,F#,236,"[0, 0, 0, 0, 10, 13, 12, 13, 10, 13, 8, 13, 8, 13, 5, 8, 8, 3, 5, 13, 13, 13, 0, 0, 0, 0, 0, 0, 0, 0, 3, 13, 3, 13, 5, 13, 12, 13, 13, 13, 13, 13, 10, 8, 10, 8, 10, 13, 10, 13, 5, 8, 8, 13, 13, 13, 0, 0, 3, 3, 3, 13, 5, 10]",213.87265993631974
8756394,F#,276,"[0, 0, 0, 0, 10, 13, 8, 13, 10, 13, 8, 13, 12, 13, 8, 5, 5, 13, 0, 0, 0, 0, 0, 0, 0, 5, 8, 13, 8, 5, 8, 8, 8, 3, 13, 0, 0, 0, 12, 13, 10, 13, 13, 13, 12, 13, 5, 13, 5, 13, 0, 0, 0, 0, 3, 3, 13, 13, 5, 12, 13, 13, 10, 12]",217.74132055896334
8756394,F#,112,"[5, 13, 0, 0, 0, 0, 0, 0, 0, 0, 0, 0, 0, 0, 12, 13, 12, 10, 12, 10, 12, 13, 3, 13, 5, 13, 10, 13, 0, 0, 0, 0, 0, 0, 0, 0, 0, 0, 0, 0, 0, 12, 12, 12, 10, 8, 8, 5, 8, 13, 0, 0, 0, 0, 0, 0, 0, 10, 12, 12, 10, 8, 8, 8]",243.6099449461789
8756394,F#,244,"[3, 13, 5, 13, 12, 13, 13, 13, 13, 13, 10, 8, 10, 8, 10, 13, 10, 13, 5, 8, 8, 13, 13, 13, 0, 0, 3, 3, 3, 13, 5, 10, 10, 13, 0, 0, 0, 0, 0, 0, 0, 0, 10, 10, 10, 13, 12, 5, 5, 13, 0, 0, 0, 0, 0, 0, 3, 3, 3, 13, 3, 13, 3, 3]",221.04726690922246
8756394,F#,248,"[10, 13, 5, 8, 8, 13, 13, 13, 0, 0, 3, 3, 3, 13, 5, 10, 10, 13, 0, 0, 0, 0, 0, 0, 0, 0, 10, 10, 10, 13, 12, 5, 5, 13, 0, 0, 0, 0, 0, 0, 3, 3, 3, 13, 3, 13, 3, 3, 3, 5, 13, 0, 0, 0, 0, 0, 0, 0, 0, 0, 0, 0, 12, 13]",242.72980210988513
8756394,F#,232,"[10, 13, 10, 12, 12, 13, 13, 13, 13, 13, 13, 13, 0, 0, 0, 0, 0, 0, 0, 0, 10, 13, 12, 13, 10, 13, 8, 13, 8, 13, 5, 8, 8, 3, 5, 13, 13, 13, 0, 0, 0, 0, 0, 0, 0, 0, 3, 13, 3, 13, 5, 13, 12, 13, 13, 13, 13, 13, 10, 8, 10, 8, 10, 13]",232.14148539641894
8756394,F#,112,"[5, 13, 0, 0, 0, 0, 0, 0, 0, 0, 0, 0, 0, 0, 12, 13, 12, 10, 12, 10, 12, 13, 3, 13, 5, 13, 10, 13, 0, 0, 0, 0, 0, 0, 0, 0, 0, 0, 0, 0, 0, 12, 12, 12, 10, 8, 8, 5, 8, 13, 0, 0, 0, 0, 0, 0, 0, 10, 12, 12, 10, 8, 8, 8]",204.68391461827144
8756394,F#,132,"[5, 13, 13, 13, 0, 0, 3, 13, 5, 13, 3, 13, 5, 13, 8, 13, 10, 13, 10, 12, 12, 13, 13, 13, 0, 0, 0, 0, 0, 0, 0, 0, 0, 0, 0, 0, 10, 13, 12, 13, 10, 13, 8, 13, 8, 13, 5, 8, 8, 3, 5, 13, 13, 13, 0, 0, 0, 0, 0, 0, 0, 0, 3, 13]",208.05028060995647
8756394,F#,80,"[0, 0, 0, 0, 0, 0, 0, 0, 0, 0, 0, 0, 0, 0, 12, 13, 12, 13, 12, 10, 12, 13, 8, 13, 4, 13, 0, 0, 0, 0, 0, 0, 0, 0, 0, 0, 0, 0, 0, 0, 0, 12, 12, 12, 10, 8, 8, 5, 8, 13, 0, 0, 0, 0, 0, 0, 0, 10, 12, 12, 10, 8, 8, 8]",220.8430124497752
8756394,F#,132,"[5, 13, 13, 13, 0, 0, 3, 13, 5, 13, 3, 13, 5, 13, 8, 13, 10, 13, 10, 12, 12, 13, 13, 13, 0, 0, 0, 0, 0, 0, 0, 0, 0, 0, 0, 0, 10, 13, 12, 13, 10, 13, 8, 13, 8, 13, 5, 8, 8, 3, 5, 13, 13, 13, 0, 0, 0, 0, 0, 0, 0, 0, 3, 13]",235.5569987083683
8756394,F#,116,"[12, 10, 12, 10, 12, 13, 3, 13, 5, 13, 10, 13, 0, 0, 0, 0, 0, 0, 0, 0, 0, 0, 0, 0, 0, 12, 12, 12, 10, 8, 8, 5, 8, 13, 0, 0, 0, 0, 0, 0, 0, 10, 12, 12, 10, 8, 8, 8, 1, 13, 12, 13, 0, 0, 0, 0, 0, 0, 0, 0, 0, 0, 3, 13]",219.2130348098152
8756394,F#,196,"[0, 0, 8, 8, 3, 3, 3, 3, 3, 13, 12, 12, 10, 12, 13, 5, 0, 0, 5, 5, 3, 13, 3, 13, 3, 13, 12, 12, 10, 12, 13, 5, 0, 5, 5, 5, 3, 3, 13, 3, 3, 13, 10, 10, 10, 13, 12, 5, 0, 5, 12, 12, 10, 8, 13, 8, 13, 0, 0, 0, 0, 0, 0, 0]",208.9552225528056
8756394,F#,232,"[10, 13, 10, 12, 12, 13, 13, 13, 13, 13, 13, 13, 0, 0, 0, 0, 0, 0, 0, 0, 10, 13, 12, 13, 10, 13, 8, 13, 8, 13, 5, 8, 8, 3, 5, 13, 13, 13, 0, 0, 0, 0, 0, 0, 0, 0, 3, 13, 3, 13, 5, 13, 12, 13, 13, 13, 13, 13, 10, 8, 10, 8, 10, 13]",210.10049038281898
2518256,E-,372,"[0, 0, 0, 0, 0, 0, 0, 0, 5, 13, 13, 13, 1, 13, 13, 13, 1, 13, 1, 13, 1, 13, 13, 13, 1, 13, 0, 0, 0, 0, 0, 0, 0, 0, 0, 0, 1, 13, 13, 13, 6, 13, 13, 13, 6, 13, 5, 13, 5, 13, 13, 13, 5, 13, 0, 0, 0, 0, 0, 0, 0, 0, 0, 0]",99.00500194305673
2518256,E-,480,"[0, 0, 5, 13, 13, 13, 1, 13, 13, 13, 13, 13, 1, 13, 1, 13, 1, 13, 1, 13, 0, 0, 0, 0, 0, 0, 0, 0, 0, 0, 8, 13, 8, 13, 8, 13, 13, 13, 6, 13, 5, 13, 13, 13, 13, 13, 8, 13, 8, 13, 13, 13, 13, 13, 6, 13, 5, 13, 13, 13, 13, 13, 8, 13]",108.95395260023986
2518256,E-,300,"[5, 13, 13, 13, 8, 13, 8, 13, 13, 13, 13, 13, 6, 13, 6, 13, 6, 13, 13, 13, 5, 13, 5, 13, 13, 13, 3, 13, 13, 13, 1, 13, 1, 13, 3, 13, 3, 13, 5, 13, 13, 13, 13, 13, 13, 13, 8, 13, 8, 13, 8, 13, 8, 13, 13, 13, 13, 13, 6, 13, 5, 13, 13, 13]",100.16154209423166
2518256,E-,364,"[1, 13, 0, 0, 0, 0, 0, 0, 0, 0, 0, 0, 5, 13, 13, 13, 1, 13, 13, 13, 13, 13, 1, 13, 1, 13, 13, 13, 13, 13, 0, 0, 0, 0, 0, 0, 0, 0, 0, 0, 5, 13, 13, 13, 1, 13, 13, 13, 1, 13, 1, 13, 1, 13, 13, 13, 1, 13, 0, 0, 0, 0, 0, 0]",131.59238063540195
2518256,E-,288,"[1, 13, 3, 13, 3, 13, 13, 13, 13, 13, 8, 13, 13, 13, 13, 13, 0, 0, 0, 0, 8, 13, 8, 13, 8, 13, 13, 13, 6, 13, 5, 13, 5, 13, 13, 13, 8, 13, 8, 13, 13, 13, 13, 13, 6, 13, 5, 13, 5, 13, 13, 13, 8, 13, 8, 13, 13, 13, 13, 13, 6, 13, 6, 13]",96.22164040184705
2518256,E-,308,"[1, 13, 3, 13, 3, 13, 5, 13, 13, 13, 13, 13, 13, 13, 8, 13, 8, 13, 8, 13, 8, 13, 13, 13, 13, 13, 6, 13, 5, 13, 13, 13, 5, 13, 8, 13, 8, 13, 13, 13, 13, 13, 6, 13, 6, 13, 13, 13, 5, 13, 5, 13, 5, 13, 3, 13, 3, 13, 13, 13, 13, 13, 0, 0]",124.42994776935373
2518256,E-,176,"[5, 13, 3, 13, 3, 13, 13, 13, 13, 13, 0, 0, 8, 13, 8, 13, 8, 13, 13, 13, 13, 13, 5, 13, 5, 13, 5, 13, 6, 13, 13, 13, 6, 13, 13, 13, 5, 13, 5, 13, 13, 13, 5, 13, 5, 13, 13, 13, 5, 13, 1, 13, 13, 13, 13, 13, 0, 0, 0, 0, 0, 0, 1, 13]",116.4991934929343
2518256,E-,308,"[1, 13, 3, 13, 3, 13, 5, 13, 13, 13, 13, 13, 13, 13, 8, 13, 8, 13, 8, 13, 8, 13, 13, 13, 13, 13, 6, 13, 5, 13, 13, 13, 5, 13, 8, 13, 8, 13, 13, 13, 13, 13, 6, 13, 6, 13, 13, 13, 5, 13, 5, 13, 5, 13, 3, 13, 3, 13, 13, 13, 13, 13, 0, 0]",123.72880939310537
2518256,E-,552,"[1, 13, 1, 13, 5, 13, 3, 13, 1, 13, 3, 13, 13, 13, 13, 13, 1, 13, 12, 13, 13, 13, 13, 13, 13, 13, 1, 13, 12, 13, 13, 13, 12, 13, 1, 13, 1, 13, 13, 13, 13, 13, 13, 13, 13, 13, 13, 13, 1, 13, 13, 13, 0, 0, 0, 0, 0, 0, 0, 0, 0, 0, 0, 0]",102.71990810505682
2518256,E-,524,"[6, 13, 5, 13, 5, 13, 13, 13, 5, 13, 5, 13, 13, 13, 5, 13, 1, 13, 13, 13, 13, 13, 0, 0, 5, 13, 8, 13, 13, 13, 8, 13, 8, 13, 8, 13, 13, 13, 13, 13, 5, 13, 5, 13, 5, 13, 6, 13, 6, 13, 13, 13, 5, 13, 5, 13, 5, 13, 13, 13, 5, 13, 13, 13]",113.74739445097694
2518256,E-,140,"[0, 0, 0, 0, 1, 13, 13, 13, 5, 13, 3, 13, 1, 13, 3, 13, 3, 13, 13, 13, 13, 13, 5, 13, 0, 0, 0, 0, 0, 0, 0, 0, 8, 13, 8, 13, 8, 13, 13, 13, 6, 13, 5, 13, 13, 13, 13, 13, 8, 13, 8, 13, 13, 13, 13, 13, 6, 13, 5, 13, 13, 13, 13, 13]",108.50305975377789
2518256,E-,12,"[0, 0, 0, 0, 1, 13, 1, 13, 1, 13, 1, 13, 12, 13, 13, 13, 12, 13, 1, 13, 12, 13, 13, 13, 8, 13, 10, 13, 13, 13, 13, 13, 10, 13, 13, 13, 13, 13, 0, 0, 0, 0, 0, 0, 8, 13, 8, 13, 8, 13, 13, 13, 1, 13, 1, 13, 13, 13, 13, 13, 13, 13, 1, 13]",108.98461331379927
2518256,E-,152,"[8, 13, 8, 13, 13, 13, 13, 13, 6, 13, 5, 13, 13, 13, 13, 13, 8, 13, 8, 13, 13, 13, 13, 13, 6, 13, 6, 13, 13, 13, 13, 13, 5, 13, 5, 13, 13, 13, 3, 13, 13, 13, 1, 13, 13, 13, 3, 13, 3, 13, 5, 13, 13, 13, 13, 13, 13, 13, 8, 13, 13, 13, 8, 13]",115.73943904664588
2518256,E-,152,"[8, 13, 8, 13, 13, 13, 13, 13, 6, 13, 5, 13, 13, 13, 13, 13, 8, 13, 8, 13, 13, 13, 13, 13, 6, 13, 6, 13, 13, 13, 13, 13, 5, 13, 5, 13, 13, 13, 3, 13, 13, 13, 1, 13, 13, 13, 3, 13, 3, 13, 5, 13, 13, 13, 13, 13, 13, 13, 8, 13, 13, 13, 8, 13]",120.96258178006123
2518256,E-,452,"[0, 0, 0, 0, 0, 0, 0, 0, 1, 13, 13, 13, 5, 13, 3, 13, 1, 13, 3, 13, 3, 13, 13, 13, 13, 13, 8, 13, 13, 13, 13, 13, 1, 13, 13, 13, 6, 13, 6, 13, 6, 13, 5, 13, 5, 13, 13, 13, 0, 0, 0, 0, 0, 0, 0, 0, 0, 0, 1, 13, 13, 13, 6, 13]",103.44178755224242
2518256,E-,176,"[5, 13, 3, 13, 3, 13, 13, 13, 13, 13, 0, 0, 8, 13, 8, 13, 8, 13, 13, 13, 13, 13, 5, 13, 5, 13, 5, 13, 6, 13, 13, 13, 6, 13, 13, 13, 5, 13, 5, 13, 13, 13, 5, 13, 5, 13, 13, 13, 5, 13, 1, 13, 13, 13, 13, 13, 0, 0, 0, 0, 0, 0, 1, 13]",97.3754751959432
2518256,E-,300,"[5, 13, 13, 13, 8, 13, 8, 13, 13, 13, 13, 13, 6, 13, 6, 13, 6, 13, 13, 13, 5, 13, 5, 13, 13, 13, 3, 13, 13, 13, 1, 13, 1, 13, 3, 13, 3, 13, 5, 13, 13, 13, 13, 13, 13, 13, 8, 13, 8, 13, 8, 13, 8, 13, 13, 13, 13, 13, 6, 13, 5, 13, 13, 13]",123.88391653228827
2518256,E-,320,"[5, 13, 5, 13, 5, 13, 3, 13, 3, 13, 13, 13, 13, 13, 0, 0, 8, 13, 8, 13, 8, 13, 13, 13, 13, 13, 5, 13, 5, 13, 5, 13, 6, 13, 13, 13, 6, 13, 13, 13, 5, 13, 5, 13, 13, 13, 5, 13, 5, 13, 13, 13, 5, 13, 1, 13, 13, 13, 13, 13, 0, 0, 0, 0]",116.24579171322269
2518256,E-,180,"[8, 13, 13, 13, 13, 13, 5, 13, 5, 13, 5, 13, 6, 13, 13, 13, 6, 13, 13, 13, 5, 13, 5, 13, 13, 13, 5, 13, 5, 13, 13, 13, 5, 13, 1, 13, 13, 13, 13, 13, 0, 0, 0, 0, 0, 0, 1, 13, 1, 13, 5, 13, 3, 13, 1, 13, 3, 13, 13, 13, 10, 13, 10, 13]",119.4493853873349
2518256,E-,548,"[10, 13, 13, 13, 0, 0, 0, 0, 0, 0, 0, 0, 0, 0, 0, 0, 1, 13, 1, 13, 5, 13, 3, 13, 1, 13, 3, 13, 13, 13, 13, 13, 1, 13, 12, 13, 13, 13, 13, 13, 13, 13, 1, 13, 12, 13, 13, 13, 12, 13, 1, 13, 1, 13, 13, 13, 13, 13, 13, 13, 13, 13, 13, 13]",131.7411752747344
2518256,E-,312,"[8, 13, 8, 13, 8, 13, 13, 13, 13, 13, 6, 13, 5, 13, 13, 13, 5, 13, 8, 13, 8, 13, 13, 13, 13, 13, 6, 13, 6, 13, 13, 13, 5, 13, 5, 13, 5, 13, 3, 13, 3, 13, 13, 13, 13, 13, 0, 0, 8, 13, 8, 13, 8, 13, 13, 13, 13, 13, 5, 13, 5, 13, 5, 13]",107.74375620033597
2518256,E-,304,"[6, 13, 13, 13, 5, 13, 5, 13, 13, 13, 3, 13, 13, 13, 1, 13, 1, 13, 3, 13, 3, 13, 5, 13, 13, 13, 13, 13, 13, 13, 8, 13, 8, 13, 8, 13, 8, 13, 13, 13, 13, 13, 6, 13, 5, 13, 13, 13, 5, 13, 8, 13, 8, 13, 13, 13, 13, 13, 6, 13, 6, 13, 13, 13]",118.84969790154051
2518256,E-,288,"[1, 13, 3, 13, 3, 13, 13, 13, 13, 13, 8, 13, 13, 13, 13, 13, 0, 0, 0, 0, 8, 13, 8, 13, 8, 13, 13, 13, 6, 13, 5, 13, 5, 13, 13, 13, 8, 13, 8, 13, 13, 13, 13, 13, 6, 13, 5, 13, 5, 13, 13, 13, 8, 13, 8, 13, 13, 13, 13, 13, 6, 13, 6, 13]",118.52280058785557
2518256,E-,304,"[6, 13, 13, 13, 5, 13, 5, 13, 13, 13, 3, 13, 13, 13, 1, 13, 1, 13, 3, 13, 3, 13, 5, 13, 13, 13, 13, 13, 13, 13, 8, 13, 8, 13, 8, 13, 8, 13, 13, 13, 13, 13, 6, 13, 5, 13, 13, 13, 5, 13, 8, 13, 8, 13, 13, 13, 13, 13, 6, 13, 6, 13, 13, 13]",127.64301019324162
2518256,E-,548,"[10, 13, 13, 13, 0, 0, 0, 0, 0, 0, 0, 0, 0, 0, 0, 0, 1, 13, 1, 13, 5, 13, 3, 13, 1, 13, 3, 13, 13, 13, 13, 13, 1, 13, 12, 13, 13, 13, 13, 13, 13, 13, 1, 13, 12, 13, 13, 13, 12, 13, 1, 13, 1, 13, 13, 13, 13, 13, 13, 13, 13, 13, 13, 13]",98.9567564084853
2518256,E-,156,"[8, 13, 8, 13, 13, 13, 13, 13, 6, 13, 6, 13, 13, 13, 13, 13, 5, 13, 5, 13, 13, 13, 3, 13, 13, 13, 1, 13, 13, 13, 3, 13, 3, 13, 5, 13, 13, 13, 13, 13, 13, 13, 8, 13, 13, 13, 8, 13, 8, 13, 13, 13, 13, 13, 6, 13, 5, 13, 13, 13, 13, 13, 8, 13]",93.77689938833029
2518256,E-,500,"[5, 13, 13, 13, 3, 13, 13, 13, 1, 13, 13, 13, 3, 13, 3, 13, 5, 13, 13, 13, 13, 13, 13, 13, 8, 13, 13, 13, 8, 13, 8, 13, 8, 13, 13, 13, 6, 13, 5, 13, 13, 13, 13, 13, 8, 13, 8, 13, 8, 13, 13, 13, 6, 13, 6, 13, 13, 13, 5, 13, 5, 13, 5, 13]",99.67593049859214
2518256,E-,552,"[1, 13, 1, 13, 5, 13, 3, 13, 1, 13, 3, 13, 13, 13, 13, 13, 1, 13, 12, 13, 13, 13, 13, 13, 13, 13, 1, 13, 12, 13, 13, 13, 12, 13, 1, 13, 1, 13, 13, 13, 13, 13, 13, 13, 13, 13, 13, 13, 1, 13, 13, 13, 0, 0, 0, 0, 0, 0, 0, 0, 0, 0, 0, 0]",106.79462675853355
2518256,E-,172,"[8, 13, 13, 13, 13, 13, 6, 13, 6, 13, 13, 13, 5, 13, 5, 13, 5, 13, 3, 13, 3, 13, 13, 13, 13, 13, 0, 0, 8, 13, 8, 13, 8, 13, 13, 13, 13, 13, 5, 13, 5, 13, 5, 13, 6, 13, 13, 13, 6, 13, 13, 13, 5, 13, 5, 13, 13, 13, 5, 13, 5, 13, 13, 13]",125.94449684061942
2518256,E-,16,"[12, 13, 1, 13, 12, 13, 13, 13, 8, 13, 10, 13, 13, 13, 13, 13, 10, 13, 13, 13, 13, 13, 0, 0, 0, 0, 0, 0, 8, 13, 8, 13, 8, 13, 13, 13, 1, 13, 1, 13, 13, 13, 13, 13, 13, 13, 1, 13, 1, 13, 0, 0, 0, 0, 0, 0, 0, 0, 1, 13, 1, 13, 1, 13]",126.82824681968489
2518256,E-,536,"[6, 13, 13, 13, 5, 13, 5, 13, 5, 13, 13, 13, 5, 13, 13, 13, 1, 13, 13, 13, 0, 0, 0, 0, 0, 0, 0, 0, 0, 0, 0, 0, 1, 13, 1, 13, 5, 13, 3, 13, 1, 13, 3, 13, 13, 13, 10, 13, 10, 13, 13, 13, 0, 0, 0, 0, 0, 0, 0, 0, 0, 0, 0, 0]",107.47953299230926
2518256,E-,324,"[8, 13, 8, 13, 8, 13, 13, 13, 13, 13, 5, 13, 5, 13, 5, 13, 6, 13, 13, 13, 6, 13, 13, 13, 5, 13, 5, 13, 13, 13, 5, 13, 5, 13, 13, 13, 5, 13, 1, 13, 13, 13, 13, 13, 0, 0, 0, 0, 0, 0, 1, 13, 1, 13, 5, 13, 3, 13, 1, 13, 3, 13, 13, 13]",121.83190318803992
2518256,E-,180,"[8, 13, 13, 13, 13, 13, 5, 13, 5, 13, 5, 13, 6, 13, 13, 13, 6, 13, 13, 13, 5, 13, 5, 13, 13, 13, 5, 13, 5, 13, 13, 13, 5, 13, 1, 13, 13, 13, 13, 13, 0, 0, 0, 0, 0, 0, 1, 13, 1, 13, 5, 13, 3, 13, 1, 13, 3, 13, 13, 13, 10, 13, 10, 13]",106.66296604736665
2518256,E-,324,"[8, 13, 8, 13, 8, 13, 13, 13, 13, 13, 5, 13, 5, 13, 5, 13, 6, 13, 13, 13, 6, 13, 13, 13, 5, 13, 5, 13, 13, 13, 5, 13, 5, 13, 13, 13, 5, 13, 1, 13, 13, 13, 13, 13, 0, 0, 0, 0, 0, 0, 1, 13, 1, 13, 5, 13, 3, 13, 1, 13, 3, 13, 13, 13]",121.0414880281921
2518256,E-,528,"[1, 13, 13, 13, 13, 13, 0, 0, 5, 13, 8, 13, 13, 13, 8, 13, 8, 13, 8, 13, 13, 13, 13, 13, 5, 13, 5, 13, 5, 13, 6, 13, 6, 13, 13, 13, 5, 13, 5, 13, 5, 13, 13, 13, 5, 13, 13, 13, 1, 13, 13, 13, 0, 0, 0, 0, 0, 0, 0, 0, 0, 0, 0, 0]",106.65845711890204
2518256,E-,476,"[1, 13, 1, 13, 13, 13, 13, 13, 0, 0, 0, 0, 0, 0, 0, 0, 0, 0, 5, 13, 13, 13, 1, 13, 13, 13, 13, 13, 1, 13, 1, 13, 1, 13, 1, 13, 0, 0, 0, 0, 0, 0, 0, 0, 0, 0, 8, 13, 8, 13, 8, 13, 13, 13, 6, 13, 5, 13, 13, 13, 13, 13, 8, 13]",103.59103308442131
2518256,E-,412,"[1, 13, 3, 13, 13, 13, 5, 13, 13, 13, 1, 13, 13, 13, 3, 13, 5, 13, 13, 13, 1, 13, 13, 13, 10, 13, 13, 13, 8, 13, 13, 13, 1, 13, 1, 13, 13, 13, 10, 13, 10, 13, 5, 13, 5, 13, 3, 13, 3, 13, 13, 13, 13, 13, 0, 0, 0, 0, 0, 0, 0, 0, 0, 0]",120.32051036669942
7016155,C,180,"[5, 13, 13, 13, 13, 13, 13, 13, 13, 13, 13, 13, 13, 13, 13, 13, 5, 13, 13, 13, 13, 13, 13, 13, 13, 13, 13, 13, 13, 13, 13, 13, 10, 13, 13, 13, 13, 13, 13, 13, 13, 13, 13, 13, 13, 13, 13, 13, 10, 13, 13, 13, 13, 13, 13, 13, 13, 13, 13, 13, 13, 13, 13, 13]",6.96018715915875
7016155,C,148,"[10, 13, 13, 13, 13, 13, 13, 13, 13, 13, 13, 13, 13, 13, 13, 13, 5, 13, 13, 13, 13, 13, 13, 13, 13, 13, 13, 13, 13, 13, 13, 13, 5, 13, 13, 13, 13, 13, 13, 13, 13, 13, 13, 13, 13, 13, 13, 13, 12, 13, 13, 13, 13, 13, 13, 13, 13, 13, 13, 13, 13, 13, 13, 13]",26.297177772526354
7016155,C,20,"[5, 13, 13, 13, 13, 13, 13, 13, 13, 13, 13, 13, 13, 13, 13, 13, 5, 13, 13, 13, 13, 13, 13, 13, 13, 13, 13, 13, 13, 13, 13, 13, 12, 13, 13, 13, 13, 13, 13, 13, 13, 13, 13, 13, 13, 13, 13, 13, 10, 13, 13, 13, 13, 13, 13, 13, 13, 13, 13, 13, 13, 13, 13, 13]",11.22337902245657
7016155,C,232,"[9, 13, 13, 13, 13, 13, 13, 13, 13, 13, 13, 13, 13, 13, 13, 13, 9, 13, 13, 13, 13, 13, 13, 13, 13, 13, 13, 13, 13, 13, 13, 13, 4, 13, 13, 13, 13, 13, 13, 13, 13, 13, 13, 13, 13, 13, 13, 13, 4, 13, 13, 13, 13, 13, 13, 13, 13, 13, 13, 13, 13, 13, 13, 13]",23.952084078077704
7016155,C,92,"[4, 13, 13, 13, 13, 13, 13, 13, 13, 13, 13, 13, 13, 13, 13, 13, 4, 13, 13, 13, 13, 13, 13, 13, 13, 13, 13, 13, 13, 13, 13, 13, 9, 13, 13, 13, 13, 13, 13, 13, 13, 13, 13, 13, 13, 13, 13, 13, 9, 13, 13, 13, 13, 13, 13, 13, 13, 13, 13, 13, 13, 13, 13, 13]",5.343736304592625
7016155,C,260,"[4, 13, 13, 13, 13, 13, 13, 13, 13, 13, 13, 13, 13, 13, 13, 13, 4, 13, 13, 13, 13, 13, 13, 13, 13, 13, 13, 13, 13, 13, 13, 13, 4, 13, 13, 13, 13, 13, 13, 13, 13, 13, 13, 13, 13, 13, 13, 13, 4, 13, 13, 13, 13, 13, 13, 13, 13, 13, 13, 13, 13, 13, 13, 13]",28.26667772587217
7016155,C,208,"[10, 13, 13, 13, 13, 13, 13, 13, 13, 13, 13, 13, 13, 13, 13, 13, 5, 13, 13, 13, 13, 13, 13, 13, 13, 13, 13, 13, 13, 13, 13, 13, 5, 13, 13, 13, 13, 13, 13, 13, 13, 13, 13, 13, 13, 13, 13, 13, 4, 13, 13, 13, 13, 13, 13, 13, 13, 13, 13, 13, 13, 13, 13, 13]",8.455798730873056
7016155,C,304,"[4, 13, 13, 13, 13, 13, 13, 13, 13, 13, 13, 13, 13, 13, 13, 13, 5, 13, 13, 13, 13, 13, 13, 13, 13, 13, 13, 13, 13, 13, 13, 13, 5, 13, 13, 13, 13, 13, 13, 13, 13, 13, 13, 13, 13, 13, 13, 13, 5, 13, 13, 13, 13, 13, 13, 13, 13, 13, 13, 13, 13, 13, 13, 13]",5.1530086305391904
7016155,C,148,"[10, 13, 13, 13, 13, 13, 13, 13, 13, 13, 13, 13, 13, 13, 13, 13, 5, 13, 13, 13, 13, 13, 13, 13, 13, 13, 13, 13, 13, 13, 13, 13, 5, 13, 13, 13, 13, 13, 13, 13, 13, 13, 13, 13, 13, 13, 13, 13, 12, 13, 13, 13, 13, 13, 13, 13, 13, 13, 13, 13, 13, 13, 13, 13]",-1.5774688885984602
7016155,C,240,"[4, 13, 13, 13, 13, 13, 13, 13, 13, 13, 13, 13, 13, 13, 13, 13, 4, 13, 13, 13, 13, 13, 13, 13, 13, 13, 13, 13, 13, 13, 13, 13, 11, 13, 13, 13, 13, 13, 13, 13, 13, 13, 13, 13, 13, 13, 13, 13, 9, 13, 13, 13, 13, 13, 13, 13, 13, 13, 13, 13, 13, 13, 13, 13]",17.917785113877287
7016155,C,224,"[4, 13, 13, 13, 13, 13, 13, 13, 13, 13, 13, 13, 13, 13, 13, 13, 4, 13, 13, 13, 13, 13, 13, 13, 13, 13, 13, 13, 13, 13, 13, 13, 9, 13, 13, 13, 13, 13, 13, 13, 13, 13, 13, 13, 13, 13, 13, 13, 9, 13, 13, 13, 13, 13, 13, 13, 13, 13, 13, 13, 13, 13, 13, 13]",15.83781641314826
7016155,C,252,"[9, 13, 13, 13, 13, 13, 13, 13, 13, 13, 13, 13, 13, 13, 13, 13, 4, 13, 13, 13, 13, 13, 13, 13, 13, 13, 13, 13, 13, 13, 13, 13, 4, 13, 13, 13, 13, 13, 13, 13, 13, 13, 13, 13, 13, 13, 13, 13, 4, 13, 13, 13, 13, 13, 13, 13, 13, 13, 13, 13, 13, 13, 13, 13]",11.211204915602096
7016155,C,224,"[4, 13, 13, 13, 13, 13, 13, 13, 13, 13, 13, 13, 13, 13, 13, 13, 4, 13, 13, 13, 13, 13, 13, 13, 13, 13, 13, 13, 13, 13, 13, 13, 9, 13, 13, 13, 13, 13, 13, 13, 13, 13, 13, 13, 13, 13, 13, 13, 9, 13, 13, 13, 13, 13, 13, 13, 13, 13, 13, 13, 13, 13, 13, 13]",20.874289508128356
7016155,C,316,"[5, 13, 13, 13, 13, 13, 13, 13, 13, 13, 13, 13, 13, 13, 13, 13, 12, 13, 13, 13, 13, 13, 13, 13, 13, 13, 13, 13, 13, 13, 13, 13, 10, 13, 13, 13, 13, 13, 13, 13, 13, 13, 13, 13, 13, 13, 13, 13, 5, 13, 13, 13, 13, 13, 13, 13, 13, 13, 13, 13, 13, 13, 13, 13]",27.612432205655878
7016155,C,304,"[4, 13, 13, 13, 13, 13, 13, 13, 13, 13, 13, 13, 13, 13, 13, 13, 5, 13, 13, 13, 13, 13, 13, 13, 13, 13, 13, 13, 13, 13, 13, 13, 5, 13, 13, 13, 13, 13, 13, 13, 13, 13, 13, 13, 13, 13, 13, 13, 5, 13, 13, 13, 13, 13, 13, 13, 13, 13, 13, 13, 13, 13, 13, 13]",2.544142620910307
7016155,C,72,"[11, 13, 13, 13, 13, 13, 13, 13, 13, 13, 13, 13, 13, 13, 13, 13, 10, 13, 13, 13, 13, 13, 13, 13, 13, 13, 13, 13, 13, 13, 13, 13, 4, 13, 13, 13, 13, 13, 13, 13, 13, 13, 13, 13, 13, 13, 13, 13, 4, 13, 13, 13, 13, 13, 13, 13, 13, 13, 13, 13, 13, 13, 13, 13]",0.17875874837085348
7016155,C,256,"[4, 13, 13, 13, 13, 13, 13, 13, 13, 13, 13, 13, 13, 13, 13, 13, 4, 13, 13, 13, 13, 13, 13, 13, 13, 13, 13, 13, 13, 13, 13, 13, 4, 13, 13, 13, 13, 13, 13, 13, 13, 13, 13, 13, 13, 13, 13, 13, 4, 13, 13, 13, 13, 13, 13, 13, 13, 13, 13, 13, 13, 13, 13, 13]",0.11157571424803336
7016155,C,4,"[5, 13, 13, 13, 13, 13, 13, 13, 13, 13, 13, 13, 13, 13, 13, 13, 5, 13, 13, 13, 13, 13, 13, 13, 13, 13, 13, 13, 13, 13, 13, 13, 10, 13, 13, 13, 13, 13, 13, 13, 13, 13, 13, 13, 13, 13, 13, 13, 10, 13, 13, 13, 13, 13, 13, 13, 13, 13, 13, 13, 13, 13, 13, 13]",8.78449961594383
7016155,C,328,"[5, 13, 13, 13, 13, 13, 13, 13, 13, 13, 13, 13, 13, 13, 13, 13, 5, 13, 13, 13, 13, 13, 13, 13, 13, 13, 13, 13, 13, 13, 13, 13, 5, 13, 13, 13, 13, 13, 13, 13, 13, 13, 13, 13, 13, 13, 13, 13, 5, 13, 13, 13, 13, 13, 13, 13, 13, 13, 13, 13, 13, 13, 13, 13]",0.7730355200077383
7016155,C,0,"[5, 13, 13, 13, 13, 13, 13, 13, 13, 13, 13, 13, 13, 13, 13, 13, 5, 13, 13, 13, 13, 13, 13, 13, 13, 13, 13, 13, 13, 13, 13, 13, 5, 13, 13, 13, 13, 13, 13, 13, 13, 13, 13, 13, 13, 13, 13, 13, 10, 13, 13, 13, 13, 13, 13, 13, 13, 13, 13, 13, 13, 13, 13, 13]",-5.651736649228738
7016155,C,24,"[5, 13, 13, 13, 13, 13, 13, 13, 13, 13, 13, 13, 13, 13, 13, 13, 12, 13, 13, 13, 13, 13, 13, 13, 13, 13, 13, 13, 13, 13, 13, 13, 10, 13, 13, 13, 13, 13, 13, 13, 13, 13, 13, 13, 13, 13, 13, 13, 5, 13, 13, 13, 13, 13, 13, 13, 13, 13, 13, 13, 13, 13, 13, 13]",-5.3947277267454155
7016155,C,140,"[5, 13, 13, 13, 13, 13, 13, 13, 13, 13, 13, 13, 13, 13, 13, 13, 10, 13, 13, 13, 13, 13, 13, 13, 13, 13, 13, 13, 13, 13, 13, 13, 10, 13, 13, 13, 13, 13, 13, 13, 13, 13, 13, 13, 13, 13, 13, 13, 5, 13, 13, 13, 13, 13, 13, 13, 13, 13, 13, 13, 13, 13, 13, 13]",21.948767161247204
7016155,C,288,"[4, 13, 13, 13, 13, 13, 13, 13, 13, 13, 13, 13, 13, 13, 13, 13, 11, 13, 13, 13, 13, 13, 13, 13, 13, 13, 13, 13, 13, 13, 13, 13, 9, 13, 13, 13, 13, 13, 13, 13, 13, 13, 13, 13, 13, 13, 13, 13, 4, 13, 13, 13, 13, 13, 13, 13, 13, 13, 13, 13, 13, 13, 13, 13]",18.25009314171976
7016155,C,36,"[5, 13, 13, 13, 13, 13, 13, 13, 13, 13, 13, 13, 13, 13, 13, 13, 5, 13, 13, 13, 13, 13, 13, 13, 13, 13, 13, 13, 13, 13, 13, 13, 4, 13, 13, 13, 13, 13, 13, 13, 13, 13, 13, 13, 13, 13, 13, 13, 4, 13, 13, 13, 13, 13, 13, 13, 13, 13, 13, 13, 13, 13, 13, 13]",3.2718836750999003
7016155,C,132,"[5, 13, 13, 13, 13, 13, 13, 13, 13, 13, 13, 13, 13, 13, 13, 13, 5, 13, 13, 13, 13, 13, 13, 13, 13, 13, 13, 13, 13, 13, 13, 13, 5, 13, 13, 13, 13, 13, 13, 13, 13, 13, 13, 13, 13, 13, 13, 13, 10, 13, 13, 13, 13, 13, 13, 13, 13, 13, 13, 13, 13, 13, 13, 13]",26.063164385212588
7016155,C,36,"[5, 13, 13, 13, 13, 13, 13, 13, 13, 13, 13, 13, 13, 13, 13, 13, 5, 13, 13, 13, 13, 13, 13, 13, 13, 13, 13, 13, 13, 13, 13, 13, 4, 13, 13, 13, 13, 13, 13, 13, 13, 13, 13, 13, 13, 13, 13, 13, 4, 13, 13, 13, 13, 13, 13, 13, 13, 13, 13, 13, 13, 13, 13, 13]",16.62823157299607
7016155,C,260,"[4, 13, 13, 13, 13, 13, 13, 13, 13, 13, 13, 13, 13, 13, 13, 13, 4, 13, 13, 13, 13, 13, 13, 13, 13, 13, 13, 13, 13, 13, 13, 13, 4, 13, 13, 13, 13, 13, 13, 13, 13, 13, 13, 13, 13, 13, 13, 13, 4, 13, 13, 13, 13, 13, 13, 13, 13, 13, 13, 13, 13, 13, 13, 13]",12.329419174827748
7016155,C,172,"[5, 13, 13, 13, 13, 13, 13, 13, 13, 13, 13, 13, 13, 13, 13, 13, 5, 13, 13, 13, 13, 13, 13, 13, 13, 13, 13, 13, 13, 13, 13, 13, 5, 13, 13, 13, 13, 13, 13, 13, 13, 13, 13, 13, 13, 13, 13, 13, 5, 13, 13, 13, 13, 13, 13, 13, 13, 13, 13, 13, 13, 13, 13, 13]",29.710887513089844
7016155,C,272,"[4, 13, 13, 13, 13, 13, 13, 13, 13, 13, 13, 13, 13, 13, 13, 13, 9, 13, 13, 13, 13, 13, 13, 13, 13, 13, 13, 13, 13, 13, 13, 13, 9, 13, 13, 13, 13, 13, 13, 13, 13, 13, 13, 13, 13, 13, 13, 13, 4, 13, 13, 13, 13, 13, 13, 13, 13, 13, 13, 13, 13, 13, 13, 13]",-6.29425895543703
7016155,C,316,"[5, 13, 13, 13, 13, 13, 13, 13, 13, 13, 13, 13, 13, 13, 13, 13, 12, 13, 13, 13, 13, 13, 13, 13, 13, 13, 13, 13, 13, 13, 13, 13, 10, 13, 13, 13, 13, 13, 13, 13, 13, 13, 13, 13, 13, 13, 13, 13, 5, 13, 13, 13, 13, 13, 13, 13, 13, 13, 13, 13, 13, 13, 13, 13]",20.851293972958786
7016155,C,8,"[5, 13, 13, 13, 13, 13, 13, 13, 13, 13, 13, 13, 13, 13, 13, 13, 10, 13, 13, 13, 13, 13, 13, 13, 13, 13, 13, 13, 13, 13, 13, 13, 10, 13, 13, 13, 13, 13, 13, 13, 13, 13, 13, 13, 13, 13, 13, 13, 5, 13, 13, 13, 13, 13, 13, 13, 13, 13, 13, 13, 13, 13, 13, 13]",-4.9059598811806495
7016155,C,100,"[9, 13, 13, 13, 13, 13, 13, 13, 13, 13, 13, 13, 13, 13, 13, 13, 9, 13, 13, 13, 13, 13, 13, 13, 13, 13, 13, 13, 13, 13, 13, 13, 4, 13, 13, 13, 13, 13, 13, 13, 13, 13, 13, 13, 13, 13, 13, 13, 4, 13, 13, 13, 13, 13, 13, 13, 13, 13, 13, 13, 13, 13, 13, 13]",17.78432083132455
7016155,C,76,"[10, 13, 13, 13, 13, 13, 13, 13, 13, 13, 13, 13, 13, 13, 13, 13, 4, 13, 13, 13, 13, 13, 13, 13, 13, 13, 13, 13, 13, 13, 13, 13, 4, 13, 13, 13, 13, 13, 13, 13, 13, 13, 13, 13, 13, 13, 13, 13, 4, 13, 13, 13, 13, 13, 13, 13, 13, 13, 13, 13, 13, 13, 13, 13]",36.00625343539171
7016155,C,308,"[5, 13, 13, 13, 13, 13, 13, 13, 13, 13, 13, 13, 13, 13, 13, 13, 5, 13, 13, 13, 13, 13, 13, 13, 13, 13, 13, 13, 13, 13, 13, 13, 5, 13, 13, 13, 13, 13, 13, 13, 13, 13, 13, 13, 13, 13, 13, 13, 12, 13, 13, 13, 13, 13, 13, 13, 13, 13, 13, 13, 13, 13, 13, 13]",21.82116448569846
7016155,C,184,"[5, 13, 13, 13, 13, 13, 13, 13, 13, 13, 13, 13, 13, 13, 13, 13, 10, 13, 13, 13, 13, 13, 13, 13, 13, 13, 13, 13, 13, 13, 13, 13, 10, 13, 13, 13, 13, 13, 13, 13, 13, 13, 13, 13, 13, 13, 13, 13, 5, 13, 13, 13, 13, 13, 13, 13, 13, 13, 13, 13, 13, 13, 13, 13]",6.850169304622042
7016155,C,320,"[12, 13, 13, 13, 13, 13, 13, 13, 13, 13, 13, 13, 13, 13, 13, 13, 10, 13, 13, 13, 13, 13, 13, 13, 13, 13, 13, 13, 13, 13, 13, 13, 5, 13, 13, 13, 13, 13, 13, 13, 13, 13, 13, 13, 13, 13, 13, 13, 5, 13, 13, 13, 13, 13, 13, 13, 13, 13, 13, 13, 13, 13, 13, 13]",10.345490650395135
7016155,C,220,"[4, 13, 13, 13, 13, 13, 13, 13, 13, 13, 13, 13, 13, 13, 13, 13, 4, 13, 13, 13, 13, 13, 13, 13, 13, 13, 13, 13, 13, 13, 13, 13, 4, 13, 13, 13, 13, 13, 13, 13, 13, 13, 13, 13, 13, 13, 13, 13, 9, 13, 13, 13, 13, 13, 13, 13, 13, 13, 13, 13, 13, 13, 13, 13]",19.681227036390027
7016155,C,336,"[5, 13, 13, 13, 13, 13, 13, 13, 13, 13, 13, 13, 13, 13, 13, 13, 5, 13, 13, 13, 13, 13, 13, 13, 13, 13, 13, 13, 13, 13, 13, 13, 5, 13, 13, 13, 13, 13, 13, 13, 13, 13, 13, 13, 13, 13, 13, 13, 1, 13, 13, 13, 13, 13, 13, 13, 13, 13, 13, 13, 13, 13, 13, 13]",-5.235111659097882
7016155,C,220,"[4, 13, 13, 13, 13, 13, 13, 13, 13, 13, 13, 13, 13, 13, 13, 13, 4, 13, 13, 13, 13, 13, 13, 13, 13, 13, 13, 13, 13, 13, 13, 13, 4, 13, 13, 13, 13, 13, 13, 13, 13, 13, 13, 13, 13, 13, 13, 13, 9, 13, 13, 13, 13, 13, 13, 13, 13, 13, 13, 13, 13, 13, 13, 13]",15.846834270077508
7016155,C,200,"[5, 13, 13, 13, 13, 13, 13, 13, 13, 13, 13, 13, 13, 13, 13, 13, 11, 13, 13, 13, 13, 13, 13, 13, 13, 13, 13, 13, 13, 13, 13, 13, 10, 13, 13, 13, 13, 13, 13, 13, 13, 13, 13, 13, 13, 13, 13, 13, 5, 13, 13, 13, 13, 13, 13, 13, 13, 13, 13, 13, 13, 13, 13, 13]",28.634155395738688
7016155,C,48,"[4, 13, 13, 13, 13, 13, 13, 13, 13, 13, 13, 13, 13, 13, 13, 13, 4, 13, 13, 13, 13, 13, 13, 13, 13, 13, 13, 13, 13, 13, 13, 13, 10, 13, 13, 13, 13, 13, 13, 13, 13, 13, 13, 13, 13, 13, 13, 13, 10, 13, 13, 13, 13, 13, 13, 13, 13, 13, 13, 13, 13, 13, 13, 13]",11.710794189481945
7016155,C,208,"[10, 13, 13, 13, 13, 13, 13, 13, 13, 13, 13, 13, 13, 13, 13, 13, 5, 13, 13, 13, 13, 13, 13, 13, 13, 13, 13, 13, 13, 13, 13, 13, 5, 13, 13, 13, 13, 13, 13, 13, 13, 13, 13, 13, 13, 13, 13, 13, 4, 13, 13, 13, 13, 13, 13, 13, 13, 13, 13, 13, 13, 13, 13, 13]",16.668811929177664
7016155,C,204,"[11, 13, 13, 13, 13, 13, 13, 13, 13, 13, 13, 13, 13, 13, 13, 13, 10, 13, 13, 13, 13, 13, 13, 13, 13, 13, 13, 13, 13, 13, 13, 13, 5, 13, 13, 13, 13, 13, 13, 13, 13, 13, 13, 13, 13, 13, 13, 13, 5, 13, 13, 13, 13, 13, 13, 13, 13, 13, 13, 13, 13, 13, 13, 13]",5.259419342304227
7016155,C,64,"[4, 13, 13, 13, 13, 13, 13, 13, 13, 13, 13, 13, 13, 13, 13, 13, 4, 13, 13, 13, 13, 13, 13, 13, 13, 13, 13, 13, 13, 13, 13, 13, 11, 13, 13, 13, 13, 13, 13, 13, 13, 13, 13, 13, 13, 13, 13, 13, 10, 13, 13, 13, 13, 13, 13, 13, 13, 13, 13, 13, 13, 13, 13, 13]",10.369838864104082
6026592,G#,112,"[0, 0, 0, 0, 4, 13, 3, 13, 4, 13, 13, 13, 6, 13, 13, 13, 0, 0, 0, 0, 4, 13, 3, 13, 4, 13, 8, 13, 6, 13, 13, 13, 0, 0, 0, 0, 4, 13, 3, 13, 1, 13, 6, 13, 3, 13, 11, 13, 8, 13, 4, 13, 1, 13, 13, 13, 13, 13, 13, 13, 0, 0, 0, 0]",170.2825940046098
6026592,G#,64,"[5, 13, 13, 13, 5, 13, 13, 3, 3, 13, 13, 13, 13, 13, 13, 13, 3, 13, 13, 13, 13, 13, 3, 13, 5, 13, 13, 13, 5, 13, 13, 13, 5, 13, 13, 13, 13, 13, 7, 13, 3, 13, 13, 13, 3, 13, 13, 13, 3, 13, 13, 13, 13, 13, 3, 13, 2, 13, 3, 13, 5, 13, 13, 13]",190.963245300434
6026592,G#,8,"[0, 0, 0, 0, 3, 13, 2, 13, 3, 13, 13, 13, 5, 13, 13, 13, 0, 0, 0, 0, 3, 13, 2, 13, 3, 13, 7, 13, 5, 13, 13, 13, 0, 0, 0, 0, 3, 13, 2, 13, 12, 13, 5, 13, 3, 13, 2, 13, 3, 13, 13, 13, 0, 0, 0, 0, 0, 0, 0, 0, 0, 0, 0, 0]",167.4279913936591
6026592,G#,136,"[4, 13, 13, 13, 13, 13, 4, 13, 6, 13, 13, 13, 6, 13, 13, 13, 6, 13, 13, 13, 13, 13, 8, 13, 4, 13, 13, 13, 4, 13, 13, 13, 4, 13, 13, 13, 13, 13, 4, 13, 3, 13, 4, 13, 6, 13, 13, 13, 6, 13, 13, 13, 6, 13, 13, 4, 4, 13, 13, 13, 13, 13, 13, 13]",201.14801291631676
6026592,G#,208,"[6, 13, 13, 13, 13, 13, 13, 13, 4, 13, 13, 13, 13, 13, 13, 13, 4, 13, 13, 13, 13, 13, 13, 13, 6, 13, 13, 13, 13, 13, 13, 13, 6, 13, 13, 13, 13, 13, 13, 13, 0, 0, 0, 0, 0, 0, 0, 0, 4, 13, 13, 13, 0, 0, 0, 0, 0, 0, 0, 0, 0, 0, 0, 0]",164.78756288477786
6026592,G#,52,"[3, 13, 13, 13, 13, 13, 3, 13, 5, 13, 13, 13, 5, 13, 13, 13, 5, 13, 13, 13, 13, 13, 7, 13, 3, 13, 13, 13, 3, 13, 13, 13, 3, 13, 13, 13, 13, 13, 3, 13, 2, 13, 3, 13, 5, 13, 13, 13, 5, 13, 13, 13, 5, 13, 13, 3, 3, 13, 13, 13, 13, 13, 13, 13]",160.89861208404346
6026592,G#,116,"[0, 0, 0, 0, 4, 13, 3, 13, 4, 13, 8, 13, 6, 13, 13, 13, 0, 0, 0, 0, 4, 13, 3, 13, 1, 13, 6, 13, 3, 13, 11, 13, 8, 13, 4, 13, 1, 13, 13, 13, 13, 13, 13, 13, 0, 0, 0, 0, 11, 13, 13, 13, 0, 0, 0, 0, 0, 0, 0, 0, 0, 0, 0, 0]",159.35655854914359
6026592,G#,208,"[6, 13, 13, 13, 13, 13, 13, 13, 4, 13, 13, 13, 13, 13, 13, 13, 4, 13, 13, 13, 13, 13, 13, 13, 6, 13, 13, 13, 13, 13, 13, 13, 6, 13, 13, 13, 13, 13, 13, 13, 0, 0, 0, 0, 0, 0, 0, 0, 4, 13, 13, 13, 0, 0, 0, 0, 0, 0, 0, 0, 0, 0, 0, 0]",168.7175449345403
6026592,G#,32,"[0, 0, 0, 0, 3, 13, 2, 13, 3, 13, 7, 13, 5, 13, 13, 13, 0, 0, 0, 0, 3, 13, 2, 13, 12, 13, 5, 13, 2, 13, 10, 13, 7, 13, 3, 13, 12, 13, 13, 13, 13, 13, 13, 13, 0, 0, 0, 0, 10, 13, 13, 13, 0, 0, 0, 0, 0, 0, 0, 0, 0, 0, 0, 0]",193.51755327564103
6026592,G#,52,"[3, 13, 13, 13, 13, 13, 3, 13, 5, 13, 13, 13, 5, 13, 13, 13, 5, 13, 13, 13, 13, 13, 7, 13, 3, 13, 13, 13, 3, 13, 13, 13, 3, 13, 13, 13, 13, 13, 3, 13, 2, 13, 3, 13, 5, 13, 13, 13, 5, 13, 13, 13, 5, 13, 13, 3, 3, 13, 13, 13, 13, 13, 13, 13]",179.12505361657526
6026592,G#,140,"[6, 13, 13, 13, 13, 13, 8, 13, 4, 13, 13, 13, 4, 13, 13, 13, 4, 13, 13, 13, 13, 13, 4, 13, 3, 13, 4, 13, 6, 13, 13, 13, 6, 13, 13, 13, 6, 13, 13, 4, 4, 13, 13, 13, 13, 13, 13, 13, 4, 13, 13, 13, 13, 13, 4, 13, 6, 13, 13, 13, 6, 13, 13, 13]",179.1083705812562
6026592,G#,140,"[6, 13, 13, 13, 13, 13, 8, 13, 4, 13, 13, 13, 4, 13, 13, 13, 4, 13, 13, 13, 13, 13, 4, 13, 3, 13, 4, 13, 6, 13, 13, 13, 6, 13, 13, 13, 6, 13, 13, 4, 4, 13, 13, 13, 13, 13, 13, 13, 4, 13, 13, 13, 13, 13, 4, 13, 6, 13, 13, 13, 6, 13, 13, 13]",161.7255495644547
6026592,G#,108,"[0, 0, 0, 0, 9, 13, 8, 13, 6, 13, 13, 13, 9, 13, 13, 13, 0, 0, 0, 0, 4, 13, 3, 13, 4, 13, 13, 13, 6, 13, 13, 13, 0, 0, 0, 0, 4, 13, 3, 13, 4, 13, 8, 13, 6, 13, 13, 13, 0, 0, 0, 0, 4, 13, 3, 13, 1, 13, 6, 13, 3, 13, 11, 13]",169.64908955533073
6026592,G#,148,"[6, 13, 13, 13, 6, 13, 13, 4, 4, 13, 13, 13, 13, 13, 13, 13, 4, 13, 13, 13, 13, 13, 4, 13, 6, 13, 13, 13, 6, 13, 13, 13, 6, 13, 13, 13, 13, 13, 8, 13, 4, 13, 13, 13, 4, 13, 13, 13, 4, 13, 13, 13, 13, 13, 4, 13, 3, 13, 4, 13, 6, 13, 13, 13]",201.36399058977207
11741824,A,260,"[10, 10, 13, 13, 10, 13, 8, 6, 6, 13, 13, 13, 0, 0, 0, 0, 8, 1, 1, 1, 1, 1, 13, 12, 12, 13, 0, 0, 12, 12, 13, 1, 1, 10, 13, 13, 10, 13, 13, 13, 1, 13, 13, 13, 10, 13, 12, 13, 1, 8, 13, 8, 8, 1, 13, 12, 12, 13, 13, 13, 0, 12, 1, 13]",28.26036522602172
11741824,A,80,"[5, 13, 13, 13, 0, 0, 0, 0, 0, 0, 0, 0, 0, 0, 0, 0, 8, 1, 1, 1, 1, 1, 13, 12, 12, 13, 0, 0, 12, 12, 13, 1, 1, 10, 13, 13, 10, 13, 13, 13, 1, 13, 13, 13, 10, 13, 12, 13, 1, 8, 13, 8, 8, 1, 13, 12, 12, 13, 13, 13, 0, 12, 1, 13]",54.52261906819855
11741824,A,276,"[10, 13, 13, 13, 13, 13, 13, 13, 1, 13, 13, 13, 5, 13, 5, 13, 5, 5, 13, 13, 0, 8, 13, 5, 5, 13, 0, 0, 6, 5, 3, 1, 5, 5, 13, 13, 5, 5, 13, 3, 10, 13, 13, 13, 1, 1, 13, 1, 1, 13, 13, 8, 8, 13, 13, 8, 10, 8, 13, 8, 10, 13, 13, 10]",59.85307429907185
11741824,A,192,"[10, 13, 13, 13, 13, 13, 13, 13, 1, 13, 13, 13, 5, 13, 5, 13, 5, 5, 13, 13, 0, 8, 13, 5, 5, 13, 0, 0, 6, 5, 3, 1, 5, 5, 13, 13, 5, 5, 13, 3, 10, 13, 13, 13, 1, 1, 13, 1, 1, 13, 13, 8, 8, 13, 13, 8, 10, 8, 13, 8, 3, 13, 13, 3]",58.605904685758055
11741824,A,296,"[1, 13, 13, 8, 8, 13, 13, 8, 10, 8, 13, 8, 3, 13, 3, 13, 1, 13, 13, 13, 13, 13, 13, 13, 0, 0, 0, 0, 0, 0, 0, 0, 5, 13, 13, 13, 5, 3, 1, 13, 0, 0, 0, 0, 0, 0, 0, 0, 3, 0, 0, 0, 0, 0, 0, 0, 5, 0, 0, 0, 0, 0, 0, 0]",52.242453943640434
11741824,A,148,"[8, 0, 0, 1, 8, 13, 13, 5, 5, 13, 13, 13, 5, 13, 13, 13, 10, 13, 13, 5, 5, 3, 5, 13, 0, 0, 0, 0, 1, 13, 1, 13, 6, 13, 13, 13, 5, 13, 13, 3, 1, 13, 13, 13, 1, 13, 13, 1, 5, 5, 5, 5, 5, 3, 3, 1, 3, 13, 3, 1, 3, 1, 1, 1]",43.658806825544104
11741824,A,244,"[10, 13, 13, 13, 13, 13, 13, 13, 1, 13, 13, 13, 5, 13, 5, 13, 5, 5, 13, 13, 0, 8, 13, 5, 5, 13, 0, 0, 6, 5, 3, 1, 5, 5, 13, 13, 5, 5, 13, 3, 10, 13, 13, 13, 1, 1, 13, 1, 1, 13, 13, 8, 8, 13, 13, 8, 10, 8, 13, 8, 0, 10, 13, 10]",61.138118911488434
11741824,A,256,"[1, 13, 13, 8, 8, 13, 13, 8, 10, 8, 13, 8, 0, 10, 13, 10, 10, 10, 13, 13, 10, 13, 8, 6, 6, 13, 13, 13, 0, 0, 0, 0, 8, 1, 1, 1, 1, 1, 13, 12, 12, 13, 0, 0, 12, 12, 13, 1, 1, 10, 13, 13, 10, 13, 13, 13, 1, 13, 13, 13, 10, 13, 12, 13]",59.33454752564059
11741824,A,284,"[5, 5, 13, 13, 5, 5, 13, 3, 10, 13, 13, 13, 1, 1, 13, 1, 1, 13, 13, 8, 8, 13, 13, 8, 10, 8, 13, 8, 10, 13, 13, 10, 10, 10, 13, 13, 10, 13, 13, 13, 1, 13, 13, 13, 1, 1, 0, 1, 1, 13, 13, 8, 8, 13, 13, 8, 10, 8, 13, 8, 3, 13, 3, 13]",31.85849014078815
11741824,A,232,"[8, 1, 1, 1, 1, 1, 13, 12, 12, 13, 0, 0, 12, 12, 13, 1, 1, 10, 13, 13, 10, 13, 13, 13, 1, 13, 13, 13, 10, 13, 12, 13, 1, 8, 13, 8, 8, 1, 13, 12, 12, 13, 13, 13, 0, 12, 1, 13, 10, 13, 13, 13, 13, 13, 13, 13, 1, 13, 13, 13, 5, 13, 5, 13]",19.381383293492803
11741824,A,260,"[10, 10, 13, 13, 10, 13, 8, 6, 6, 13, 13, 13, 0, 0, 0, 0, 8, 1, 1, 1, 1, 1, 13, 12, 12, 13, 0, 0, 12, 12, 13, 1, 1, 10, 13, 13, 10, 13, 13, 13, 1, 13, 13, 13, 10, 13, 12, 13, 1, 8, 13, 8, 8, 1, 13, 12, 12, 13, 13, 13, 0, 12, 1, 13]",27.452816138008345
11741824,A,292,"[10, 10, 13, 13, 10, 13, 13, 13, 1, 13, 13, 13, 1, 1, 0, 1, 1, 13, 13, 8, 8, 13, 13, 8, 10, 8, 13, 8, 3, 13, 3, 13, 1, 13, 13, 13, 13, 13, 13, 13, 0, 0, 0, 0, 0, 0, 0, 0, 5, 13, 13, 13, 5, 3, 1, 13, 0, 0, 0, 0, 0, 0, 0, 0]",56.438913665661886
11741824,A,164,"[1, 13, 3, 1, 3, 1, 3, 13, 3, 1, 3, 1, 3, 1, 1, 1, 3, 5, 5, 5, 5, 13, 0, 3, 3, 1, 3, 1, 3, 1, 3, 5, 10, 13, 13, 13, 0, 1, 3, 1, 3, 13, 13, 13, 5, 13, 13, 13, 5, 13, 13, 13, 13, 13, 13, 13, 3, 0, 0, 0, 0, 0, 0, 0]",40.34790065397393
11741824,A,272,"[1, 8, 13, 8, 8, 1, 13, 12, 12, 13, 13, 13, 0, 12, 1, 13, 10, 13, 13, 13, 13, 13, 13, 13, 1, 13, 13, 13, 5, 13, 5, 13, 5, 5, 13, 13, 0, 8, 13, 5, 5, 13, 0, 0, 6, 5, 3, 1, 5, 5, 13, 13, 5, 5, 13, 3, 10, 13, 13, 13, 1, 1, 13, 1]",57.297413645325456
11741824,A,112,"[10, 10, 13, 13, 10, 13, 13, 13, 1, 0, 0, 0, 1, 1, 13, 1, 1, 13, 8, 8, 13, 13, 8, 13, 8, 6, 13, 5, 5, 13, 13, 1, 1, 1, 13, 13, 1, 13, 13, 13, 0, 0, 0, 0, 0, 0, 0, 0, 5, 13, 13, 13, 0, 0, 0, 0, 0, 0, 0, 0, 0, 0, 0, 0]",49.179087944777876
11741824,A,108,"[1, 13, 13, 8, 8, 13, 13, 8, 10, 8, 13, 8, 10, 13, 13, 10, 10, 10, 13, 13, 10, 13, 13, 13, 1, 0, 0, 0, 1, 1, 13, 1, 1, 13, 8, 8, 13, 13, 8, 13, 8, 6, 13, 5, 5, 13, 13, 1, 1, 1, 13, 13, 1, 13, 13, 13, 0, 0, 0, 0, 0, 0, 0, 0]",36.14693200348786
11741824,A,140,"[6, 13, 13, 13, 6, 6, 13, 6, 5, 13, 13, 13, 5, 3, 1, 13, 1, 13, 13, 8, 8, 13, 5, 13, 5, 13, 13, 13, 0, 3, 1, 13, 8, 0, 0, 1, 8, 13, 13, 5, 5, 13, 13, 13, 5, 13, 13, 13, 10, 13, 13, 5, 5, 3, 5, 13, 0, 0, 0, 0, 1, 13, 1, 13]",46.109409446064845
11741824,A,36,"[10, 13, 13, 13, 5, 13, 13, 13, 1, 13, 13, 13, 0, 3, 13, 1, 1, 13, 10, 1, 1, 13, 13, 13, 0, 0, 0, 0, 0, 10, 10, 10, 3, 1, 3, 13, 13, 13, 3, 5, 5, 13, 13, 13, 0, 0, 0, 0, 8, 13, 13, 13, 5, 13, 13, 13, 0, 0, 0, 0, 10, 8, 8, 8]",33.26166867897777
11741824,A,232,"[8, 1, 1, 1, 1, 1, 13, 12, 12, 13, 0, 0, 12, 12, 13, 1, 1, 10, 13, 13, 10, 13, 13, 13, 1, 13, 13, 13, 10, 13, 12, 13, 1, 8, 13, 8, 8, 1, 13, 12, 12, 13, 13, 13, 0, 12, 1, 13, 10, 13, 13, 13, 13, 13, 13, 13, 1, 13, 13, 13, 5, 13, 5, 13]",56.343775275058405
11741824,A,148,"[8, 0, 0, 1, 8, 13, 13, 5, 5, 13, 13, 13, 5, 13, 13, 13, 10, 13, 13, 5, 5, 3, 5, 13, 0, 0, 0, 0, 1, 13, 1, 13, 6, 13, 13, 13, 5, 13, 13, 3, 1, 13, 13, 13, 1, 13, 13, 1, 5, 5, 5, 5, 5, 3, 3, 1, 3, 13, 3, 1, 3, 1, 1, 1]",55.136284232233294
11741824,A,80,"[5, 13, 13, 13, 0, 0, 0, 0, 0, 0, 0, 0, 0, 0, 0, 0, 8, 1, 1, 1, 1, 1, 13, 12, 12, 13, 0, 0, 12, 12, 13, 1, 1, 10, 13, 13, 10, 13, 13, 13, 1, 13, 13, 13, 10, 13, 12, 13, 1, 8, 13, 8, 8, 1, 13, 12, 12, 13, 13, 13, 0, 12, 1, 13]",53.69027087362978
11741824,A,32,"[1, 13, 13, 8, 8, 13, 13, 5, 5, 13, 13, 13, 3, 1, 13, 13, 10, 13, 13, 13, 5, 13, 13, 13, 1, 13, 13, 13, 0, 3, 13, 1, 1, 13, 10, 1, 1, 13, 13, 13, 0, 0, 0, 0, 0, 10, 10, 10, 3, 1, 3, 13, 13, 13, 3, 5, 5, 13, 13, 13, 0, 0, 0, 0]",45.29960589381918
11741824,A,56,"[10, 13, 10, 1, 1, 13, 13, 10, 10, 13, 13, 13, 0, 8, 10, 13, 1, 3, 13, 13, 3, 3, 1, 3, 3, 13, 5, 13, 0, 0, 0, 1, 5, 5, 5, 5, 5, 3, 3, 1, 3, 13, 3, 1, 3, 1, 1, 1, 1, 13, 3, 1, 3, 1, 3, 13, 3, 1, 3, 1, 3, 1, 1, 1]",31.486503542457044
11741824,A,148,"[8, 0, 0, 1, 8, 13, 13, 5, 5, 13, 13, 13, 5, 13, 13, 13, 10, 13, 13, 5, 5, 3, 5, 13, 0, 0, 0, 0, 1, 13, 1, 13, 6, 13, 13, 13, 5, 13, 13, 3, 1, 13, 13, 13, 1, 13, 13, 1, 5, 5, 5, 5, 5, 3, 3, 1, 3, 13, 3, 1, 3, 1, 1, 1]",43.29944522691393
11741824,A,112,"[10, 10, 13, 13, 10, 13, 13, 13, 1, 0, 0, 0, 1, 1, 13, 1, 1, 13, 8, 8, 13, 13, 8, 13, 8, 6, 13, 5, 5, 13, 13, 1, 1, 1, 13, 13, 1, 13, 13, 13, 0, 0, 0, 0, 0, 0, 0, 0, 5, 13, 13, 13, 0, 0, 0, 0, 0, 0, 0, 0, 0, 0, 0, 0]",39.425373890112766
11741824,A,264,"[8, 1, 1, 1, 1, 1, 13, 12, 12, 13, 0, 0, 12, 12, 13, 1, 1, 10, 13, 13, 10, 13, 13, 13, 1, 13, 13, 13, 10, 13, 12, 13, 1, 8, 13, 8, 8, 1, 13, 12, 12, 13, 13, 13, 0, 12, 1, 13, 10, 13, 13, 13, 13, 13, 13, 13, 1, 13, 13, 13, 5, 13, 5, 13]",37.74083821573089
11741824,A,52,"[8, 13, 13, 8, 5, 13, 13, 13, 0, 0, 0, 0, 5, 5, 13, 13, 10, 13, 10, 1, 1, 13, 13, 10, 10, 13, 13, 13, 0, 8, 10, 13, 1, 3, 13, 13, 3, 3, 1, 3, 3, 13, 5, 13, 0, 0, 0, 1, 5, 5, 5, 5, 5, 3, 3, 1, 3, 13, 3, 1, 3, 1, 1, 1]",38.28236052433171
11741824,A,212,"[1, 1, 13, 8, 5, 13, 3, 13, 1, 1, 13, 8, 5, 13, 13, 5, 6, 5, 0, 5, 5, 13, 5, 13, 6, 5, 0, 5, 5, 13, 13, 13, 1, 1, 0, 8, 3, 13, 1, 13, 1, 13, 0, 0, 5, 5, 13, 13, 5, 13, 13, 13, 3, 13, 13, 13, 3, 13, 0, 0, 5, 13, 13, 13]",22.388838579394076
11741824,A,176,"[5, 13, 13, 13, 13, 13, 13, 13, 3, 0, 0, 0, 0, 0, 0, 0, 8, 1, 1, 1, 1, 1, 13, 12, 12, 13, 0, 0, 12, 12, 13, 1, 1, 10, 13, 13, 10, 13, 13, 13, 1, 13, 13, 13, 10, 13, 12, 13, 1, 8, 13, 8, 8, 1, 13, 12, 12, 13, 13, 13, 0, 12, 1, 13]",60.97669927245504
11741824,A,260,"[10, 10, 13, 13, 10, 13, 8, 6, 6, 13, 13, 13, 0, 0, 0, 0, 8, 1, 1, 1, 1, 1, 13, 12, 12, 13, 0, 0, 12, 12, 13, 1, 1, 10, 13, 13, 10, 13, 13, 13, 1, 13, 13, 13, 10, 13, 12, 13, 1, 8, 13, 8, 8, 1, 13, 12, 12, 13, 13, 13, 0, 12, 1, 13]",58.784458252956995
11741824,A,84,"[8, 1, 1, 1, 1, 1, 13, 12, 12, 13, 0, 0, 12, 12, 13, 1, 1, 10, 13, 13, 10, 13, 13, 13, 1, 13, 13, 13, 10, 13, 12, 13, 1, 8, 13, 8, 8, 1, 13, 12, 12, 13, 13, 13, 0, 12, 1, 13, 10, 13, 13, 13, 13, 13, 13, 13, 1, 13, 13, 13, 5, 13, 5, 13]",52.245159300719195
11741824,A,288,"[1, 13, 13, 8, 8, 13, 13, 8, 10, 8, 13, 8, 10, 13, 13, 10, 10, 10, 13, 13, 10, 13, 13, 13, 1, 13, 13, 13, 1, 1, 0, 1, 1, 13, 13, 8, 8, 13, 13, 8, 10, 8, 13, 8, 3, 13, 3, 13, 1, 13, 13, 13, 13, 13, 13, 13, 0, 0, 0, 0, 0, 0, 0, 0]",24.111700145725237
11741824,A,240,"[1, 8, 13, 8, 8, 1, 13, 12, 12, 13, 13, 13, 0, 12, 1, 13, 10, 13, 13, 13, 13, 13, 13, 13, 1, 13, 13, 13, 5, 13, 5, 13, 5, 5, 13, 13, 0, 8, 13, 5, 5, 13, 0, 0, 6, 5, 3, 1, 5, 5, 13, 13, 5, 5, 13, 3, 10, 13, 13, 13, 1, 1, 13, 1]",39.86724887964548
11741824,A,56,"[10, 13, 10, 1, 1, 13, 13, 10, 10, 13, 13, 13, 0, 8, 10, 13, 1, 3, 13, 13, 3, 3, 1, 3, 3, 13, 5, 13, 0, 0, 0, 1, 5, 5, 5, 5, 5, 3, 3, 1, 3, 13, 3, 1, 3, 1, 1, 1, 1, 13, 3, 1, 3, 1, 3, 13, 3, 1, 3, 1, 3, 1, 1, 1]",21.226436821215145
11741824,A,164,"[1, 13, 3, 1, 3, 1, 3, 13, 3, 1, 3, 1, 3, 1, 1, 1, 3, 5, 5, 5, 5, 13, 0, 3, 3, 1, 3, 1, 3, 1, 3, 5, 10, 13, 13, 13, 0, 1, 3, 1, 3, 13, 13, 13, 5, 13, 13, 13, 5, 13, 13, 13, 13, 13, 13, 13, 3, 0, 0, 0, 0, 0, 0, 0]",36.791257881082004
11741824,A,40,"[1, 13, 10, 1, 1, 13, 13, 13, 0, 0, 0, 0, 0, 10, 10, 10, 3, 1, 3, 13, 13, 13, 3, 5, 5, 13, 13, 13, 0, 0, 0, 0, 8, 13, 13, 13, 5, 13, 13, 13, 0, 0, 0, 0, 10, 8, 8, 8, 8, 13, 13, 8, 5, 13, 13, 13, 0, 0, 0, 0, 5, 5, 13, 13]",62.61298941226549
11741824,A,108,"[1, 13, 13, 8, 8, 13, 13, 8, 10, 8, 13, 8, 10, 13, 13, 10, 10, 10, 13, 13, 10, 13, 13, 13, 1, 0, 0, 0, 1, 1, 13, 1, 1, 13, 8, 8, 13, 13, 8, 13, 8, 6, 13, 5, 5, 13, 13, 1, 1, 1, 13, 13, 1, 13, 13, 13, 0, 0, 0, 0, 0, 0, 0, 0]",62.50477512911464
11741824,A,40,"[1, 13, 10, 1, 1, 13, 13, 13, 0, 0, 0, 0, 0, 10, 10, 10, 3, 1, 3, 13, 13, 13, 3, 5, 5, 13, 13, 13, 0, 0, 0, 0, 8, 13, 13, 13, 5, 13, 13, 13, 0, 0, 0, 0, 10, 8, 8, 8, 8, 13, 13, 8, 5, 13, 13, 13, 0, 0, 0, 0, 5, 5, 13, 13]",31.421124079720045
7080619,C,40,"[6, 13, 0, 0, 5, 13, 13, 13, 0, 0, 0, 0, 9, 13, 0, 0, 6, 13, 13, 13, 5, 13, 13, 13, 0, 0, 0, 0, 9, 13, 0, 0, 10, 13, 13, 13, 13, 13, 13, 13, 0, 0, 0, 0, 0, 0, 0, 0, 6, 13, 0, 0, 5, 13, 13, 13, 0, 0, 0, 0, 5, 13, 0, 0]",99.62543049978838
7080619,C,196,"[0, 0, 0, 0, 0, 0, 0, 0, 0, 0, 0, 0, 0, 0, 8, 13, 1, 13, 13, 13, 13, 13, 13, 13, 13, 13, 13, 13, 13, 13, 13, 13, 0, 0, 0, 0, 5, 13, 5, 13, 5, 13, 5, 13, 6, 13, 8, 13, 5, 13, 13, 13, 3, 13, 13, 13, 13, 13, 13, 13, 13, 13, 13, 13]",71.00681064200134
7080619,C,40,"[6, 13, 0, 0, 5, 13, 13, 13, 0, 0, 0, 0, 9, 13, 0, 0, 6, 13, 13, 13, 5, 13, 13, 13, 0, 0, 0, 0, 9, 13, 0, 0, 10, 13, 13, 13, 13, 13, 13, 13, 0, 0, 0, 0, 0, 0, 0, 0, 6, 13, 0, 0, 5, 13, 13, 13, 0, 0, 0, 0, 5, 13, 0, 0]",101.6887161651983
7080619,C,36,"[6, 13, 0, 0, 5, 13, 0, 0, 8, 13, 13, 13, 13, 13, 13, 13, 6, 13, 0, 0, 5, 13, 13, 13, 0, 0, 0, 0, 9, 13, 0, 0, 6, 13, 13, 13, 5, 13, 13, 13, 8, 13, 0, 0, 9, 13, 0, 0, 10, 13, 13, 13, 13, 13, 13, 13, 0, 0, 0, 0, 0, 0, 0, 0]",108.44444368373784
7080619,C,60,"[5, 13, 13, 13, 13, 13, 13, 13, 0, 0, 0, 0, 0, 0, 0, 0, 3, 13, 13, 13, 13, 13, 13, 13, 0, 0, 0, 0, 3, 13, 5, 13, 6, 13, 13, 13, 5, 13, 0, 0, 5, 13, 13, 13, 6, 13, 5, 13, 9, 13, 13, 13, 5, 13, 13, 13, 13, 13, 13, 13, 0, 0, 0, 0]",75.40572125208422
7080619,C,68,"[6, 13, 13, 13, 5, 13, 0, 0, 5, 13, 13, 13, 6, 13, 5, 13, 9, 13, 13, 13, 5, 13, 13, 13, 13, 13, 13, 13, 0, 0, 0, 0, 3, 13, 5, 13, 5, 13, 1, 13, 1, 13, 13, 13, 13, 13, 13, 13, 1, 13, 13, 13, 13, 13, 13, 13, 0, 0, 0, 0, 5, 13, 1, 13]",94.681390438333
7080619,C,68,"[6, 13, 13, 13, 5, 13, 0, 0, 5, 13, 13, 13, 6, 13, 5, 13, 9, 13, 13, 13, 5, 13, 13, 13, 13, 13, 13, 13, 0, 0, 0, 0, 3, 13, 5, 13, 5, 13, 1, 13, 1, 13, 13, 13, 13, 13, 13, 13, 1, 13, 13, 13, 13, 13, 13, 13, 0, 0, 0, 0, 5, 13, 1, 13]",104.71060002218637
7080619,C,196,"[0, 0, 0, 0, 0, 0, 0, 0, 0, 0, 0, 0, 0, 0, 8, 13, 1, 13, 13, 13, 13, 13, 13, 13, 13, 13, 13, 13, 13, 13, 13, 13, 0, 0, 0, 0, 5, 13, 5, 13, 5, 13, 5, 13, 6, 13, 8, 13, 5, 13, 13, 13, 3, 13, 13, 13, 13, 13, 13, 13, 13, 13, 13, 13]",86.77994419693361
7080619,C,132,"[8, 13, 13, 13, 13, 13, 13, 13, 0, 0, 0, 0, 0, 0, 0, 0, 8, 13, 13, 13, 13, 13, 13, 13, 0, 0, 0, 0, 0, 0, 0, 0, 9, 13, 13, 13, 13, 13, 13, 13, 8, 13, 13, 0, 0, 0, 8, 13, 5, 13, 13, 13, 8, 13, 13, 0, 0, 0, 0, 0, 0, 0, 5, 13]",67.50923483199593
7080619,C,48,"[10, 13, 13, 13, 13, 13, 13, 13, 0, 0, 0, 0, 0, 0, 0, 0, 6, 13, 0, 0, 5, 13, 13, 13, 0, 0, 0, 0, 5, 13, 0, 0, 8, 13, 13, 13, 13, 13, 13, 13, 4, 13, 0, 0, 5, 13, 0, 0, 5, 13, 13, 13, 13, 13, 13, 13, 6, 13, 0, 0, 5, 13, 0, 0]",90.75185928141701
7080619,C,68,"[6, 13, 13, 13, 5, 13, 0, 0, 5, 13, 13, 13, 6, 13, 5, 13, 9, 13, 13, 13, 5, 13, 13, 13, 13, 13, 13, 13, 0, 0, 0, 0, 3, 13, 5, 13, 5, 13, 1, 13, 1, 13, 13, 13, 13, 13, 13, 13, 1, 13, 13, 13, 13, 13, 13, 13, 0, 0, 0, 0, 5, 13, 1, 13]",88.64122986712859
7080619,C,88,"[5, 13, 3, 13, 13, 13, 5, 13, 13, 13, 0, 0, 0, 0, 3, 13, 3, 13, 13, 13, 13, 13, 13, 13, 13, 13, 13, 13, 13, 13, 13, 13, 3, 13, 13, 13, 0, 0, 0, 0, 0, 0, 0, 0, 0, 0, 8, 13, 3, 13, 13, 13, 0, 0, 0, 0, 0, 0, 3, 13, 3, 13, 0, 0]",70.88281510922431
7080619,C,96,"[3, 13, 13, 13, 0, 0, 0, 0, 0, 0, 0, 0, 0, 0, 8, 13, 3, 13, 13, 13, 0, 0, 0, 0, 0, 0, 3, 13, 3, 13, 0, 0, 5, 13, 13, 13, 13, 13, 13, 13, 5, 13, 5, 13, 5, 13, 5, 13, 0, 0, 0, 0, 0, 0, 0, 0, 0, 0, 0, 0, 8, 13, 8, 13]",80.8182389810136
7080619,C,36,"[6, 13, 0, 0, 5, 13, 0, 0, 8, 13, 13, 13, 13, 13, 13, 13, 6, 13, 0, 0, 5, 13, 13, 13, 0, 0, 0, 0, 9, 13, 0, 0, 6, 13, 13, 13, 5, 13, 13, 13, 8, 13, 0, 0, 9, 13, 0, 0, 10, 13, 13, 13, 13, 13, 13, 13, 0, 0, 0, 0, 0, 0, 0, 0]",91.60224318984427
7080619,C,96,"[3, 13, 13, 13, 0, 0, 0, 0, 0, 0, 0, 0, 0, 0, 8, 13, 3, 13, 13, 13, 0, 0, 0, 0, 0, 0, 3, 13, 3, 13, 0, 0, 5, 13, 13, 13, 13, 13, 13, 13, 5, 13, 5, 13, 5, 13, 5, 13, 0, 0, 0, 0, 0, 0, 0, 0, 0, 0, 0, 0, 8, 13, 8, 13]",68.90249372756337
7080619,C,44,"[6, 13, 0, 0, 5, 13, 13, 13, 0, 0, 0, 0, 0, 0, 0, 0, 10, 13, 13, 13, 13, 13, 13, 13, 0, 0, 0, 0, 0, 0, 0, 0, 6, 13, 0, 0, 5, 13, 13, 13, 0, 0, 0, 0, 5, 13, 0, 0, 8, 13, 13, 13, 13, 13, 13, 13, 4, 13, 0, 0, 5, 13, 0, 0]",91.21402444904054
7080619,C,144,"[5, 13, 13, 13, 0, 0, 0, 0, 0, 0, 0, 0, 0, 0, 0, 0, 1, 13, 13, 13, 13, 13, 13, 13, 1, 13, 0, 0, 0, 0, 1, 13, 13, 13, 13, 13, 13, 13, 0, 0, 0, 0, 0, 0, 0, 0, 0, 0, 11, 13, 13, 13, 0, 0, 0, 0, 1, 13, 0, 0, 11, 13, 1, 13]",73.54894451035386
7080619,C,84,"[1, 13, 1, 13, 13, 13, 13, 13, 0, 0, 0, 0, 1, 13, 1, 13, 5, 13, 3, 13, 13, 13, 5, 13, 13, 13, 0, 0, 0, 0, 3, 13, 3, 13, 13, 13, 13, 13, 13, 13, 13, 13, 13, 13, 13, 13, 13, 13, 3, 13, 13, 13, 0, 0, 0, 0, 0, 0, 0, 0, 0, 0, 8, 13]",70.20196691106676
7080619,C,180,"[0, 0, 0, 0, 0, 0, 5, 13, 13, 13, 0, 0, 0, 0, 0, 0, 5, 13, 5, 13, 0, 0, 0, 0, 5, 13, 0, 0, 3, 13, 5, 13, 3, 13, 13, 13, 6, 13, 0, 0, 0, 0, 8, 13, 12, 13, 0, 0, 1, 13, 1, 13, 13, 13, 13, 13, 3, 13, 13, 13, 13, 13, 12, 13]",90.69324321137697
7080619,C,64,"[3, 13, 13, 13, 13, 13, 13, 13, 0, 0, 0, 0, 3, 13, 5, 13, 6, 13, 13, 13, 5, 13, 0, 0, 5, 13, 13, 13, 6, 13, 5, 13, 9, 13, 13, 13, 5, 13, 13, 13, 13, 13, 13, 13, 0, 0, 0, 0, 3, 13, 5, 13, 5, 13, 1, 13, 1, 13, 13, 13, 13, 13, 13, 13]",83.43026124056772
10638754,D,24,"[8, 13, 13, 13, 5, 13, 3, 13, 1, 13, 13, 13, 13, 13, 13, 13, 3, 13, 13, 13, 3, 13, 13, 13, 8, 13, 13, 13, 8, 13, 13, 13, 5, 13, 13, 13, 3, 13, 13, 13, 1, 13, 13, 13, 8, 13, 13, 13, 3, 13, 13, 13, 3, 13, 13, 13, 8, 13, 13, 13, 8, 13, 13, 13]",43.33596754747734
10638754,D,12,"[3, 13, 13, 13, 13, 13, 13, 13, 8, 13, 13, 13, 10, 13, 13, 13, 8, 13, 13, 13, 5, 13, 13, 13, 8, 13, 13, 13, 10, 13, 13, 13, 8, 13, 13, 13, 5, 13, 13, 13, 1, 13, 3, 13, 5, 13, 6, 13, 8, 13, 13, 13, 5, 13, 3, 13, 1, 13, 13, 13, 13, 13, 13, 13]",65.125815245598
10638754,D,0,"[8, 13, 13, 13, 10, 13, 13, 13, 8, 13, 13, 13, 5, 13, 13, 13, 8, 13, 13, 13, 10, 13, 13, 13, 8, 13, 13, 13, 5, 13, 13, 13, 1, 13, 3, 13, 5, 13, 6, 13, 8, 13, 13, 13, 6, 13, 5, 13, 3, 13, 13, 13, 13, 13, 13, 13, 8, 13, 13, 13, 10, 13, 13, 13]",56.208056528273374
10638754,D,8,"[1, 13, 3, 13, 5, 13, 6, 13, 8, 13, 13, 13, 6, 13, 5, 13, 3, 13, 13, 13, 13, 13, 13, 13, 8, 13, 13, 13, 10, 13, 13, 13, 8, 13, 13, 13, 5, 13, 13, 13, 8, 13, 13, 13, 10, 13, 13, 13, 8, 13, 13, 13, 5, 13, 13, 13, 1, 13, 3, 13, 5, 13, 6, 13]",43.10916844570698
10638754,D,16,"[8, 13, 13, 13, 5, 13, 13, 13, 8, 13, 13, 13, 10, 13, 13, 13, 8, 13, 13, 13, 5, 13, 13, 13, 1, 13, 3, 13, 5, 13, 6, 13, 8, 13, 13, 13, 5, 13, 3, 13, 1, 13, 13, 13, 13, 13, 13, 13, 3, 13, 13, 13, 3, 13, 13, 13, 8, 13, 13, 13, 8, 13, 13, 13]",78.4402301087732
10638754,D,8,"[1, 13, 3, 13, 5, 13, 6, 13, 8, 13, 13, 13, 6, 13, 5, 13, 3, 13, 13, 13, 13, 13, 13, 13, 8, 13, 13, 13, 10, 13, 13, 13, 8, 13, 13, 13, 5, 13, 13, 13, 8, 13, 13, 13, 10, 13, 13, 13, 8, 13, 13, 13, 5, 13, 13, 13, 1, 13, 3, 13, 5, 13, 6, 13]",49.88202989241207
10638754,D,16,"[8, 13, 13, 13, 5, 13, 13, 13, 8, 13, 13, 13, 10, 13, 13, 13, 8, 13, 13, 13, 5, 13, 13, 13, 1, 13, 3, 13, 5, 13, 6, 13, 8, 13, 13, 13, 5, 13, 3, 13, 1, 13, 13, 13, 13, 13, 13, 13, 3, 13, 13, 13, 3, 13, 13, 13, 8, 13, 13, 13, 8, 13, 13, 13]",55.15296726755237
6508208,D,12,"[10, 13, 10, 13, 0, 0, 0, 0, 0, 0, 0, 0, 0, 0, 0, 0, 10, 13, 10, 13, 0, 0, 10, 13, 10, 13, 10, 13, 0, 0, 10, 13, 10, 13, 10, 13, 0, 0, 0, 0, 0, 0, 0, 0, 0, 0, 0, 0, 10, 13, 10, 13, 0, 0, 10, 13, 10, 13, 10, 13, 0, 0, 10, 13]",181.59324105810805
6508208,D,12,"[10, 13, 10, 13, 0, 0, 0, 0, 0, 0, 0, 0, 0, 0, 0, 0, 10, 13, 10, 13, 0, 0, 10, 13, 10, 13, 10, 13, 0, 0, 10, 13, 10, 13, 10, 13, 0, 0, 0, 0, 0, 0, 0, 0, 0, 0, 0, 0, 10, 13, 10, 13, 0, 0, 10, 13, 10, 13, 10, 13, 0, 0, 10, 13]",165.6586878641424
6508208,D,52,"[10, 13, 13, 13, 13, 13, 13, 13, 0, 0, 0, 0, 0, 0, 0, 0, 10, 13, 13, 13, 13, 13, 13, 13, 13, 13, 13, 13, 13, 13, 13, 13, 9, 13, 13, 13, 13, 13, 13, 13, 0, 0, 0, 0, 0, 0, 0, 0, 9, 13, 13, 13, 13, 13, 13, 13, 0, 0, 0, 0, 0, 0, 0, 0]",198.39080316020187
6508208,D,40,"[12, 13, 13, 13, 13, 13, 13, 13, 13, 13, 13, 13, 13, 13, 13, 13, 12, 13, 13, 13, 13, 13, 13, 13, 0, 0, 0, 0, 0, 0, 0, 0, 10, 13, 13, 13, 13, 13, 13, 13, 13, 13, 13, 13, 13, 13, 13, 13, 10, 13, 13, 13, 13, 13, 13, 13, 0, 0, 0, 0, 0, 0, 0, 0]",203.37948161345702
6508208,D,128,"[12, 13, 13, 13, 0, 0, 0, 0, 1, 13, 13, 12, 13, 10, 13, 13, 10, 13, 13, 13, 0, 0, 8, 13, 10, 13, 13, 10, 13, 8, 13, 13, 10, 13, 13, 13, 13, 13, 13, 13, 10, 13, 13, 9, 13, 10, 13, 13, 1, 13, 13, 13, 13, 13, 13, 13, 13, 13, 13, 13, 13, 13, 13, 13]",199.5157808121245
6508208,D,248,"[10, 13, 10, 13, 0, 0, 0, 0, 0, 0, 0, 0, 0, 0, 0, 0, 10, 13, 10, 13, 0, 0, 10, 13, 10, 13, 10, 13, 0, 0, 10, 13, 10, 13, 10, 13, 0, 0, 0, 0, 0, 0, 0, 0, 0, 0, 0, 0, 10, 13, 10, 13, 0, 0, 10, 13, 10, 13, 10, 13, 0, 0, 10, 13]",195.4428657300336
6508208,D,188,"[1, 13, 13, 13, 13, 13, 13, 13, 13, 13, 13, 13, 13, 13, 13, 13, 1, 13, 13, 13, 13, 13, 13, 13, 0, 0, 0, 0, 0, 0, 0, 0, 12, 13, 13, 13, 13, 13, 13, 13, 13, 13, 13, 13, 13, 13, 13, 13, 12, 13, 13, 13, 13, 13, 13, 13, 0, 0, 0, 0, 0, 0, 0, 0]",205.8201645913556
6508208,D,240,"[10, 13, 10, 13, 0, 0, 0, 0, 0, 0, 0, 0, 0, 0, 0, 0, 10, 13, 10, 13, 0, 0, 10, 13, 10, 13, 10, 13, 0, 0, 10, 13, 10, 13, 10, 13, 0, 0, 0, 0, 0, 0, 0, 0, 0, 0, 0, 0, 10, 13, 10, 13, 0, 0, 10, 13, 10, 13, 10, 13, 0, 0, 10, 13]",185.94570970500536
6508208,D,256,"[10, 13, 10, 13, 0, 0, 0, 0, 0, 0, 0, 0, 0, 0, 0, 0, 10, 13, 10, 13, 0, 0, 10, 13, 10, 13, 10, 13, 0, 0, 10, 13, 10, 13, 10, 13, 0, 0, 0, 0, 0, 0, 0, 0, 0, 0, 0, 0, 1, 13, 13, 13, 0, 0, 0, 0, 0, 0, 0, 0, 0, 0, 0, 0]",177.71871882846045
6508208,D,244,"[10, 13, 10, 13, 0, 0, 10, 13, 10, 13, 10, 13, 0, 0, 10, 13, 10, 13, 10, 13, 0, 0, 0, 0, 0, 0, 0, 0, 0, 0, 0, 0, 10, 13, 10, 13, 0, 0, 10, 13, 10, 13, 10, 13, 0, 0, 10, 13, 10, 13, 10, 13, 0, 0, 0, 0, 0, 0, 0, 0, 0, 0, 0, 0]",206.11955744140636
6508208,D,32,"[1, 13, 13, 13, 13, 13, 13, 13, 13, 13, 13, 13, 13, 13, 13, 13, 1, 13, 13, 13, 13, 13, 13, 13, 0, 0, 0, 0, 0, 0, 0, 0, 12, 13, 13, 13, 13, 13, 13, 13, 13, 13, 13, 13, 13, 13, 13, 13, 12, 13, 13, 13, 13, 13, 13, 13, 0, 0, 0, 0, 0, 0, 0, 0]",172.93429483465258
6508208,D,124,"[12, 13, 13, 13, 0, 0, 10, 13, 12, 13, 10, 13, 13, 13, 12, 13, 12, 13, 13, 13, 0, 0, 0, 0, 1, 13, 13, 12, 13, 10, 13, 13, 10, 13, 13, 13, 0, 0, 8, 13, 10, 13, 13, 10, 13, 8, 13, 13, 10, 13, 13, 13, 13, 13, 13, 13, 10, 13, 13, 9, 13, 10, 13, 13]",180.64771875907732
6508208,D,116,"[1, 13, 13, 13, 0, 0, 12, 13, 1, 13, 13, 13, 0, 0, 12, 13, 1, 13, 1, 13, 13, 13, 13, 13, 3, 13, 13, 1, 13, 12, 13, 13, 12, 13, 13, 13, 0, 0, 10, 13, 12, 13, 10, 13, 13, 13, 12, 13, 12, 13, 13, 13, 0, 0, 0, 0, 1, 13, 13, 12, 13, 10, 13, 13]",206.3968565419804
6508208,D,248,"[10, 13, 10, 13, 0, 0, 0, 0, 0, 0, 0, 0, 0, 0, 0, 0, 10, 13, 10, 13, 0, 0, 10, 13, 10, 13, 10, 13, 0, 0, 10, 13, 10, 13, 10, 13, 0, 0, 0, 0, 0, 0, 0, 0, 0, 0, 0, 0, 10, 13, 10, 13, 0, 0, 10, 13, 10, 13, 10, 13, 0, 0, 10, 13]",204.94002175506188
6508208,D,52,"[10, 13, 13, 13, 13, 13, 13, 13, 0, 0, 0, 0, 0, 0, 0, 0, 10, 13, 13, 13, 13, 13, 13, 13, 13, 13, 13, 13, 13, 13, 13, 13, 9, 13, 13, 13, 13, 13, 13, 13, 0, 0, 0, 0, 0, 0, 0, 0, 9, 13, 13, 13, 13, 13, 13, 13, 0, 0, 0, 0, 0, 0, 0, 0]",180.96289285875423
6508208,D,156,"[1, 13, 13, 13, 13, 13, 13, 13, 13, 13, 13, 13, 13, 13, 13, 13, 1, 13, 13, 13, 13, 13, 13, 13, 0, 0, 0, 0, 0, 0, 0, 0, 12, 13, 13, 13, 13, 13, 13, 13, 13, 13, 13, 13, 13, 13, 13, 13, 12, 13, 13, 13, 13, 13, 13, 13, 0, 0, 0, 0, 0, 0, 0, 0]",163.8803664776964
6508208,D,0,"[10, 13, 10, 13, 0, 0, 10, 13, 10, 13, 10, 13, 0, 0, 10, 13, 10, 13, 10, 13, 0, 0, 0, 0, 0, 0, 0, 0, 0, 0, 0, 0, 10, 13, 10, 13, 0, 0, 10, 13, 10, 13, 10, 13, 0, 0, 10, 13, 10, 13, 10, 13, 0, 0, 0, 0, 0, 0, 0, 0, 0, 0, 0, 0]",170.3380538247246
6508208,D,164,"[12, 13, 13, 13, 13, 13, 13, 13, 13, 13, 13, 13, 13, 13, 13, 13, 12, 13, 13, 13, 13, 13, 13, 13, 0, 0, 0, 0, 0, 0, 0, 0, 10, 13, 13, 13, 13, 13, 13, 13, 13, 13, 13, 13, 13, 13, 13, 13, 10, 13, 13, 13, 13, 13, 13, 13, 0, 0, 0, 0, 0, 0, 0, 0]",205.55007977632488
6095205,A,112,"[3, 13, 3, 13, 3, 13, 8, 13, 13, 13, 13, 13, 0, 0, 12, 13, 12, 13, 1, 13, 12, 13, 10, 13, 13, 13, 8, 13, 7, 13, 5, 13, 5, 13, 13, 13, 13, 13, 12, 13, 13, 13, 13, 13, 0, 0, 8, 13, 3, 13, 13, 8, 13, 13, 7, 13, 13, 13, 8, 13, 8, 13, 13, 13]",153.42325958255066
6095205,A,144,"[5, 13, 13, 13, 8, 13, 7, 13, 13, 13, 0, 0, 0, 0, 5, 7, 8, 13, 13, 8, 13, 13, 8, 13, 13, 13, 0, 0, 0, 0, 5, 7, 8, 13, 13, 8, 13, 13, 7, 13, 13, 13, 3, 13, 13, 13, 0, 0, 8, 13, 13, 8, 13, 13, 10, 13, 10, 13, 13, 12, 13, 13, 12, 13]",172.08436181907177
6095205,A,284,"[5, 13, 6, 13, 5, 13, 3, 13, 13, 13, 1, 13, 12, 13, 10, 13, 10, 13, 13, 13, 13, 13, 5, 13, 13, 13, 13, 13, 0, 0, 1, 13, 8, 13, 13, 1, 13, 13, 12, 13, 13, 13, 0, 0, 1, 13, 3, 13, 5, 13, 5, 13, 8, 13, 10, 13, 13, 13, 6, 13, 5, 13, 5, 13]",180.72031250735768
6095205,A,252,"[8, 13, 13, 10, 13, 13, 11, 13, 11, 13, 13, 1, 13, 13, 3, 13, 1, 13, 13, 13, 13, 13, 13, 13, 13, 13, 13, 13, 0, 0, 0, 0, 3, 13, 13, 5, 1, 13, 3, 13, 13, 13, 0, 0, 1, 13, 3, 13, 5, 13, 5, 13, 8, 13, 10, 13, 13, 13, 6, 13, 5, 13, 5, 13]",146.9984874133142
6095205,A,92,"[10, 13, 8, 13, 13, 13, 13, 13, 0, 0, 0, 0, 8, 13, 10, 13, 12, 13, 12, 13, 3, 13, 5, 13, 13, 13, 1, 13, 12, 13, 12, 13, 12, 13, 8, 13, 10, 13, 10, 13, 13, 13, 0, 0, 8, 13, 10, 13, 12, 13, 12, 13, 3, 13, 5, 13, 13, 13, 1, 13, 12, 13, 12, 13]",172.20069217345895
6095205,A,240,"[1, 13, 13, 13, 13, 13, 0, 0, 0, 0, 6, 13, 8, 13, 10, 13, 11, 13, 13, 13, 13, 13, 3, 13, 13, 13, 13, 13, 0, 0, 8, 13, 11, 13, 13, 3, 13, 13, 1, 13, 13, 13, 11, 13, 0, 0, 6, 13, 8, 13, 13, 10, 13, 13, 11, 13, 11, 13, 13, 1, 13, 13, 3, 13]",147.0503400906573
6095205,A,188,"[12, 13, 12, 13, 3, 13, 5, 13, 13, 13, 1, 13, 12, 13, 12, 13, 12, 13, 8, 13, 10, 13, 10, 13, 13, 13, 0, 0, 12, 13, 1, 13, 3, 13, 3, 13, 3, 13, 8, 13, 13, 13, 13, 13, 0, 0, 12, 13, 12, 13, 1, 13, 12, 13, 10, 13, 13, 13, 8, 13, 7, 13, 5, 13]",159.3944335482464
6095205,A,244,"[11, 13, 13, 13, 13, 13, 3, 13, 13, 13, 13, 13, 0, 0, 8, 13, 11, 13, 13, 3, 13, 13, 1, 13, 13, 13, 11, 13, 0, 0, 6, 13, 8, 13, 13, 10, 13, 13, 11, 13, 11, 13, 13, 1, 13, 13, 3, 13, 1, 13, 13, 13, 13, 13, 13, 13, 13, 13, 13, 13, 0, 0, 0, 0]",150.89059446397383
6095205,A,48,"[8, 13, 13, 8, 13, 13, 8, 13, 13, 13, 0, 0, 0, 0, 5, 7, 8, 13, 13, 8, 13, 13, 7, 13, 13, 13, 3, 13, 0, 0, 7, 13, 8, 13, 13, 8, 13, 13, 8, 13, 8, 13, 13, 12, 13, 13, 5, 13, 5, 13, 13, 13, 8, 13, 7, 13, 13, 13, 0, 0, 0, 0, 5, 7]",157.7310898376482
6095205,A,60,"[5, 13, 13, 13, 8, 13, 7, 13, 13, 13, 0, 0, 0, 0, 5, 7, 8, 13, 13, 8, 13, 13, 8, 13, 13, 13, 0, 0, 0, 0, 5, 7, 8, 13, 13, 8, 13, 13, 7, 13, 13, 13, 3, 13, 0, 0, 5, 7, 8, 13, 13, 8, 13, 13, 10, 13, 10, 13, 13, 12, 13, 13, 12, 13]",150.20568823019812
6095205,A,76,"[12, 13, 8, 13, 13, 13, 13, 13, 0, 0, 0, 0, 8, 13, 7, 13, 5, 13, 13, 13, 13, 13, 12, 13, 13, 13, 13, 13, 0, 0, 5, 13, 5, 13, 13, 12, 13, 13, 10, 13, 13, 13, 0, 0, 8, 13, 7, 13, 5, 13, 13, 13, 13, 13, 12, 13, 13, 13, 13, 13, 12, 13, 10, 13]",144.53345622170664
6095205,A,308,"[5, 13, 1, 13, 3, 13, 3, 13, 13, 13, 0, 0, 5, 13, 6, 13, 8, 13, 8, 13, 8, 13, 1, 13, 13, 13, 13, 13, 0, 0, 5, 13, 5, 13, 6, 13, 5, 13, 3, 13, 13, 13, 1, 13, 12, 13, 10, 13, 10, 13, 13, 13, 13, 13, 5, 13, 13, 13, 13, 13, 0, 0, 1, 13]",173.9222010612507
6095205,A,100,"[12, 13, 8, 13, 10, 13, 10, 13, 13, 13, 0, 0, 8, 13, 10, 13, 12, 13, 12, 13, 3, 13, 5, 13, 13, 13, 1, 13, 12, 13, 12, 13, 12, 13, 8, 13, 10, 13, 10, 13, 13, 13, 0, 0, 12, 13, 1, 13, 3, 13, 3, 13, 3, 13, 8, 13, 13, 13, 13, 13, 0, 0, 12, 13]",179.99392413170747
6095205,A,196,"[3, 13, 3, 13, 3, 13, 8, 13, 13, 13, 13, 13, 0, 0, 12, 13, 12, 13, 1, 13, 12, 13, 10, 13, 13, 13, 8, 13, 7, 13, 5, 13, 5, 13, 13, 13, 13, 13, 12, 13, 13, 13, 13, 13, 0, 0, 8, 13, 3, 13, 13, 8, 13, 13, 7, 13, 13, 13, 8, 13, 8, 13, 13, 13]",140.60212149340484
6095205,A,68,"[8, 13, 13, 8, 13, 13, 7, 13, 13, 13, 3, 13, 0, 0, 5, 7, 8, 13, 13, 8, 13, 13, 10, 13, 10, 13, 13, 12, 13, 13, 12, 13, 12, 13, 8, 13, 13, 13, 13, 13, 0, 0, 0, 0, 8, 13, 7, 13, 5, 13, 13, 13, 13, 13, 12, 13, 13, 13, 13, 13, 0, 0, 5, 13]",146.3356749290151
6095205,A,224,"[0, 0, 0, 0, 0, 0, 0, 0, 0, 0, 3, 13, 8, 13, 10, 13, 11, 13, 13, 13, 13, 13, 3, 13, 13, 13, 13, 13, 0, 0, 8, 13, 11, 13, 13, 3, 13, 13, 1, 13, 13, 13, 11, 13, 0, 0, 6, 13, 8, 13, 13, 10, 13, 13, 11, 13, 11, 13, 13, 3, 13, 13, 1, 13]",171.76828593370192
6095205,A,192,"[12, 13, 8, 13, 10, 13, 10, 13, 13, 13, 0, 0, 12, 13, 1, 13, 3, 13, 3, 13, 3, 13, 8, 13, 13, 13, 13, 13, 0, 0, 12, 13, 12, 13, 1, 13, 12, 13, 10, 13, 13, 13, 8, 13, 7, 13, 5, 13, 5, 13, 13, 13, 13, 13, 12, 13, 13, 13, 13, 13, 0, 0, 8, 13]",152.45338906981098
6095205,A,128,"[0, 0, 0, 0, 0, 0, 0, 0, 0, 0, 0, 0, 0, 0, 5, 7, 8, 13, 13, 8, 13, 13, 8, 13, 13, 13, 0, 0, 0, 0, 5, 7, 8, 13, 13, 8, 13, 13, 7, 13, 13, 13, 3, 13, 0, 0, 0, 0, 8, 13, 13, 8, 13, 13, 8, 13, 8, 13, 13, 12, 13, 13, 5, 13]",176.75966974403582
6095205,A,100,"[12, 13, 8, 13, 10, 13, 10, 13, 13, 13, 0, 0, 8, 13, 10, 13, 12, 13, 12, 13, 3, 13, 5, 13, 13, 13, 1, 13, 12, 13, 12, 13, 12, 13, 8, 13, 10, 13, 10, 13, 13, 13, 0, 0, 12, 13, 1, 13, 3, 13, 3, 13, 3, 13, 8, 13, 13, 13, 13, 13, 0, 0, 12, 13]",175.96519654856985
6095205,A,76,"[12, 13, 8, 13, 13, 13, 13, 13, 0, 0, 0, 0, 8, 13, 7, 13, 5, 13, 13, 13, 13, 13, 12, 13, 13, 13, 13, 13, 0, 0, 5, 13, 5, 13, 13, 12, 13, 13, 10, 13, 13, 13, 0, 0, 8, 13, 7, 13, 5, 13, 13, 13, 13, 13, 12, 13, 13, 13, 13, 13, 12, 13, 10, 13]",179.18096432953655
6095205,A,176,"[10, 13, 8, 13, 13, 13, 13, 13, 0, 0, 0, 0, 8, 13, 10, 13, 12, 13, 12, 13, 3, 13, 5, 13, 13, 13, 1, 13, 12, 13, 12, 13, 12, 13, 8, 13, 10, 13, 10, 13, 13, 13, 0, 0, 8, 13, 10, 13, 12, 13, 12, 13, 3, 13, 5, 13, 13, 13, 1, 13, 12, 13, 12, 13]",161.12721475719968
6095205,A,104,"[12, 13, 12, 13, 3, 13, 5, 13, 13, 13, 1, 13, 12, 13, 12, 13, 12, 13, 8, 13, 10, 13, 10, 13, 13, 13, 0, 0, 12, 13, 1, 13, 3, 13, 3, 13, 3, 13, 8, 13, 13, 13, 13, 13, 0, 0, 12, 13, 12, 13, 1, 13, 12, 13, 10, 13, 13, 13, 8, 13, 7, 13, 5, 13]",168.77300475465515
6095205,A,252,"[8, 13, 13, 10, 13, 13, 11, 13, 11, 13, 13, 1, 13, 13, 3, 13, 1, 13, 13, 13, 13, 13, 13, 13, 13, 13, 13, 13, 0, 0, 0, 0, 3, 13, 13, 5, 1, 13, 3, 13, 13, 13, 0, 0, 1, 13, 3, 13, 5, 13, 5, 13, 8, 13, 10, 13, 13, 13, 6, 13, 5, 13, 5, 13]",155.11861668524762
6095205,A,88,"[5, 13, 13, 13, 13, 13, 12, 13, 13, 13, 13, 13, 12, 13, 10, 13, 10, 13, 8, 13, 13, 13, 13, 13, 0, 0, 0, 0, 8, 13, 10, 13, 12, 13, 12, 13, 3, 13, 5, 13, 13, 13, 1, 13, 12, 13, 12, 13, 12, 13, 8, 13, 10, 13, 10, 13, 13, 13, 0, 0, 8, 13, 10, 13]",138.5839251126411
6095205,A,312,"[8, 13, 8, 13, 8, 13, 1, 13, 13, 13, 13, 13, 0, 0, 5, 13, 5, 13, 6, 13, 5, 13, 3, 13, 13, 13, 1, 13, 12, 13, 10, 13, 10, 13, 13, 13, 13, 13, 5, 13, 13, 13, 13, 13, 0, 0, 1, 13, 8, 13, 13, 1, 13, 13, 12, 13, 13, 13, 1, 13, 1, 13, 13, 13]",163.2464111355709
6095205,A,88,"[5, 13, 13, 13, 13, 13, 12, 13, 13, 13, 13, 13, 12, 13, 10, 13, 10, 13, 8, 13, 13, 13, 13, 13, 0, 0, 0, 0, 8, 13, 10, 13, 12, 13, 12, 13, 3, 13, 5, 13, 13, 13, 1, 13, 12, 13, 12, 13, 12, 13, 8, 13, 10, 13, 10, 13, 13, 13, 0, 0, 8, 13, 10, 13]",152.87903191687107
6095205,A,192,"[12, 13, 8, 13, 10, 13, 10, 13, 13, 13, 0, 0, 12, 13, 1, 13, 3, 13, 3, 13, 3, 13, 8, 13, 13, 13, 13, 13, 0, 0, 12, 13, 12, 13, 1, 13, 12, 13, 10, 13, 13, 13, 8, 13, 7, 13, 5, 13, 5, 13, 13, 13, 13, 13, 12, 13, 13, 13, 13, 13, 0, 0, 8, 13]",156.7485943252076
6095205,A,164,"[5, 13, 13, 13, 13, 13, 12, 13, 13, 13, 13, 13, 0, 0, 5, 13, 5, 13, 13, 12, 13, 13, 10, 13, 13, 13, 0, 0, 8, 13, 7, 13, 5, 13, 13, 13, 13, 13, 12, 13, 13, 13, 13, 13, 12, 13, 10, 13, 10, 13, 8, 13, 13, 13, 13, 13, 0, 0, 0, 0, 8, 13, 10, 13]",174.6621162222948
6095205,A,72,"[8, 13, 13, 8, 13, 13, 10, 13, 10, 13, 13, 12, 13, 13, 12, 13, 12, 13, 8, 13, 13, 13, 13, 13, 0, 0, 0, 0, 8, 13, 7, 13, 5, 13, 13, 13, 13, 13, 12, 13, 13, 13, 13, 13, 0, 0, 5, 13, 5, 13, 13, 12, 13, 13, 10, 13, 13, 13, 0, 0, 8, 13, 7, 13]",146.34198742886556
6095205,A,56,"[8, 13, 13, 8, 13, 13, 8, 13, 8, 13, 13, 12, 13, 13, 5, 13, 5, 13, 13, 13, 8, 13, 7, 13, 13, 13, 0, 0, 0, 0, 5, 7, 8, 13, 13, 8, 13, 13, 8, 13, 13, 13, 0, 0, 0, 0, 5, 7, 8, 13, 13, 8, 13, 13, 7, 13, 13, 13, 3, 13, 0, 0, 5, 7]",162.98850042739463
6095205,A,52,"[8, 13, 13, 8, 13, 13, 7, 13, 13, 13, 3, 13, 0, 0, 7, 13, 8, 13, 13, 8, 13, 13, 8, 13, 8, 13, 13, 12, 13, 13, 5, 13, 5, 13, 13, 13, 8, 13, 7, 13, 13, 13, 0, 0, 0, 0, 5, 7, 8, 13, 13, 8, 13, 13, 8, 13, 13, 13, 0, 0, 0, 0, 5, 7]",170.7330359582253
6095205,A,120,"[5, 13, 13, 13, 13, 13, 12, 13, 13, 13, 13, 13, 0, 0, 8, 13, 3, 13, 13, 8, 13, 13, 7, 13, 13, 13, 8, 13, 8, 13, 13, 13, 0, 0, 0, 0, 0, 0, 0, 0, 0, 0, 0, 0, 0, 0, 5, 7, 8, 13, 13, 8, 13, 13, 8, 13, 13, 13, 0, 0, 0, 0, 5, 7]",154.04909885343983
6095205,A,200,"[12, 13, 1, 13, 12, 13, 10, 13, 13, 13, 8, 13, 7, 13, 5, 13, 5, 13, 13, 13, 13, 13, 12, 13, 13, 13, 13, 13, 0, 0, 8, 13, 3, 13, 13, 8, 13, 13, 7, 13, 13, 13, 8, 13, 8, 13, 13, 13, 0, 0, 0, 0, 8, 13, 8, 8, 13, 8, 5, 13, 0, 0, 0, 0]",152.99536227125824
6095205,A,240,"[1, 13, 13, 13, 13, 13, 0, 0, 0, 0, 6, 13, 8, 13, 10, 13, 11, 13, 13, 13, 13, 13, 3, 13, 13, 13, 13, 13, 0, 0, 8, 13, 11, 13, 13, 3, 13, 13, 1, 13, 13, 13, 11, 13, 0, 0, 6, 13, 8, 13, 13, 10, 13, 13, 11, 13, 11, 13, 13, 1, 13, 13, 3, 13]",178.2345402448129
6691243,F#,348,"[5, 13, 13, 13, 13, 13, 13, 13, 13, 13, 13, 13, 13, 13, 13, 13, 3, 13, 13, 13, 13, 13, 13, 13, 5, 13, 13, 13, 1, 13, 13, 13, 1, 13, 13, 13, 1, 13, 13, 13, 13, 13, 13, 13, 13, 13, 13, 13, 3, 13, 13, 13, 13, 13, 13, 13, 13, 13, 13, 13, 5, 13, 13, 13]",75.23483286327514
6691243,F#,336,"[3, 13, 13, 13, 13, 13, 13, 13, 5, 13, 13, 13, 13, 13, 13, 13, 0, 0, 0, 0, 10, 13, 13, 13, 13, 13, 13, 13, 13, 13, 13, 13, 3, 13, 13, 13, 13, 13, 13, 13, 5, 13, 13, 13, 5, 13, 13, 13, 5, 13, 13, 13, 13, 13, 13, 13, 13, 13, 13, 13, 13, 13, 13, 13]",94.78013597170816
6691243,F#,320,"[3, 13, 13, 13, 13, 13, 13, 13, 5, 13, 13, 13, 1, 13, 13, 13, 1, 13, 13, 13, 10, 13, 13, 13, 13, 13, 13, 13, 13, 13, 13, 13, 3, 13, 13, 13, 13, 13, 13, 13, 5, 13, 13, 13, 1, 13, 13, 13, 1, 13, 13, 13, 10, 13, 13, 13, 13, 13, 13, 13, 13, 13, 13, 13]",61.27744480104518
6691243,F#,336,"[3, 13, 13, 13, 13, 13, 13, 13, 5, 13, 13, 13, 13, 13, 13, 13, 0, 0, 0, 0, 10, 13, 13, 13, 13, 13, 13, 13, 13, 13, 13, 13, 3, 13, 13, 13, 13, 13, 13, 13, 5, 13, 13, 13, 5, 13, 13, 13, 5, 13, 13, 13, 13, 13, 13, 13, 13, 13, 13, 13, 13, 13, 13, 13]",58.182967195776754
6691243,F#,360,"[3, 13, 13, 13, 13, 13, 13, 13, 13, 13, 13, 13, 5, 13, 13, 13, 5, 13, 13, 13, 13, 13, 13, 13, 13, 13, 13, 13, 13, 13, 13, 13, 10, 13, 13, 13, 13, 13, 13, 13, 13, 13, 13, 13, 3, 13, 13, 13, 3, 13, 13, 13, 13, 13, 13, 13, 13, 13, 13, 13, 13, 13, 13, 13]",62.60532423387564
6801297,F,268,"[12, 13, 13, 13, 13, 13, 13, 13, 13, 13, 13, 13, 5, 13, 13, 13, 8, 13, 13, 13, 13, 13, 13, 13, 13, 13, 13, 13, 13, 13, 13, 13, 8, 10, 10, 8, 10, 8, 8, 12, 12, 10, 1, 3, 7, 5, 3, 12, 12, 10, 5, 8, 12, 13, 13, 13, 0, 0, 0, 0, 0, 0, 0, 0]",36.116271289928434
6801297,F,0,"[8, 11, 0, 3, 11, 3, 0, 6, 3, 6, 0, 10, 3, 10, 0, 1, 8, 13, 13, 13, 13, 13, 13, 13, 13, 13, 13, 13, 13, 13, 13, 13, 1, 5, 0, 8, 5, 8, 0, 11, 8, 11, 0, 3, 8, 3, 0, 6, 1, 13, 13, 13, 13, 13, 13, 13, 13, 13, 13, 13, 13, 13, 13, 13]",17.53858423000277
7100524,G,148,"[1, 13, 13, 13, 5, 13, 6, 13, 6, 13, 3, 13, 1, 13, 12, 13, 12, 13, 13, 13, 10, 13, 8, 13, 8, 13, 13, 13, 8, 0, 5, 5, 6, 13, 8, 13, 10, 13, 8, 13, 8, 13, 6, 13, 5, 13, 3, 13, 3, 13, 5, 13, 6, 13, 5, 13, 5, 0, 5, 13, 10, 13, 12, 13]",96.41777879005801
7100524,G,236,"[3, 13, 1, 13, 1, 13, 10, 13, 5, 13, 3, 13, 13, 13, 1, 13, 1, 13, 13, 13, 13, 13, 13, 13, 0, 0, 0, 0, 0, 0, 0, 0, 3, 13, 1, 13, 1, 13, 10, 13, 5, 13, 3, 13, 13, 13, 1, 13, 1, 13, 13, 13, 13, 13, 13, 13, 0, 0, 0, 0, 0, 0, 0, 0]",95.19721185468548
7100524,G,120,"[0, 0, 3, 3, 3, 8, 3, 13, 3, 13, 13, 13, 13, 13, 3, 5, 6, 13, 6, 6, 6, 6, 13, 8, 8, 6, 13, 13, 6, 5, 13, 3, 5, 3, 1, 13, 3, 13, 13, 13, 0, 0, 0, 0, 0, 0, 1, 3, 5, 13, 5, 5, 5, 5, 13, 6, 6, 5, 13, 3, 3, 1, 13, 13]",110.45677845749758
7100524,G,96,"[3, 13, 1, 13, 1, 13, 10, 13, 5, 13, 3, 13, 13, 13, 1, 13, 1, 13, 13, 13, 13, 13, 13, 13, 13, 13, 13, 13, 1, 12, 1, 12, 12, 13, 13, 13, 13, 13, 13, 13, 13, 13, 13, 13, 0, 0, 0, 0, 3, 0, 0, 0, 0, 0, 0, 0, 0, 0, 0, 0, 0, 0, 0, 0]",79.39973008604426
7100524,G,124,"[6, 13, 6, 6, 6, 6, 13, 8, 8, 6, 13, 13, 6, 5, 13, 3, 5, 3, 1, 13, 3, 13, 13, 13, 0, 0, 0, 0, 0, 0, 1, 3, 5, 13, 5, 5, 5, 5, 13, 6, 6, 5, 13, 3, 3, 1, 13, 13, 3, 13, 13, 3, 3, 13, 8, 13, 3, 13, 13, 13, 13, 13, 3, 5]",74.62026591354748
7100524,G,24,"[12, 0, 0, 0, 0, 0, 0, 0, 12, 0, 0, 0, 0, 0, 0, 0, 5, 0, 0, 0, 0, 0, 0, 0, 10, 0, 0, 0, 0, 0, 0, 0, 3, 0, 0, 0, 0, 0, 0, 0, 8, 0, 0, 0, 0, 0, 0, 0, 8, 0, 0, 0, 0, 0, 0, 0, 1, 0, 0, 0, 0, 0, 1, 3]",110.8323721986004
7100524,G,92,"[12, 13, 13, 13, 3, 13, 5, 13, 5, 13, 3, 1, 1, 13, 13, 13, 3, 13, 1, 13, 1, 13, 10, 13, 5, 13, 3, 13, 13, 13, 1, 13, 1, 13, 13, 13, 13, 13, 13, 13, 13, 13, 13, 13, 1, 12, 1, 12, 12, 13, 13, 13, 13, 13, 13, 13, 13, 13, 13, 13, 0, 0, 0, 0]",87.35663614755846
7100524,G,24,"[12, 0, 0, 0, 0, 0, 0, 0, 12, 0, 0, 0, 0, 0, 0, 0, 5, 0, 0, 0, 0, 0, 0, 0, 10, 0, 0, 0, 0, 0, 0, 0, 3, 0, 0, 0, 0, 0, 0, 0, 8, 0, 0, 0, 0, 0, 0, 0, 8, 0, 0, 0, 0, 0, 0, 0, 1, 0, 0, 0, 0, 0, 1, 3]",91.12610034398045
7100524,G,20,"[10, 0, 0, 0, 0, 0, 0, 0, 0, 0, 0, 0, 0, 0, 0, 0, 12, 0, 0, 0, 0, 0, 0, 0, 12, 0, 0, 0, 0, 0, 0, 0, 5, 0, 0, 0, 0, 0, 0, 0, 10, 0, 0, 0, 0, 0, 0, 0, 3, 0, 0, 0, 0, 0, 0, 0, 8, 0, 0, 0, 0, 0, 0, 0]",92.56309584565471
7100524,G,132,"[5, 13, 5, 5, 5, 5, 13, 6, 6, 5, 13, 3, 3, 1, 13, 13, 3, 13, 13, 3, 3, 13, 8, 13, 3, 13, 13, 13, 13, 13, 3, 5, 6, 13, 6, 6, 6, 6, 13, 8, 8, 6, 13, 13, 6, 13, 13, 0, 5, 13, 3, 5, 5, 6, 13, 5, 5, 13, 13, 13, 5, 13, 1, 12]",81.4630157514542
7100524,G,124,"[6, 13, 6, 6, 6, 6, 13, 8, 8, 6, 13, 13, 6, 5, 13, 3, 5, 3, 1, 13, 3, 13, 13, 13, 0, 0, 0, 0, 0, 0, 1, 3, 5, 13, 5, 5, 5, 5, 13, 6, 6, 5, 13, 3, 3, 1, 13, 13, 3, 13, 13, 3, 3, 13, 8, 13, 3, 13, 13, 13, 13, 13, 3, 5]",76.89637300248746
7100524,G,88,"[1, 13, 13, 5, 5, 13, 6, 13, 6, 13, 3, 13, 13, 13, 1, 13, 12, 13, 13, 13, 3, 13, 5, 13, 5, 13, 3, 1, 1, 13, 13, 13, 3, 13, 1, 13, 1, 13, 10, 13, 5, 13, 3, 13, 13, 13, 1, 13, 1, 13, 13, 13, 13, 13, 13, 13, 13, 13, 13, 13, 1, 12, 1, 12]",98.70605998585246
7100524,G,144,"[5, 13, 3, 5, 5, 6, 13, 5, 5, 13, 13, 13, 5, 13, 1, 12, 1, 13, 13, 13, 5, 13, 6, 13, 6, 13, 3, 13, 1, 13, 12, 13, 12, 13, 13, 13, 10, 13, 8, 13, 8, 13, 13, 13, 8, 0, 5, 5, 6, 13, 8, 13, 10, 13, 8, 13, 8, 13, 6, 13, 5, 13, 3, 13]",90.83797981509126
7100524,G,8,"[3, 0, 0, 0, 0, 0, 0, 0, 0, 0, 0, 0, 0, 0, 0, 0, 8, 0, 0, 0, 0, 0, 0, 0, 0, 0, 0, 0, 0, 0, 0, 0, 3, 0, 0, 0, 0, 0, 0, 0, 8, 0, 0, 0, 0, 0, 0, 0, 10, 0, 0, 0, 0, 0, 0, 0, 0, 0, 0, 0, 0, 0, 0, 0]",117.53128721848574
7100524,G,48,"[6, 13, 6, 6, 6, 6, 13, 8, 8, 6, 13, 13, 6, 13, 5, 3, 5, 3, 1, 13, 3, 13, 13, 13, 0, 0, 0, 0, 0, 0, 1, 3, 5, 13, 5, 5, 5, 8, 13, 6, 6, 5, 13, 3, 3, 1, 13, 13, 0, 0, 3, 3, 3, 8, 13, 3, 3, 13, 13, 13, 13, 13, 3, 5]",86.89582365847434
7100524,G,36,"[8, 0, 0, 0, 0, 0, 0, 0, 1, 0, 0, 0, 0, 0, 1, 3, 5, 13, 5, 5, 5, 8, 13, 6, 6, 5, 13, 3, 3, 1, 13, 13, 0, 0, 3, 3, 3, 8, 13, 3, 3, 13, 13, 13, 3, 13, 0, 5, 6, 13, 6, 6, 6, 6, 13, 8, 8, 6, 13, 13, 6, 13, 5, 3]",116.51677831394632
7100524,G,32,"[3, 0, 0, 0, 0, 0, 0, 0, 8, 0, 0, 0, 0, 0, 0, 0, 8, 0, 0, 0, 0, 0, 0, 0, 1, 0, 0, 0, 0, 0, 1, 3, 5, 13, 5, 5, 5, 8, 13, 6, 6, 5, 13, 3, 3, 1, 13, 13, 0, 0, 3, 3, 3, 8, 13, 3, 3, 13, 13, 13, 3, 13, 0, 5]",81.87242645604164
7100524,G,156,"[6, 13, 8, 13, 10, 13, 8, 13, 8, 13, 6, 13, 5, 13, 3, 13, 3, 13, 5, 13, 6, 13, 5, 13, 5, 0, 5, 13, 10, 13, 12, 13, 1, 13, 13, 5, 5, 13, 6, 13, 6, 13, 3, 13, 13, 13, 1, 13, 12, 13, 13, 13, 3, 13, 5, 13, 5, 13, 3, 1, 1, 13, 13, 0]",92.19201103301653
7100524,G,52,"[5, 3, 1, 13, 3, 13, 13, 13, 0, 0, 0, 0, 0, 0, 1, 3, 5, 13, 5, 5, 5, 8, 13, 6, 6, 5, 13, 3, 3, 1, 13, 13, 0, 0, 3, 3, 3, 8, 13, 3, 3, 13, 13, 13, 13, 13, 3, 5, 6, 13, 6, 6, 6, 13, 0, 8, 13, 6, 13, 13, 6, 13, 13, 5]",105.76343481867504
7100524,G,32,"[3, 0, 0, 0, 0, 0, 0, 0, 8, 0, 0, 0, 0, 0, 0, 0, 8, 0, 0, 0, 0, 0, 0, 0, 1, 0, 0, 0, 0, 0, 1, 3, 5, 13, 5, 5, 5, 8, 13, 6, 6, 5, 13, 3, 3, 1, 13, 13, 0, 0, 3, 3, 3, 8, 13, 3, 3, 13, 13, 13, 3, 13, 0, 5]",74.34071234874108
7100524,G,188,"[4, 13, 3, 13, 1, 13, 11, 13, 3, 13, 1, 13, 13, 13, 6, 13, 6, 13, 13, 13, 13, 13, 13, 13, 0, 0, 0, 0, 0, 0, 0, 0, 11, 13, 11, 13, 11, 13, 10, 13, 10, 13, 6, 13, 6, 13, 6, 13, 1, 13, 1, 13, 1, 13, 12, 13, 12, 13, 1, 3, 3, 13, 13, 13]",101.45019384941992
7100524,G,172,"[3, 13, 1, 13, 1, 13, 10, 13, 5, 13, 3, 13, 13, 13, 1, 13, 1, 13, 13, 13, 13, 13, 13, 13, 0, 0, 0, 0, 0, 0, 0, 0, 11, 13, 11, 13, 11, 13, 10, 13, 10, 13, 8, 6, 6, 13, 13, 13, 1, 13, 1, 13, 1, 13, 11, 13, 11, 13, 10, 8, 8, 13, 13, 13]",113.2694480337273
7100524,G,128,"[5, 3, 1, 13, 3, 13, 13, 13, 0, 0, 0, 0, 0, 0, 1, 3, 5, 13, 5, 5, 5, 5, 13, 6, 6, 5, 13, 3, 3, 1, 13, 13, 3, 13, 13, 3, 3, 13, 8, 13, 3, 13, 13, 13, 13, 13, 3, 5, 6, 13, 6, 6, 6, 6, 13, 8, 8, 6, 13, 13, 6, 13, 13, 0]",112.56650608609309
7100524,G,4,"[8, 0, 0, 0, 0, 0, 0, 0, 0, 0, 0, 0, 0, 0, 0, 0, 3, 0, 0, 0, 0, 0, 0, 0, 0, 0, 0, 0, 0, 0, 0, 0, 8, 0, 0, 0, 0, 0, 0, 0, 0, 0, 0, 0, 0, 0, 0, 0, 3, 0, 0, 0, 0, 0, 0, 0, 8, 0, 0, 0, 0, 0, 0, 0]",86.97427901375873
7100524,G,8,"[3, 0, 0, 0, 0, 0, 0, 0, 0, 0, 0, 0, 0, 0, 0, 0, 8, 0, 0, 0, 0, 0, 0, 0, 0, 0, 0, 0, 0, 0, 0, 0, 3, 0, 0, 0, 0, 0, 0, 0, 8, 0, 0, 0, 0, 0, 0, 0, 10, 0, 0, 0, 0, 0, 0, 0, 0, 0, 0, 0, 0, 0, 0, 0]",98.1212519639913
7100524,G,4,"[8, 0, 0, 0, 0, 0, 0, 0, 0, 0, 0, 0, 0, 0, 0, 0, 3, 0, 0, 0, 0, 0, 0, 0, 0, 0, 0, 0, 0, 0, 0, 0, 8, 0, 0, 0, 0, 0, 0, 0, 0, 0, 0, 0, 0, 0, 0, 0, 3, 0, 0, 0, 0, 0, 0, 0, 8, 0, 0, 0, 0, 0, 0, 0]",106.05741695456825
7100524,G,4,"[8, 0, 0, 0, 0, 0, 0, 0, 0, 0, 0, 0, 0, 0, 0, 0, 3, 0, 0, 0, 0, 0, 0, 0, 0, 0, 0, 0, 0, 0, 0, 0, 8, 0, 0, 0, 0, 0, 0, 0, 0, 0, 0, 0, 0, 0, 0, 0, 3, 0, 0, 0, 0, 0, 0, 0, 8, 0, 0, 0, 0, 0, 0, 0]",96.59858682148923
7100524,G,160,"[3, 13, 5, 13, 6, 13, 5, 13, 5, 0, 5, 13, 10, 13, 12, 13, 1, 13, 13, 5, 5, 13, 6, 13, 6, 13, 3, 13, 13, 13, 1, 13, 12, 13, 13, 13, 3, 13, 5, 13, 5, 13, 3, 1, 1, 13, 13, 0, 3, 13, 1, 13, 1, 13, 10, 13, 5, 13, 3, 13, 13, 13, 1, 13]",111.74407753414647
7100524,G,36,"[8, 0, 0, 0, 0, 0, 0, 0, 1, 0, 0, 0, 0, 0, 1, 3, 5, 13, 5, 5, 5, 8, 13, 6, 6, 5, 13, 3, 3, 1, 13, 13, 0, 0, 3, 3, 3, 8, 13, 3, 3, 13, 13, 13, 3, 13, 0, 5, 6, 13, 6, 6, 6, 6, 13, 8, 8, 6, 13, 13, 6, 13, 5, 3]",87.02162276263724
7100524,G,188,"[4, 13, 3, 13, 1, 13, 11, 13, 3, 13, 1, 13, 13, 13, 6, 13, 6, 13, 13, 13, 13, 13, 13, 13, 0, 0, 0, 0, 0, 0, 0, 0, 11, 13, 11, 13, 11, 13, 10, 13, 10, 13, 6, 13, 6, 13, 6, 13, 1, 13, 1, 13, 1, 13, 12, 13, 12, 13, 1, 3, 3, 13, 13, 13]",113.39389445935079
7100524,G,132,"[5, 13, 5, 5, 5, 5, 13, 6, 6, 5, 13, 3, 3, 1, 13, 13, 3, 13, 13, 3, 3, 13, 8, 13, 3, 13, 13, 13, 13, 13, 3, 5, 6, 13, 6, 6, 6, 6, 13, 8, 8, 6, 13, 13, 6, 13, 13, 0, 5, 13, 3, 5, 5, 6, 13, 5, 5, 13, 13, 13, 5, 13, 1, 12]",86.60048884404175
20297599,G,108,"[10, 7, 13, 13, 0, 0, 0, 0, 8, 13, 13, 13, 7, 13, 13, 13, 5, 13, 12, 13, 12, 12, 12, 12, 12, 5, 5, 5, 5, 13, 3, 5, 5, 1, 13, 13, 1, 1, 1, 1, 5, 5, 5, 5, 5, 13, 7, 8, 8, 3, 13, 13, 3, 3, 3, 3, 3, 8, 8, 8, 8, 13, 10, 10]",-4.270200967669311
20297599,G,32,"[5, 13, 13, 13, 5, 12, 5, 7, 8, 13, 10, 13, 8, 13, 7, 13, 1, 13, 13, 8, 8, 13, 8, 13, 8, 13, 13, 13, 13, 13, 13, 13, 8, 13, 3, 13, 8, 13, 3, 13, 8, 13, 3, 13, 8, 13, 10, 7, 7, 13, 13, 13, 0, 0, 0, 0, 0, 0, 0, 0, 0, 0, 0, 0]",-25.226798685528237
20297599,G,272,"[12, 10, 13, 13, 10, 10, 10, 10, 10, 10, 10, 10, 7, 13, 8, 13, 12, 10, 12, 10, 12, 13, 10, 12, 12, 10, 12, 10, 12, 13, 1, 1, 1, 8, 13, 13, 8, 13, 13, 8, 1, 1, 1, 1, 1, 13, 3, 1, 1, 12, 13, 13, 12, 13, 13, 13, 12, 12, 12, 12, 0, 3, 1, 12]",2.3060711979783832
20297599,G,152,"[1, 12, 13, 13, 12, 13, 13, 13, 12, 12, 12, 12, 0, 3, 1, 12, 12, 10, 13, 10, 13, 13, 13, 0, 0, 0, 8, 8, 8, 8, 8, 8, 8, 7, 5, 0, 8, 0, 5, 0, 7, 5, 5, 8, 8, 8, 5, 8, 5, 0, 8, 0, 8, 0, 8, 0, 5, 13, 10, 10, 10, 10, 10, 10]",-19.610928282844526
20297599,G,236,"[8, 13, 3, 13, 13, 3, 3, 3, 3, 8, 8, 8, 8, 8, 13, 10, 10, 7, 13, 13, 0, 0, 0, 0, 8, 13, 13, 13, 7, 13, 13, 13, 5, 13, 12, 13, 12, 12, 12, 12, 5, 5, 5, 5, 5, 13, 3, 5, 5, 1, 13, 13, 1, 1, 1, 1, 5, 5, 5, 5, 5, 13, 7, 8]",-13.383647180358423
20297599,G,36,"[1, 13, 13, 8, 8, 13, 8, 13, 8, 13, 13, 13, 13, 13, 13, 13, 8, 13, 3, 13, 8, 13, 3, 13, 8, 13, 3, 13, 8, 13, 10, 7, 7, 13, 13, 13, 0, 0, 0, 0, 0, 0, 0, 0, 0, 0, 0, 0, 5, 13, 13, 13, 5, 12, 5, 7, 8, 13, 10, 13, 8, 13, 7, 13]",-8.695714255693417
20297599,G,288,"[12, 10, 13, 10, 13, 13, 13, 8, 13, 13, 13, 7, 13, 13, 13, 0, 5, 13, 12, 13, 12, 12, 12, 12, 12, 5, 5, 5, 5, 13, 3, 5, 5, 1, 13, 13, 1, 1, 1, 1, 5, 5, 5, 5, 5, 13, 7, 8, 8, 3, 13, 13, 3, 3, 3, 3, 3, 8, 8, 8, 8, 13, 10, 10]",-17.47234351207547
20297599,G,20,"[5, 13, 8, 1, 1, 5, 8, 13, 5, 13, 13, 13, 8, 13, 0, 0, 8, 13, 12, 3, 3, 8, 12, 13, 8, 13, 12, 3, 8, 7, 5, 3, 10, 13, 13, 13, 13, 13, 0, 12, 13, 13, 13, 8, 13, 13, 10, 7, 5, 13, 8, 13, 5, 12, 5, 7, 8, 13, 10, 13, 8, 13, 7, 13]",-4.363535786886914
20297599,G,280,"[1, 8, 13, 13, 8, 13, 13, 8, 1, 1, 1, 1, 1, 13, 3, 1, 1, 12, 13, 13, 12, 13, 13, 13, 12, 12, 12, 12, 0, 3, 1, 12, 12, 10, 13, 10, 13, 13, 13, 8, 13, 13, 13, 7, 13, 13, 13, 0, 5, 13, 12, 13, 12, 12, 12, 12, 12, 5, 5, 5, 5, 13, 3, 5]",-38.33290105363804
20297599,G,280,"[1, 8, 13, 13, 8, 13, 13, 8, 1, 1, 1, 1, 1, 13, 3, 1, 1, 12, 13, 13, 12, 13, 13, 13, 12, 12, 12, 12, 0, 3, 1, 12, 12, 10, 13, 10, 13, 13, 13, 8, 13, 13, 13, 7, 13, 13, 13, 0, 5, 13, 12, 13, 12, 12, 12, 12, 12, 5, 5, 5, 5, 13, 3, 5]",1.6144015715057378
20297599,G,276,"[12, 10, 12, 10, 12, 13, 10, 12, 12, 10, 12, 10, 12, 13, 1, 1, 1, 8, 13, 13, 8, 13, 13, 8, 1, 1, 1, 1, 1, 13, 3, 1, 1, 12, 13, 13, 12, 13, 13, 13, 12, 12, 12, 12, 0, 3, 1, 12, 12, 10, 13, 10, 13, 13, 13, 8, 13, 13, 13, 7, 13, 13, 13, 0]",-1.5846831741418441
20297599,G,224,"[5, 13, 13, 13, 13, 13, 13, 13, 8, 13, 13, 13, 7, 13, 13, 13, 5, 13, 12, 13, 12, 12, 12, 12, 5, 5, 5, 5, 5, 13, 3, 5, 5, 1, 13, 13, 1, 1, 1, 1, 5, 5, 5, 5, 5, 13, 7, 8, 8, 13, 3, 13, 13, 3, 3, 3, 3, 8, 8, 8, 8, 8, 13, 10]",-4.690883993418311
20297599,G,220,"[7, 13, 7, 7, 7, 7, 7, 5, 8, 13, 7, 13, 5, 13, 5, 13, 5, 13, 13, 13, 13, 13, 13, 13, 8, 13, 13, 13, 7, 13, 13, 13, 5, 13, 12, 13, 12, 12, 12, 12, 5, 5, 5, 5, 5, 13, 3, 5, 5, 1, 13, 13, 1, 1, 1, 1, 5, 5, 5, 5, 5, 13, 7, 8]",-16.20849086344259
20297599,G,276,"[12, 10, 12, 10, 12, 13, 10, 12, 12, 10, 12, 10, 12, 13, 1, 1, 1, 8, 13, 13, 8, 13, 13, 8, 1, 1, 1, 1, 1, 13, 3, 1, 1, 12, 13, 13, 12, 13, 13, 13, 12, 12, 12, 12, 0, 3, 1, 12, 12, 10, 13, 10, 13, 13, 13, 8, 13, 13, 13, 7, 13, 13, 13, 0]",-25.71286117401425
20297599,G,80,"[5, 13, 13, 13, 5, 12, 5, 7, 8, 7, 8, 7, 8, 13, 7, 13, 5, 13, 13, 13, 5, 5, 5, 7, 8, 7, 8, 7, 8, 13, 10, 3, 3, 13, 13, 13, 3, 3, 3, 3, 8, 7, 8, 7, 8, 13, 10, 10, 10, 7, 13, 13, 7, 13, 13, 13, 8, 13, 13, 13, 7, 13, 13, 13]",-25.459910287149086
20297599,G,120,"[8, 3, 13, 13, 3, 3, 3, 3, 3, 8, 8, 8, 8, 13, 10, 10, 10, 7, 13, 13, 0, 0, 0, 0, 10, 13, 13, 13, 10, 13, 13, 13, 12, 10, 12, 10, 12, 13, 10, 12, 12, 10, 12, 10, 12, 13, 1, 1, 1, 8, 13, 13, 8, 13, 13, 8, 1, 1, 1, 1, 1, 13, 3, 1]",4.2241693668275815
20297599,G,196,"[5, 13, 1, 1, 8, 13, 8, 8, 5, 13, 5, 13, 10, 10, 10, 8, 10, 13, 8, 13, 10, 10, 10, 8, 10, 13, 8, 13, 8, 8, 8, 8, 7, 13, 7, 7, 7, 7, 7, 5, 8, 13, 5, 12, 8, 13, 8, 7, 5, 13, 5, 13, 8, 8, 8, 7, 5, 13, 5, 13, 8, 8, 8, 7]",-4.36488846542629
20297599,G,300,"[8, 3, 13, 13, 3, 3, 3, 3, 3, 8, 8, 8, 8, 13, 10, 10, 10, 7, 13, 13, 0, 0, 0, 0, 0, 0, 5, 13, 8, 13, 8, 8, 5, 13, 5, 13, 8, 8, 8, 7, 5, 13, 5, 13, 8, 8, 8, 7, 5, 13, 1, 1, 8, 13, 8, 8, 5, 13, 5, 1, 1, 1, 3, 1]",-4.614232209519756
20297599,G,256,"[10, 7, 13, 13, 0, 0, 0, 0, 10, 13, 13, 13, 10, 13, 13, 13, 12, 10, 12, 10, 12, 13, 10, 12, 12, 10, 12, 10, 12, 13, 1, 1, 1, 8, 13, 13, 8, 13, 13, 8, 1, 1, 1, 1, 1, 13, 3, 1, 1, 12, 13, 13, 12, 13, 13, 13, 12, 12, 12, 12, 0, 3, 1, 12]",-32.280566375579156
20297599,G,20,"[5, 13, 8, 1, 1, 5, 8, 13, 5, 13, 13, 13, 8, 13, 0, 0, 8, 13, 12, 3, 3, 8, 12, 13, 8, 13, 12, 3, 8, 7, 5, 3, 10, 13, 13, 13, 13, 13, 0, 12, 13, 13, 13, 8, 13, 13, 10, 7, 5, 13, 8, 13, 5, 12, 5, 7, 8, 13, 10, 13, 8, 13, 7, 13]",-33.51781634627076
20297599,G,24,"[8, 13, 12, 3, 3, 8, 12, 13, 8, 13, 12, 3, 8, 7, 5, 3, 10, 13, 13, 13, 13, 13, 0, 12, 13, 13, 13, 8, 13, 13, 10, 7, 5, 13, 8, 13, 5, 12, 5, 7, 8, 13, 10, 13, 8, 13, 7, 13, 1, 13, 13, 8, 8, 13, 8, 13, 8, 13, 13, 13, 13, 13, 13, 13]",-17.59904440193128
20297599,G,88,"[3, 13, 13, 13, 3, 3, 3, 3, 8, 7, 8, 7, 8, 13, 10, 10, 10, 7, 13, 13, 7, 13, 13, 13, 8, 13, 13, 13, 7, 13, 13, 13, 5, 13, 12, 13, 12, 12, 12, 12, 12, 5, 5, 5, 5, 13, 3, 5, 5, 1, 13, 13, 1, 1, 1, 1, 5, 5, 5, 5, 5, 13, 7, 8]",-31.092012832305443
20297599,G,332,"[1, 12, 13, 12, 13, 13, 13, 0, 0, 0, 12, 12, 12, 12, 3, 1, 12, 10, 13, 13, 0, 0, 0, 0, 8, 13, 13, 13, 7, 13, 13, 13, 7, 13, 5, 13, 13, 13, 5, 13, 12, 13, 13, 13, 13, 13, 13, 13, 5, 13, 13, 13, 13, 13, 13, 13, 13, 13, 13, 13, 13, 13, 13, 13]",-13.404839144142116
20297599,G,28,"[10, 13, 13, 13, 13, 13, 0, 12, 13, 13, 13, 8, 13, 13, 10, 7, 5, 13, 8, 13, 5, 12, 5, 7, 8, 13, 10, 13, 8, 13, 7, 13, 1, 13, 13, 8, 8, 13, 8, 13, 8, 13, 13, 13, 13, 13, 13, 13, 8, 13, 3, 13, 8, 13, 3, 13, 8, 13, 3, 13, 8, 13, 10, 7]",-16.295513182809756
20297599,G,104,"[8, 3, 13, 13, 3, 3, 3, 3, 3, 8, 8, 8, 8, 13, 10, 10, 10, 7, 13, 13, 0, 0, 0, 0, 8, 13, 13, 13, 7, 13, 13, 13, 5, 13, 12, 13, 12, 12, 12, 12, 12, 5, 5, 5, 5, 13, 3, 5, 5, 1, 13, 13, 1, 1, 1, 1, 5, 5, 5, 5, 5, 13, 7, 8]",-7.3628750015518705
20297599,G,48,"[5, 13, 13, 13, 5, 12, 5, 7, 8, 13, 10, 13, 8, 13, 7, 13, 1, 13, 13, 8, 8, 13, 8, 13, 8, 13, 13, 13, 13, 13, 13, 13, 8, 13, 3, 13, 8, 13, 3, 13, 8, 13, 3, 13, 8, 13, 10, 7, 7, 13, 13, 13, 0, 0, 0, 12, 13, 13, 13, 8, 13, 13, 10, 7]",-10.731946350315624
20297599,G,260,"[12, 10, 12, 10, 12, 13, 10, 12, 12, 10, 12, 10, 12, 13, 1, 1, 1, 8, 13, 13, 8, 13, 13, 8, 1, 1, 1, 1, 1, 13, 3, 1, 1, 12, 13, 13, 12, 13, 13, 13, 12, 12, 12, 12, 0, 3, 1, 12, 12, 10, 13, 13, 10, 10, 10, 10, 10, 10, 10, 10, 7, 13, 8, 13]",-8.478383903698756
20297599,G,224,"[5, 13, 13, 13, 13, 13, 13, 13, 8, 13, 13, 13, 7, 13, 13, 13, 5, 13, 12, 13, 12, 12, 12, 12, 5, 5, 5, 5, 5, 13, 3, 5, 5, 1, 13, 13, 1, 1, 1, 1, 5, 5, 5, 5, 5, 13, 7, 8, 8, 13, 3, 13, 13, 3, 3, 3, 3, 8, 8, 8, 8, 8, 13, 10]",-31.858079778444278
20297599,G,200,"[10, 13, 8, 13, 10, 10, 10, 8, 10, 13, 8, 13, 8, 8, 8, 8, 7, 13, 7, 7, 7, 7, 7, 5, 8, 13, 5, 12, 8, 13, 8, 7, 5, 13, 5, 13, 8, 8, 8, 7, 5, 13, 5, 13, 8, 8, 8, 7, 5, 13, 1, 1, 8, 13, 8, 8, 5, 13, 5, 13, 10, 10, 10, 8]",-13.283999861290326
20297599,G,220,"[7, 13, 7, 7, 7, 7, 7, 5, 8, 13, 7, 13, 5, 13, 5, 13, 5, 13, 13, 13, 13, 13, 13, 13, 8, 13, 13, 13, 7, 13, 13, 13, 5, 13, 12, 13, 12, 12, 12, 12, 5, 5, 5, 5, 5, 13, 3, 5, 5, 1, 13, 13, 1, 1, 1, 1, 5, 5, 5, 5, 5, 13, 7, 8]",3.3011917101199373
20297599,G,216,"[10, 13, 8, 13, 10, 10, 10, 8, 10, 13, 8, 13, 8, 8, 8, 8, 7, 13, 7, 7, 7, 7, 7, 5, 8, 13, 7, 13, 5, 13, 5, 13, 5, 13, 13, 13, 13, 13, 13, 13, 8, 13, 13, 13, 7, 13, 13, 13, 5, 13, 12, 13, 12, 12, 12, 12, 5, 5, 5, 5, 5, 13, 3, 5]",-19.628513103856562
20297599,G,148,"[1, 8, 13, 13, 8, 13, 13, 8, 1, 1, 1, 1, 1, 13, 3, 1, 1, 12, 13, 13, 12, 13, 13, 13, 12, 12, 12, 12, 0, 3, 1, 12, 12, 10, 13, 10, 13, 13, 13, 0, 0, 0, 8, 8, 8, 8, 8, 8, 8, 7, 5, 0, 8, 0, 5, 0, 7, 5, 5, 8, 8, 8, 5, 8]",-22.07505768875916
20297599,G,112,"[5, 13, 12, 13, 12, 12, 12, 12, 12, 5, 5, 5, 5, 13, 3, 5, 5, 1, 13, 13, 1, 1, 1, 1, 5, 5, 5, 5, 5, 13, 7, 8, 8, 3, 13, 13, 3, 3, 3, 3, 3, 8, 8, 8, 8, 13, 10, 10, 10, 7, 13, 13, 0, 0, 0, 0, 10, 13, 13, 13, 10, 13, 13, 13]",-25.09964690282598
20297599,G,40,"[8, 13, 3, 13, 8, 13, 3, 13, 8, 13, 3, 13, 8, 13, 10, 7, 7, 13, 13, 13, 0, 0, 0, 0, 0, 0, 0, 0, 0, 0, 0, 0, 5, 13, 13, 13, 5, 12, 5, 7, 8, 13, 10, 13, 8, 13, 7, 13, 1, 13, 13, 8, 8, 13, 8, 13, 8, 13, 13, 13, 13, 13, 13, 13]",-27.46187452544018
20297599,G,196,"[5, 13, 1, 1, 8, 13, 8, 8, 5, 13, 5, 13, 10, 10, 10, 8, 10, 13, 8, 13, 10, 10, 10, 8, 10, 13, 8, 13, 8, 8, 8, 8, 7, 13, 7, 7, 7, 7, 7, 5, 8, 13, 5, 12, 8, 13, 8, 7, 5, 13, 5, 13, 8, 8, 8, 7, 5, 13, 5, 13, 8, 8, 8, 7]",-31.027535155261376
20297599,G,108,"[10, 7, 13, 13, 0, 0, 0, 0, 8, 13, 13, 13, 7, 13, 13, 13, 5, 13, 12, 13, 12, 12, 12, 12, 12, 5, 5, 5, 5, 13, 3, 5, 5, 1, 13, 13, 1, 1, 1, 1, 5, 5, 5, 5, 5, 13, 7, 8, 8, 3, 13, 13, 3, 3, 3, 3, 3, 8, 8, 8, 8, 13, 10, 10]",-4.8667322035384615
20297599,G,184,"[12, 12, 12, 3, 12, 13, 10, 13, 10, 13, 10, 10, 10, 10, 8, 13, 8, 13, 8, 8, 5, 8, 13, 5, 13, 0, 0, 5, 13, 13, 13, 8, 5, 8, 5, 13, 8, 8, 8, 7, 5, 13, 5, 13, 8, 8, 8, 7, 5, 13, 1, 1, 8, 13, 8, 8, 5, 13, 5, 13, 10, 10, 10, 8]",-26.378829908238544
20297599,G,56,"[8, 13, 3, 13, 8, 13, 3, 13, 8, 13, 3, 13, 8, 13, 10, 7, 7, 13, 13, 13, 0, 0, 0, 12, 13, 13, 13, 8, 13, 13, 10, 7, 5, 13, 8, 13, 12, 12, 5, 7, 8, 7, 8, 7, 8, 13, 7, 13, 5, 13, 13, 13, 5, 5, 5, 7, 8, 7, 8, 7, 8, 13, 10, 13]",-12.099053460788298
20297599,G,232,"[5, 1, 13, 13, 1, 1, 1, 1, 5, 5, 5, 5, 5, 13, 7, 8, 8, 13, 3, 13, 13, 3, 3, 3, 3, 8, 8, 8, 8, 8, 13, 10, 10, 7, 13, 13, 0, 0, 0, 0, 8, 13, 13, 13, 7, 13, 13, 13, 5, 13, 12, 13, 12, 12, 12, 12, 5, 5, 5, 5, 5, 13, 3, 5]",-18.66315151958149
20297599,G,20,"[5, 13, 8, 1, 1, 5, 8, 13, 5, 13, 13, 13, 8, 13, 0, 0, 8, 13, 12, 3, 3, 8, 12, 13, 8, 13, 12, 3, 8, 7, 5, 3, 10, 13, 13, 13, 13, 13, 0, 12, 13, 13, 13, 8, 13, 13, 10, 7, 5, 13, 8, 13, 5, 12, 5, 7, 8, 13, 10, 13, 8, 13, 7, 13]",-0.6278885539495889
20297599,G,56,"[8, 13, 3, 13, 8, 13, 3, 13, 8, 13, 3, 13, 8, 13, 10, 7, 7, 13, 13, 13, 0, 0, 0, 12, 13, 13, 13, 8, 13, 13, 10, 7, 5, 13, 8, 13, 12, 12, 5, 7, 8, 7, 8, 7, 8, 13, 7, 13, 5, 13, 13, 13, 5, 5, 5, 7, 8, 7, 8, 7, 8, 13, 10, 13]",-34.177021687798145
20297599,G,12,"[12, 13, 13, 13, 13, 13, 0, 12, 13, 13, 13, 8, 13, 13, 10, 7, 5, 13, 8, 12, 12, 5, 8, 13, 5, 13, 13, 13, 8, 13, 0, 0, 5, 13, 8, 1, 1, 5, 8, 13, 5, 13, 13, 13, 8, 13, 0, 0, 8, 13, 12, 3, 3, 8, 12, 13, 8, 13, 12, 3, 8, 7, 5, 3]",-25.69617813869516
20297599,G,128,"[12, 10, 12, 10, 12, 13, 10, 12, 12, 10, 12, 10, 12, 13, 1, 1, 1, 8, 13, 13, 8, 13, 13, 8, 1, 1, 1, 1, 1, 13, 3, 1, 1, 12, 13, 13, 12, 13, 13, 13, 12, 12, 12, 12, 0, 3, 1, 12, 12, 10, 13, 13, 10, 10, 10, 10, 10, 10, 10, 10, 7, 13, 8, 13]",3.0198345739276817
11447569,F,144,"[8, 13, 10, 13, 1, 13, 5, 13, 8, 13, 13, 13, 9, 13, 10, 13, 6, 13, 13, 13, 6, 6, 13, 13, 12, 13, 13, 13, 12, 13, 1, 13, 1, 13, 1, 13, 6, 13, 3, 13, 5, 13, 13, 13, 5, 13, 6, 13, 8, 10, 0, 8, 7, 13, 8, 13, 10, 13, 1, 13, 3, 13, 1, 13]",193.72361130647414
11447569,F,192,"[8, 13, 8, 13, 8, 13, 13, 13, 6, 8, 0, 9, 10, 1, 0, 3, 4, 5, 0, 6, 4, 5, 0, 6, 4, 5, 0, 5, 4, 3, 0, 2, 1, 13, 10, 13, 12, 13, 1, 13, 2, 13, 10, 13, 11, 13, 9, 13, 10, 13, 12, 13, 1, 13, 11, 13, 12, 13, 1, 13, 12, 13, 10, 13]",157.14943806571227
11447569,F,44,"[5, 5, 0, 0, 5, 13, 13, 13, 3, 13, 13, 13, 1, 13, 10, 13, 10, 13, 1, 13, 6, 5, 0, 3, 2, 13, 13, 13, 10, 13, 12, 13, 1, 3, 0, 1, 12, 13, 1, 13, 12, 13, 13, 13, 13, 13, 10, 13, 8, 13, 10, 13, 1, 13, 5, 13, 8, 13, 13, 13, 9, 13, 10, 13]",157.41862109505007
11447569,F,312,"[8, 13, 10, 13, 1, 13, 5, 13, 8, 13, 13, 13, 13, 13, 13, 13, 8, 13, 13, 13, 13, 13, 13, 13, 13, 13, 13, 13, 9, 13, 10, 13, 6, 13, 13, 13, 6, 13, 10, 13, 12, 13, 13, 13, 13, 13, 13, 13, 1, 13, 13, 13, 13, 13, 13, 13, 13, 13, 13, 13, 13, 13, 13, 13]",158.79023713398738
11447569,F,112,"[12, 1, 0, 12, 10, 12, 0, 10, 10, 13, 13, 13, 8, 13, 10, 13, 12, 13, 1, 13, 3, 13, 5, 13, 3, 13, 1, 13, 12, 13, 1, 13, 3, 13, 6, 13, 6, 10, 0, 1, 12, 13, 13, 13, 5, 13, 6, 13, 8, 10, 0, 8, 7, 13, 8, 13, 10, 13, 13, 13, 1, 13, 13, 13]",179.90374556241505
11447569,F,204,"[10, 13, 12, 13, 1, 13, 11, 13, 12, 13, 1, 13, 12, 13, 10, 13, 8, 13, 10, 13, 1, 13, 5, 8, 8, 13, 13, 13, 10, 11, 9, 10, 6, 13, 13, 13, 13, 13, 13, 13, 12, 13, 13, 13, 12, 13, 1, 13, 8, 0, 1, 13, 6, 13, 3, 13, 5, 13, 13, 13, 1, 13, 3, 13]",182.4224330027516
11447569,F,200,"[1, 13, 10, 13, 12, 13, 1, 13, 2, 13, 10, 13, 11, 13, 9, 13, 10, 13, 12, 13, 1, 13, 11, 13, 12, 13, 1, 13, 12, 13, 10, 13, 8, 13, 10, 13, 1, 13, 5, 8, 8, 13, 13, 13, 10, 11, 9, 10, 6, 13, 13, 13, 13, 13, 13, 13, 12, 13, 13, 13, 12, 13, 1, 13]",193.11761132082927
11447569,F,120,"[3, 13, 6, 13, 6, 10, 0, 1, 12, 13, 13, 13, 5, 13, 6, 13, 8, 10, 0, 8, 7, 13, 8, 13, 10, 13, 13, 13, 1, 13, 13, 13, 5, 13, 13, 13, 8, 13, 13, 13, 6, 0, 6, 13, 0, 12, 13, 13, 5, 13, 5, 13, 0, 5, 13, 13, 3, 13, 13, 13, 1, 13, 10, 13]",173.00283054731477
11447569,F,244,"[8, 10, 0, 8, 7, 13, 8, 13, 10, 13, 13, 13, 1, 13, 13, 13, 5, 13, 13, 13, 8, 13, 13, 13, 6, 0, 6, 13, 0, 12, 13, 13, 5, 13, 5, 13, 0, 5, 13, 13, 3, 13, 13, 13, 1, 13, 10, 13, 10, 13, 1, 13, 6, 5, 0, 3, 2, 13, 13, 13, 10, 13, 12, 13]",187.44132127671963
11447569,F,176,"[8, 13, 7, 13, 6, 13, 8, 13, 5, 13, 8, 13, 1, 13, 5, 13, 12, 0, 3, 13, 12, 8, 0, 3, 11, 12, 0, 10, 10, 13, 7, 13, 8, 13, 7, 13, 6, 10, 0, 1, 5, 13, 3, 13, 5, 13, 6, 13, 8, 13, 5, 13, 5, 13, 1, 13, 1, 13, 1, 13, 12, 13, 10, 13]",198.80337011471457
11447569,F,288,"[10, 13, 1, 13, 6, 5, 0, 3, 2, 13, 13, 13, 10, 13, 12, 13, 1, 3, 0, 1, 12, 13, 1, 13, 12, 13, 13, 13, 13, 13, 10, 13, 8, 13, 10, 13, 1, 13, 5, 13, 8, 13, 13, 13, 9, 13, 10, 13, 6, 13, 13, 13, 6, 6, 13, 13, 12, 13, 13, 13, 12, 13, 1, 13]",166.42250034604893
11447569,F,112,"[12, 1, 0, 12, 10, 12, 0, 10, 10, 13, 13, 13, 8, 13, 10, 13, 12, 13, 1, 13, 3, 13, 5, 13, 3, 13, 1, 13, 12, 13, 1, 13, 3, 13, 6, 13, 6, 10, 0, 1, 12, 13, 13, 13, 5, 13, 6, 13, 8, 10, 0, 8, 7, 13, 8, 13, 10, 13, 13, 13, 1, 13, 13, 13]",173.65391981760584
11447569,F,116,"[12, 13, 1, 13, 3, 13, 5, 13, 3, 13, 1, 13, 12, 13, 1, 13, 3, 13, 6, 13, 6, 10, 0, 1, 12, 13, 13, 13, 5, 13, 6, 13, 8, 10, 0, 8, 7, 13, 8, 13, 10, 13, 13, 13, 1, 13, 13, 13, 5, 13, 13, 13, 8, 13, 13, 13, 6, 0, 6, 13, 0, 12, 13, 13]",197.2441826516491
11447569,F,160,"[5, 13, 8, 13, 8, 13, 13, 13, 13, 13, 13, 13, 8, 7, 0, 6, 5, 13, 8, 13, 1, 13, 5, 13, 6, 13, 4, 13, 5, 13, 3, 13, 1, 13, 10, 13, 5, 13, 1, 13, 2, 13, 10, 13, 10, 13, 13, 13, 1, 0, 12, 13, 1, 13, 11, 13, 12, 13, 1, 13, 12, 13, 10, 13]",195.4581960868133
11447569,F,124,"[8, 10, 0, 8, 7, 13, 8, 13, 10, 13, 13, 13, 1, 13, 13, 13, 5, 13, 13, 13, 8, 13, 13, 13, 6, 0, 6, 13, 0, 12, 13, 13, 5, 13, 5, 13, 0, 5, 13, 13, 3, 13, 13, 13, 1, 13, 10, 13, 10, 13, 1, 13, 6, 5, 0, 3, 2, 13, 13, 13, 10, 13, 12, 13]",172.1966341378408
11447569,F,156,"[8, 10, 0, 8, 7, 13, 8, 13, 10, 13, 1, 13, 3, 13, 1, 13, 5, 13, 8, 13, 8, 13, 13, 13, 13, 13, 13, 13, 8, 7, 0, 6, 5, 13, 8, 13, 1, 13, 5, 13, 6, 13, 4, 13, 5, 13, 3, 13, 1, 13, 10, 13, 5, 13, 1, 13, 2, 13, 10, 13, 10, 13, 13, 13]",162.09979062701814
11447569,F,256,"[10, 13, 1, 13, 6, 5, 0, 3, 2, 13, 13, 13, 10, 13, 12, 13, 1, 3, 0, 1, 12, 1, 0, 12, 12, 13, 13, 13, 13, 13, 13, 13, 12, 1, 0, 12, 10, 12, 0, 10, 10, 13, 13, 13, 8, 13, 10, 13, 12, 13, 1, 13, 3, 13, 5, 13, 3, 13, 1, 13, 12, 13, 1, 13]",194.8797005648026
11447569,F,44,"[5, 5, 0, 0, 5, 13, 13, 13, 3, 13, 13, 13, 1, 13, 10, 13, 10, 13, 1, 13, 6, 5, 0, 3, 2, 13, 13, 13, 10, 13, 12, 13, 1, 3, 0, 1, 12, 13, 1, 13, 12, 13, 13, 13, 13, 13, 10, 13, 8, 13, 10, 13, 1, 13, 5, 13, 8, 13, 13, 13, 9, 13, 10, 13]",174.35325462246834
11447569,F,196,"[4, 5, 0, 6, 4, 5, 0, 6, 4, 5, 0, 5, 4, 3, 0, 2, 1, 13, 10, 13, 12, 13, 1, 13, 2, 13, 10, 13, 11, 13, 9, 13, 10, 13, 12, 13, 1, 13, 11, 13, 12, 13, 1, 13, 12, 13, 10, 13, 8, 13, 10, 13, 1, 13, 5, 8, 8, 13, 13, 13, 10, 11, 9, 10]",180.17428127029223
11447569,F,56,"[8, 13, 10, 13, 1, 13, 5, 13, 8, 13, 13, 13, 9, 13, 10, 13, 6, 13, 13, 13, 6, 6, 13, 13, 12, 13, 13, 13, 12, 13, 1, 13, 1, 13, 1, 13, 6, 13, 3, 13, 5, 13, 13, 13, 1, 13, 3, 13, 5, 6, 0, 5, 3, 5, 0, 3, 1, 3, 0, 1, 12, 1, 0, 3]",168.53222797464446
11447569,F,140,"[1, 3, 0, 1, 12, 13, 1, 13, 12, 13, 13, 13, 13, 13, 10, 13, 8, 13, 10, 13, 1, 13, 5, 13, 8, 13, 13, 13, 9, 13, 10, 13, 6, 13, 13, 13, 6, 6, 13, 13, 12, 13, 13, 13, 12, 13, 1, 13, 1, 13, 1, 13, 6, 13, 3, 13, 5, 13, 13, 13, 5, 13, 6, 13]",166.49464320148286
11447569,F,208,"[8, 13, 10, 13, 1, 13, 5, 8, 8, 13, 13, 13, 10, 11, 9, 10, 6, 13, 13, 13, 13, 13, 13, 13, 12, 13, 13, 13, 12, 13, 1, 13, 8, 0, 1, 13, 6, 13, 3, 13, 5, 13, 13, 13, 1, 13, 3, 13, 5, 6, 0, 5, 3, 5, 0, 3, 1, 3, 0, 1, 12, 1, 0, 3]",189.47078997864492
11447569,F,204,"[10, 13, 12, 13, 1, 13, 11, 13, 12, 13, 1, 13, 12, 13, 10, 13, 8, 13, 10, 13, 1, 13, 5, 8, 8, 13, 13, 13, 10, 11, 9, 10, 6, 13, 13, 13, 13, 13, 13, 13, 12, 13, 13, 13, 12, 13, 1, 13, 8, 0, 1, 13, 6, 13, 3, 13, 5, 13, 13, 13, 1, 13, 3, 13]",188.34445964818295
11447569,F,104,"[10, 13, 1, 13, 6, 5, 0, 3, 2, 13, 13, 13, 10, 13, 12, 13, 1, 3, 0, 1, 12, 1, 0, 12, 12, 13, 13, 13, 13, 13, 13, 13, 12, 1, 0, 12, 10, 12, 0, 10, 10, 13, 13, 13, 8, 13, 10, 13, 12, 13, 1, 13, 3, 13, 5, 13, 3, 13, 1, 13, 12, 13, 1, 13]",187.99817394210015
11447569,F,280,"[5, 13, 13, 13, 8, 13, 13, 13, 6, 0, 6, 13, 0, 12, 13, 13, 5, 13, 5, 13, 0, 5, 13, 13, 3, 13, 13, 13, 1, 13, 10, 13, 10, 13, 1, 13, 6, 5, 0, 3, 2, 13, 13, 13, 10, 13, 12, 13, 1, 3, 0, 1, 12, 13, 1, 13, 12, 13, 13, 13, 13, 13, 10, 13]",164.45705842832126
11447569,F,308,"[1, 3, 0, 1, 12, 13, 1, 13, 12, 13, 13, 13, 13, 13, 10, 13, 8, 13, 10, 13, 1, 13, 5, 13, 8, 13, 13, 13, 13, 13, 13, 13, 8, 13, 13, 13, 13, 13, 13, 13, 13, 13, 13, 13, 9, 13, 10, 13, 6, 13, 13, 13, 6, 13, 10, 13, 12, 13, 13, 13, 13, 13, 13, 13]",169.30641099201964
11447569,F,280,"[5, 13, 13, 13, 8, 13, 13, 13, 6, 0, 6, 13, 0, 12, 13, 13, 5, 13, 5, 13, 0, 5, 13, 13, 3, 13, 13, 13, 1, 13, 10, 13, 10, 13, 1, 13, 6, 5, 0, 3, 2, 13, 13, 13, 10, 13, 12, 13, 1, 3, 0, 1, 12, 13, 1, 13, 12, 13, 13, 13, 13, 13, 10, 13]",197.89797727901896
11447569,F,308,"[1, 3, 0, 1, 12, 13, 1, 13, 12, 13, 13, 13, 13, 13, 10, 13, 8, 13, 10, 13, 1, 13, 5, 13, 8, 13, 13, 13, 13, 13, 13, 13, 8, 13, 13, 13, 13, 13, 13, 13, 13, 13, 13, 13, 9, 13, 10, 13, 6, 13, 13, 13, 6, 13, 10, 13, 12, 13, 13, 13, 13, 13, 13, 13]",194.76787913888006
11447569,F,32,"[3, 13, 6, 13, 6, 10, 0, 1, 12, 13, 13, 13, 5, 13, 6, 13, 8, 10, 0, 8, 7, 13, 8, 13, 10, 13, 13, 13, 1, 13, 13, 13, 5, 13, 13, 13, 8, 13, 13, 13, 6, 0, 6, 13, 0, 12, 13, 13, 5, 5, 0, 0, 5, 13, 13, 13, 3, 13, 13, 13, 1, 13, 10, 13]",169.02054492736275
11447569,F,80,"[3, 13, 3, 13, 1, 12, 0, 10, 8, 13, 13, 13, 13, 13, 13, 13, 8, 13, 7, 13, 6, 13, 5, 13, 3, 13, 1, 13, 12, 13, 10, 13, 8, 13, 7, 13, 8, 13, 7, 13, 8, 13, 13, 13, 5, 13, 6, 13, 8, 10, 0, 8, 7, 13, 8, 13, 10, 13, 13, 13, 1, 13, 13, 13]",175.22708495891163
11447569,F,308,"[1, 3, 0, 1, 12, 13, 1, 13, 12, 13, 13, 13, 13, 13, 10, 13, 8, 13, 10, 13, 1, 13, 5, 13, 8, 13, 13, 13, 13, 13, 13, 13, 8, 13, 13, 13, 13, 13, 13, 13, 13, 13, 13, 13, 9, 13, 10, 13, 6, 13, 13, 13, 6, 13, 10, 13, 12, 13, 13, 13, 13, 13, 13, 13]",159.9787906772611
11447569,F,264,"[12, 1, 0, 12, 10, 12, 0, 10, 10, 13, 13, 13, 8, 13, 10, 13, 12, 13, 1, 13, 3, 13, 5, 13, 3, 13, 1, 13, 12, 13, 1, 13, 3, 13, 6, 13, 6, 10, 0, 1, 12, 13, 13, 13, 5, 13, 6, 13, 8, 10, 0, 8, 7, 13, 8, 13, 10, 13, 13, 13, 1, 13, 13, 13]",197.1116201547893
11447569,F,212,"[6, 13, 13, 13, 13, 13, 13, 13, 12, 13, 13, 13, 12, 13, 1, 13, 8, 0, 1, 13, 6, 13, 3, 13, 5, 13, 13, 13, 1, 13, 3, 13, 5, 6, 0, 5, 3, 5, 0, 3, 1, 3, 0, 1, 12, 1, 0, 3, 5, 13, 5, 13, 3, 1, 0, 12, 10, 13, 13, 13, 13, 13, 13, 13]",158.28658982448934
11447569,F,244,"[8, 10, 0, 8, 7, 13, 8, 13, 10, 13, 13, 13, 1, 13, 13, 13, 5, 13, 13, 13, 8, 13, 13, 13, 6, 0, 6, 13, 0, 12, 13, 13, 5, 13, 5, 13, 0, 5, 13, 13, 3, 13, 13, 13, 1, 13, 10, 13, 10, 13, 1, 13, 6, 5, 0, 3, 2, 13, 13, 13, 10, 13, 12, 13]",195.63990590393746
11447569,F,108,"[1, 3, 0, 1, 12, 1, 0, 12, 12, 13, 13, 13, 13, 13, 13, 13, 12, 1, 0, 12, 10, 12, 0, 10, 10, 13, 13, 13, 8, 13, 10, 13, 12, 13, 1, 13, 3, 13, 5, 13, 3, 13, 1, 13, 12, 13, 1, 13, 3, 13, 6, 13, 6, 10, 0, 1, 12, 13, 13, 13, 5, 13, 6, 13]",161.28547814630784
11447569,F,36,"[8, 10, 0, 8, 7, 13, 8, 13, 10, 13, 13, 13, 1, 13, 13, 13, 5, 13, 13, 13, 8, 13, 13, 13, 6, 0, 6, 13, 0, 12, 13, 13, 5, 5, 0, 0, 5, 13, 13, 13, 3, 13, 13, 13, 1, 13, 10, 13, 10, 13, 1, 13, 6, 5, 0, 3, 2, 13, 13, 13, 10, 13, 12, 13]",182.46662050170485
11447569,F,248,"[5, 13, 13, 13, 8, 13, 13, 13, 6, 0, 6, 13, 0, 12, 13, 13, 5, 13, 5, 13, 0, 5, 13, 13, 3, 13, 13, 13, 1, 13, 10, 13, 10, 13, 1, 13, 6, 5, 0, 3, 2, 13, 13, 13, 10, 13, 12, 13, 1, 3, 0, 1, 12, 1, 0, 12, 12, 13, 13, 13, 13, 13, 13, 13]",184.2048124248157
11447569,F,136,"[10, 13, 1, 13, 6, 5, 0, 3, 2, 13, 13, 13, 10, 13, 12, 13, 1, 3, 0, 1, 12, 13, 1, 13, 12, 13, 13, 13, 13, 13, 10, 13, 8, 13, 10, 13, 1, 13, 5, 13, 8, 13, 13, 13, 9, 13, 10, 13, 6, 13, 13, 13, 6, 6, 13, 13, 12, 13, 13, 13, 12, 13, 1, 13]",185.75362935241253
11447569,F,196,"[4, 5, 0, 6, 4, 5, 0, 6, 4, 5, 0, 5, 4, 3, 0, 2, 1, 13, 10, 13, 12, 13, 1, 13, 2, 13, 10, 13, 11, 13, 9, 13, 10, 13, 12, 13, 1, 13, 11, 13, 12, 13, 1, 13, 12, 13, 10, 13, 8, 13, 10, 13, 1, 13, 5, 8, 8, 13, 13, 13, 10, 11, 9, 10]",180.98724107246318
11447569,F,300,"[6, 13, 13, 13, 6, 6, 13, 13, 12, 13, 13, 13, 12, 13, 1, 13, 1, 13, 1, 13, 6, 13, 3, 13, 5, 13, 13, 13, 10, 13, 12, 13, 1, 3, 0, 1, 12, 13, 1, 13, 12, 13, 13, 13, 13, 13, 10, 13, 8, 13, 10, 13, 1, 13, 5, 13, 8, 13, 13, 13, 13, 13, 13, 13]",198.38629423173725
11447569,F,192,"[8, 13, 8, 13, 8, 13, 13, 13, 6, 8, 0, 9, 10, 1, 0, 3, 4, 5, 0, 6, 4, 5, 0, 6, 4, 5, 0, 5, 4, 3, 0, 2, 1, 13, 10, 13, 12, 13, 1, 13, 2, 13, 10, 13, 11, 13, 9, 13, 10, 13, 12, 13, 1, 13, 11, 13, 12, 13, 1, 13, 12, 13, 10, 13]",175.91650012115196
6563956,E-,140,"[5, 13, 13, 13, 5, 13, 13, 13, 3, 13, 13, 13, 3, 13, 13, 13, 1, 13, 13, 13, 13, 13, 13, 13, 0, 0, 8, 13, 10, 13, 8, 13, 1, 13, 13, 13, 1, 13, 1, 13, 1, 13, 13, 13, 10, 13, 8, 13, 1, 13, 1, 13, 1, 13, 1, 13, 1, 13, 13, 13, 0, 0, 8, 13]",26.08165099191754
6563956,E-,156,"[1, 13, 1, 13, 1, 13, 13, 13, 1, 13, 13, 13, 10, 13, 8, 13, 1, 13, 1, 13, 1, 13, 1, 13, 1, 13, 13, 13, 0, 0, 0, 0, 1, 13, 1, 13, 1, 13, 13, 13, 1, 13, 1, 13, 8, 13, 13, 13, 10, 13, 10, 13, 1, 13, 10, 13, 8, 13, 13, 13, 0, 0, 0, 0]",0.5854640958795585
6563956,E-,60,"[1, 13, 1, 13, 1, 13, 1, 13, 1, 13, 13, 13, 0, 0, 0, 0, 1, 13, 1, 13, 1, 13, 13, 13, 1, 13, 1, 13, 8, 13, 13, 13, 10, 13, 10, 13, 1, 13, 10, 13, 8, 13, 13, 13, 0, 0, 0, 0, 5, 13, 13, 13, 5, 13, 13, 13, 3, 13, 13, 13, 3, 13, 13, 13]",24.095017110406133
6563956,E-,124,"[5, 13, 13, 13, 5, 13, 13, 13, 3, 13, 13, 13, 3, 13, 13, 13, 1, 13, 13, 13, 13, 13, 13, 13, 0, 0, 0, 0, 0, 0, 0, 0, 1, 13, 1, 13, 1, 13, 13, 13, 1, 13, 1, 13, 8, 13, 13, 13, 10, 13, 10, 13, 1, 13, 10, 13, 8, 13, 13, 13, 0, 0, 0, 0]",26.465811697103106
6563956,E-,148,"[1, 13, 13, 13, 1, 13, 1, 13, 1, 13, 13, 13, 10, 13, 8, 13, 1, 13, 1, 13, 1, 13, 1, 13, 1, 13, 13, 13, 0, 0, 8, 13, 1, 13, 1, 13, 1, 13, 13, 13, 1, 13, 13, 13, 10, 13, 8, 13, 1, 13, 1, 13, 1, 13, 1, 13, 1, 13, 13, 13, 0, 0, 0, 0]",22.712579643153788
6563956,E-,140,"[5, 13, 13, 13, 5, 13, 13, 13, 3, 13, 13, 13, 3, 13, 13, 13, 1, 13, 13, 13, 13, 13, 13, 13, 0, 0, 8, 13, 10, 13, 8, 13, 1, 13, 13, 13, 1, 13, 1, 13, 1, 13, 13, 13, 10, 13, 8, 13, 1, 13, 1, 13, 1, 13, 1, 13, 1, 13, 13, 13, 0, 0, 8, 13]",23.55259301611241
6563956,E-,44,"[1, 13, 13, 13, 13, 13, 13, 13, 0, 0, 8, 13, 10, 13, 8, 13, 1, 13, 13, 13, 1, 13, 1, 13, 1, 13, 13, 13, 10, 13, 8, 13, 1, 13, 1, 13, 1, 13, 1, 13, 1, 13, 13, 13, 0, 0, 8, 13, 1, 13, 1, 13, 1, 13, 13, 13, 1, 13, 13, 13, 10, 13, 8, 13]",5.263477377922385
6563956,E-,124,"[5, 13, 13, 13, 5, 13, 13, 13, 3, 13, 13, 13, 3, 13, 13, 13, 1, 13, 13, 13, 13, 13, 13, 13, 0, 0, 0, 0, 0, 0, 0, 0, 1, 13, 1, 13, 1, 13, 13, 13, 1, 13, 1, 13, 8, 13, 13, 13, 10, 13, 10, 13, 1, 13, 10, 13, 8, 13, 13, 13, 0, 0, 0, 0]",23.2099144528013
6563956,E-,128,"[1, 13, 13, 13, 13, 13, 13, 13, 0, 0, 0, 0, 0, 0, 0, 0, 1, 13, 1, 13, 1, 13, 13, 13, 1, 13, 1, 13, 8, 13, 13, 13, 10, 13, 10, 13, 1, 13, 10, 13, 8, 13, 13, 13, 0, 0, 0, 0, 5, 13, 13, 13, 5, 13, 13, 13, 3, 13, 13, 13, 3, 13, 13, 13]",25.782709034713235
6563956,E-,16,"[1, 13, 1, 13, 1, 13, 13, 13, 1, 13, 1, 13, 8, 13, 13, 13, 10, 13, 10, 13, 1, 13, 10, 13, 8, 13, 13, 13, 0, 0, 0, 0, 5, 13, 13, 13, 5, 13, 13, 13, 3, 13, 13, 13, 3, 13, 13, 13, 1, 13, 13, 13, 13, 13, 13, 13, 0, 0, 0, 0, 0, 0, 0, 0]",40.09314619572293
6563956,E-,120,"[10, 13, 10, 13, 1, 13, 10, 13, 8, 13, 13, 13, 0, 0, 0, 0, 5, 13, 13, 13, 5, 13, 13, 13, 3, 13, 13, 13, 3, 13, 13, 13, 1, 13, 13, 13, 13, 13, 13, 13, 0, 0, 0, 0, 0, 0, 0, 0, 1, 13, 1, 13, 1, 13, 13, 13, 1, 13, 1, 13, 8, 13, 13, 13]",2.5901336912494344
6563956,E-,36,"[10, 13, 10, 13, 1, 13, 10, 13, 8, 13, 13, 13, 0, 0, 0, 0, 5, 13, 13, 13, 5, 13, 13, 13, 3, 13, 13, 13, 3, 13, 13, 13, 1, 13, 13, 13, 13, 13, 13, 13, 0, 0, 8, 13, 10, 13, 8, 13, 1, 13, 13, 13, 1, 13, 1, 13, 1, 13, 13, 13, 10, 13, 8, 13]",42.39991399822231
7037818,E,132,"[0, 0, 0, 0, 0, 0, 0, 0, 0, 0, 0, 0, 0, 0, 8, 8, 11, 13, 8, 13, 11, 13, 13, 13, 0, 0, 0, 0, 0, 0, 8, 6, 8, 13, 8, 13, 8, 13, 13, 13, 0, 0, 0, 0, 0, 0, 0, 0, 8, 13, 8, 8, 8, 13, 0, 0, 0, 0, 0, 0, 0, 0, 0, 0]",117.2932157955538
7037818,E,280,"[0, 0, 11, 13, 0, 11, 13, 11, 11, 13, 0, 0, 8, 13, 6, 13, 0, 0, 11, 13, 0, 11, 13, 0, 11, 13, 0, 0, 8, 13, 6, 13, 0, 6, 8, 6, 8, 13, 13, 13, 0, 0, 0, 0, 0, 0, 0, 0, 0, 0, 0, 0, 0, 0, 8, 13, 0, 0, 0, 0, 0, 0, 0, 0]",112.69455965448827
7037818,E,68,"[0, 0, 0, 0, 0, 0, 0, 0, 0, 0, 0, 0, 0, 0, 8, 8, 11, 13, 8, 13, 11, 13, 13, 13, 0, 0, 0, 0, 0, 0, 8, 6, 8, 13, 8, 13, 8, 13, 13, 13, 0, 0, 0, 0, 0, 0, 0, 0, 8, 8, 8, 8, 8, 13, 0, 0, 0, 0, 0, 0, 0, 0, 0, 0]",126.17445219231504
12796369,A,220,"[8, 0, 8, 13, 10, 8, 13, 1, 1, 13, 12, 13, 8, 13, 10, 13, 10, 0, 1, 13, 3, 13, 13, 1, 1, 13, 12, 13, 8, 13, 13, 13, 8, 0, 1, 13, 3, 1, 13, 8, 8, 13, 7, 13, 3, 13, 5, 13, 5, 0, 0, 0, 0, 0, 0, 0, 0, 0, 0, 0, 0, 0, 0, 0]",119.96159966091571
12796369,A,220,"[8, 0, 8, 13, 10, 8, 13, 1, 1, 13, 12, 13, 8, 13, 10, 13, 10, 0, 1, 13, 3, 13, 13, 1, 1, 13, 12, 13, 8, 13, 13, 13, 8, 0, 1, 13, 3, 1, 13, 8, 8, 13, 7, 13, 3, 13, 5, 13, 5, 0, 0, 0, 0, 0, 0, 0, 0, 0, 0, 0, 0, 0, 0, 0]",114.36196140070463
12796369,A,412,"[10, 0, 1, 13, 3, 13, 13, 1, 1, 13, 12, 13, 8, 13, 13, 13, 8, 0, 1, 13, 3, 1, 13, 8, 8, 13, 7, 13, 3, 13, 5, 13, 5, 0, 12, 13, 12, 13, 13, 12, 12, 13, 3, 13, 12, 13, 13, 13, 12, 0, 12, 13, 12, 13, 13, 12, 12, 13, 10, 13, 8, 13, 13, 13]",103.48687683688861
12796369,A,188,"[8, 0, 8, 13, 10, 8, 13, 1, 1, 13, 12, 13, 8, 13, 10, 13, 10, 0, 1, 13, 3, 13, 13, 1, 1, 13, 12, 13, 8, 13, 13, 13, 8, 0, 1, 13, 3, 1, 13, 8, 8, 13, 7, 13, 3, 13, 5, 13, 5, 0, 12, 13, 12, 13, 13, 12, 12, 13, 3, 13, 12, 13, 13, 13]",136.9837064005476
12796369,A,380,"[10, 0, 1, 13, 3, 13, 13, 1, 1, 13, 12, 13, 8, 13, 13, 13, 8, 0, 1, 13, 3, 1, 13, 8, 8, 13, 7, 13, 3, 13, 5, 13, 5, 0, 12, 13, 12, 13, 13, 12, 12, 13, 3, 13, 12, 13, 13, 13, 12, 0, 12, 13, 12, 13, 13, 12, 12, 13, 10, 13, 8, 13, 13, 13]",133.4311216632738
12796369,A,180,"[12, 0, 1, 13, 1, 13, 13, 1, 1, 13, 12, 13, 8, 13, 10, 13, 10, 0, 10, 13, 10, 13, 13, 10, 10, 13, 12, 13, 10, 13, 8, 13, 8, 0, 8, 13, 10, 8, 13, 1, 1, 13, 12, 13, 8, 13, 10, 13, 10, 0, 1, 13, 3, 13, 13, 1, 1, 13, 12, 13, 8, 13, 13, 13]",101.30590813855211
12796369,A,212,"[12, 0, 1, 13, 1, 13, 13, 1, 1, 13, 12, 13, 8, 13, 10, 13, 10, 0, 10, 13, 10, 13, 13, 10, 10, 13, 12, 13, 10, 13, 8, 13, 8, 0, 8, 13, 10, 8, 13, 1, 1, 13, 12, 13, 8, 13, 10, 13, 10, 0, 1, 13, 3, 13, 13, 1, 1, 13, 12, 13, 8, 13, 13, 13]",122.9649969111988
12796369,A,360,"[12, 0, 12, 13, 12, 13, 13, 12, 12, 13, 10, 13, 8, 13, 13, 13, 8, 0, 12, 13, 12, 13, 13, 12, 12, 13, 3, 13, 12, 13, 13, 13, 12, 0, 1, 13, 1, 13, 13, 1, 1, 13, 12, 13, 8, 13, 10, 13, 10, 0, 10, 13, 10, 13, 13, 10, 10, 13, 12, 13, 10, 13, 8, 13]",98.74573855634111
12796369,A,156,"[8, 0, 8, 13, 10, 8, 13, 1, 1, 13, 12, 13, 8, 13, 10, 13, 10, 0, 1, 13, 3, 13, 13, 1, 1, 13, 12, 13, 8, 13, 13, 13, 8, 0, 1, 13, 3, 1, 13, 8, 8, 13, 7, 13, 3, 13, 5, 13, 5, 0, 12, 13, 12, 13, 13, 12, 12, 13, 3, 13, 12, 13, 13, 13]",110.06810882384738
12796369,A,212,"[12, 0, 1, 13, 1, 13, 13, 1, 1, 13, 12, 13, 8, 13, 10, 13, 10, 0, 10, 13, 10, 13, 13, 10, 10, 13, 12, 13, 10, 13, 8, 13, 8, 0, 8, 13, 10, 8, 13, 1, 1, 13, 12, 13, 8, 13, 10, 13, 10, 0, 1, 13, 3, 13, 13, 1, 1, 13, 12, 13, 8, 13, 13, 13]",107.67296602344146
12796369,A,388,"[5, 0, 12, 13, 12, 13, 13, 12, 12, 13, 3, 13, 12, 13, 13, 13, 12, 0, 12, 13, 12, 13, 13, 12, 12, 13, 10, 13, 8, 13, 13, 13, 8, 0, 12, 13, 12, 13, 13, 12, 12, 13, 3, 13, 12, 13, 13, 13, 12, 0, 1, 13, 1, 13, 13, 1, 1, 13, 12, 13, 8, 13, 10, 13]",117.66565328673138
12796369,A,212,"[12, 0, 1, 13, 1, 13, 13, 1, 1, 13, 12, 13, 8, 13, 10, 13, 10, 0, 10, 13, 10, 13, 13, 10, 10, 13, 12, 13, 10, 13, 8, 13, 8, 0, 8, 13, 10, 8, 13, 1, 1, 13, 12, 13, 8, 13, 10, 13, 10, 0, 1, 13, 3, 13, 13, 1, 1, 13, 12, 13, 8, 13, 13, 13]",132.0739341954233
12796369,A,212,"[12, 0, 1, 13, 1, 13, 13, 1, 1, 13, 12, 13, 8, 13, 10, 13, 10, 0, 10, 13, 10, 13, 13, 10, 10, 13, 12, 13, 10, 13, 8, 13, 8, 0, 8, 13, 10, 8, 13, 1, 1, 13, 12, 13, 8, 13, 10, 13, 10, 0, 1, 13, 3, 13, 13, 1, 1, 13, 12, 13, 8, 13, 13, 13]",116.66151491766061
12796369,A,372,"[10, 0, 10, 13, 10, 13, 13, 10, 10, 13, 12, 13, 10, 13, 8, 13, 8, 0, 8, 13, 10, 8, 13, 1, 1, 13, 12, 13, 8, 13, 10, 13, 10, 0, 1, 13, 3, 13, 13, 1, 1, 13, 12, 13, 8, 13, 13, 13, 8, 0, 1, 13, 3, 1, 13, 8, 8, 13, 7, 13, 3, 13, 5, 13]",99.15154211815687
12796369,A,380,"[10, 0, 1, 13, 3, 13, 13, 1, 1, 13, 12, 13, 8, 13, 13, 13, 8, 0, 1, 13, 3, 1, 13, 8, 8, 13, 7, 13, 3, 13, 5, 13, 5, 0, 12, 13, 12, 13, 13, 12, 12, 13, 3, 13, 12, 13, 13, 13, 12, 0, 12, 13, 12, 13, 13, 12, 12, 13, 10, 13, 8, 13, 13, 13]",117.05830062254714
12796369,A,208,"[8, 0, 12, 13, 12, 13, 13, 12, 12, 13, 3, 13, 12, 13, 13, 13, 12, 0, 1, 13, 1, 13, 13, 1, 1, 13, 12, 13, 8, 13, 10, 13, 10, 0, 10, 13, 10, 13, 13, 10, 10, 13, 12, 13, 10, 13, 8, 13, 8, 0, 8, 13, 10, 8, 13, 1, 1, 13, 12, 13, 8, 13, 10, 13]",117.50829168331619
12796369,A,396,"[8, 0, 12, 13, 12, 13, 13, 12, 12, 13, 3, 13, 12, 13, 13, 13, 12, 0, 1, 13, 1, 13, 13, 1, 1, 13, 12, 13, 8, 13, 10, 13, 10, 0, 10, 13, 10, 13, 13, 10, 10, 13, 12, 13, 10, 13, 8, 13, 8, 0, 8, 13, 10, 8, 13, 1, 1, 13, 12, 13, 8, 13, 10, 13]",131.40886724689193
12796369,A,176,"[8, 0, 12, 13, 12, 13, 13, 12, 12, 13, 3, 13, 12, 13, 13, 13, 12, 0, 1, 13, 1, 13, 13, 1, 1, 13, 12, 13, 8, 13, 10, 13, 10, 0, 10, 13, 10, 13, 13, 10, 10, 13, 12, 13, 10, 13, 8, 13, 8, 0, 8, 13, 10, 8, 13, 1, 1, 13, 12, 13, 8, 13, 10, 13]",113.56478284815988
12796369,A,216,"[10, 0, 10, 13, 10, 13, 13, 10, 10, 13, 12, 13, 10, 13, 8, 13, 8, 0, 8, 13, 10, 8, 13, 1, 1, 13, 12, 13, 8, 13, 10, 13, 10, 0, 1, 13, 3, 13, 13, 1, 1, 13, 12, 13, 8, 13, 13, 13, 8, 0, 1, 13, 3, 1, 13, 8, 8, 13, 7, 13, 3, 13, 5, 13]",136.80515283334867
12796369,A,392,"[12, 0, 12, 13, 12, 13, 13, 12, 12, 13, 10, 13, 8, 13, 13, 13, 8, 0, 12, 13, 12, 13, 13, 12, 12, 13, 3, 13, 12, 13, 13, 13, 12, 0, 1, 13, 1, 13, 13, 1, 1, 13, 12, 13, 8, 13, 10, 13, 10, 0, 10, 13, 10, 13, 13, 10, 10, 13, 12, 13, 10, 13, 8, 13]",102.64010007123304
12796369,A,56,"[0, 0, 0, 0, 0, 0, 0, 0, 0, 0, 0, 0, 0, 0, 8, 13, 8, 13, 10, 13, 13, 13, 12, 13, 12, 13, 0, 0, 0, 0, 12, 13, 12, 13, 10, 13, 13, 13, 8, 13, 8, 13, 0, 0, 0, 0, 3, 13, 3, 13, 7, 13, 13, 13, 5, 13, 5, 13, 13, 13, 0, 0, 0, 0]",95.70987702111272
12796369,A,136,"[0, 0, 12, 13, 12, 13, 13, 12, 12, 13, 3, 13, 12, 13, 13, 13, 12, 0, 12, 13, 12, 13, 13, 12, 12, 13, 10, 13, 8, 13, 13, 13, 8, 0, 12, 13, 12, 13, 13, 12, 12, 13, 3, 13, 12, 13, 13, 13, 12, 0, 1, 13, 1, 13, 13, 1, 1, 13, 12, 13, 8, 13, 10, 13]",131.34889849831248
12796369,A,140,"[12, 0, 12, 13, 12, 13, 13, 12, 12, 13, 10, 13, 8, 13, 13, 13, 8, 0, 12, 13, 12, 13, 13, 12, 12, 13, 3, 13, 12, 13, 13, 13, 12, 0, 1, 13, 1, 13, 13, 1, 1, 13, 12, 13, 8, 13, 10, 13, 10, 0, 10, 13, 10, 13, 13, 10, 10, 13, 12, 13, 10, 13, 8, 13]",130.4831842331055
12796369,A,164,"[8, 0, 1, 13, 3, 1, 13, 8, 8, 13, 7, 13, 3, 13, 5, 13, 5, 0, 12, 13, 12, 13, 13, 12, 12, 13, 3, 13, 12, 13, 13, 13, 12, 0, 12, 13, 12, 13, 13, 12, 12, 13, 10, 13, 8, 13, 13, 13, 8, 0, 12, 13, 12, 13, 13, 12, 12, 13, 3, 13, 12, 13, 13, 13]",102.56885900149204
12796369,A,420,"[5, 0, 12, 13, 12, 13, 13, 12, 12, 13, 3, 13, 12, 13, 13, 13, 12, 0, 12, 13, 12, 13, 13, 12, 12, 13, 10, 13, 8, 13, 13, 13, 8, 0, 12, 13, 12, 13, 13, 12, 12, 13, 3, 13, 12, 13, 13, 13, 12, 0, 1, 13, 1, 13, 13, 1, 1, 13, 12, 13, 8, 13, 10, 13]",121.74713533290503
12796369,A,164,"[8, 0, 1, 13, 3, 1, 13, 8, 8, 13, 7, 13, 3, 13, 5, 13, 5, 0, 12, 13, 12, 13, 13, 12, 12, 13, 3, 13, 12, 13, 13, 13, 12, 0, 12, 13, 12, 13, 13, 12, 12, 13, 10, 13, 8, 13, 13, 13, 8, 0, 12, 13, 12, 13, 13, 12, 12, 13, 3, 13, 12, 13, 13, 13]",114.677586393228
7462967,D,84,"[8, 13, 13, 13, 13, 13, 13, 13, 0, 0, 0, 0, 0, 0, 0, 0, 1, 13, 11, 13, 13, 13, 11, 13, 13, 13, 0, 0, 0, 0, 0, 0, 1, 13, 11, 13, 13, 13, 9, 13, 13, 13, 0, 0, 1, 13, 13, 13, 1, 13, 13, 13, 0, 0, 0, 0, 0, 0, 0, 0, 0, 0, 0, 0]",16.62913335868899
7462967,D,236,"[9, 13, 13, 13, 13, 13, 13, 13, 13, 13, 13, 13, 13, 13, 13, 13, 8, 13, 13, 13, 13, 13, 13, 13, 13, 13, 13, 13, 13, 13, 13, 13, 6, 13, 13, 13, 13, 13, 13, 13, 4, 13, 13, 13, 13, 13, 13, 13, 9, 13, 13, 13, 13, 13, 13, 13, 13, 13, 13, 13, 13, 13, 13, 13]",45.988570163213055
7462967,D,280,"[1, 13, 13, 13, 13, 13, 13, 13, 0, 0, 0, 0, 0, 0, 0, 0, 9, 13, 11, 13, 13, 13, 8, 13, 13, 13, 0, 0, 6, 13, 13, 13, 11, 13, 9, 13, 13, 13, 9, 13, 13, 13, 0, 0, 0, 0, 0, 0, 8, 13, 9, 13, 13, 13, 9, 13, 13, 13, 0, 0, 0, 0, 0, 0]",17.875401186309873
7462967,D,4,"[8, 13, 13, 13, 0, 0, 9, 13, 0, 0, 0, 0, 4, 13, 13, 13, 1, 13, 13, 13, 13, 13, 13, 13, 0, 0, 0, 0, 0, 0, 0, 0, 8, 13, 13, 13, 0, 0, 9, 13, 0, 0, 0, 0, 1, 13, 13, 13, 9, 13, 13, 13, 13, 13, 13, 13, 0, 0, 0, 0, 0, 0, 0, 0]",30.153213395469024
7462967,D,320,"[8, 13, 13, 13, 8, 13, 8, 13, 13, 13, 8, 13, 8, 13, 13, 13, 8, 13, 13, 13, 13, 13, 13, 13, 0, 0, 0, 0, 0, 0, 0, 0, 9, 13, 13, 13, 9, 13, 9, 13, 13, 13, 0, 0, 6, 13, 13, 13, 11, 13, 13, 13, 11, 13, 1, 13, 13, 13, 11, 13, 9, 13, 0, 0]",15.212428035105518
7462967,D,12,"[8, 13, 13, 13, 0, 0, 9, 13, 0, 0, 0, 0, 1, 13, 13, 13, 9, 13, 13, 13, 13, 13, 13, 13, 0, 0, 0, 0, 0, 0, 0, 0, 8, 13, 13, 13, 13, 13, 13, 13, 9, 13, 13, 13, 13, 13, 13, 13, 1, 13, 13, 13, 13, 13, 13, 13, 13, 13, 13, 13, 13, 13, 13, 13]",28.319432188908223
7462967,D,28,"[9, 13, 13, 13, 13, 13, 13, 13, 13, 13, 13, 13, 13, 13, 13, 13, 8, 13, 13, 13, 13, 13, 13, 13, 13, 13, 13, 13, 13, 13, 13, 13, 6, 13, 13, 13, 13, 13, 13, 13, 4, 13, 13, 13, 13, 13, 13, 13, 9, 13, 13, 13, 13, 13, 13, 13, 13, 13, 13, 13, 13, 13, 13, 13]",6.236955033433745
7462967,D,316,"[11, 13, 13, 13, 11, 13, 11, 13, 13, 13, 0, 0, 0, 0, 0, 0, 8, 13, 13, 13, 8, 13, 8, 13, 13, 13, 8, 13, 8, 13, 13, 13, 8, 13, 13, 13, 13, 13, 13, 13, 0, 0, 0, 0, 0, 0, 0, 0, 9, 13, 13, 13, 9, 13, 9, 13, 13, 13, 0, 0, 6, 13, 13, 13]",10.337825472005278
7462967,D,428,"[8, 13, 13, 13, 8, 13, 8, 13, 13, 13, 8, 13, 8, 13, 13, 13, 8, 13, 13, 13, 13, 13, 13, 13, 0, 0, 0, 0, 0, 0, 0, 0, 9, 13, 13, 13, 9, 13, 9, 13, 13, 13, 0, 0, 6, 13, 13, 13, 11, 13, 13, 13, 11, 13, 1, 13, 13, 13, 11, 13, 9, 13, 0, 0]",20.511771659572943
7462967,D,400,"[8, 13, 13, 13, 13, 13, 13, 13, 0, 0, 0, 0, 0, 0, 0, 0, 9, 13, 13, 13, 9, 13, 9, 13, 13, 13, 0, 0, 6, 13, 13, 13, 11, 13, 13, 13, 11, 13, 1, 13, 13, 13, 11, 13, 9, 13, 0, 0, 8, 13, 13, 13, 13, 13, 13, 13, 0, 0, 0, 0, 0, 0, 0, 0]",23.651789442334035
7462967,D,68,"[8, 13, 13, 13, 13, 13, 13, 13, 0, 0, 0, 0, 0, 0, 0, 0, 1, 13, 11, 13, 13, 13, 11, 13, 13, 13, 0, 0, 0, 0, 0, 0, 9, 13, 11, 13, 13, 13, 8, 13, 13, 13, 0, 0, 6, 13, 13, 13, 11, 13, 9, 13, 13, 13, 9, 13, 13, 13, 0, 0, 0, 0, 0, 0]",18.741115451516833
7462967,D,212,"[8, 13, 13, 13, 0, 0, 9, 13, 0, 0, 0, 0, 4, 13, 13, 13, 1, 13, 13, 13, 13, 13, 13, 13, 0, 0, 0, 0, 0, 0, 0, 0, 8, 13, 13, 13, 0, 0, 9, 13, 0, 0, 0, 0, 1, 13, 13, 13, 9, 13, 13, 13, 13, 13, 13, 13, 0, 0, 0, 0, 0, 0, 0, 0]",32.97309725724212
7462967,D,112,"[8, 13, 13, 13, 8, 13, 8, 13, 13, 13, 8, 13, 8, 13, 13, 13, 8, 13, 13, 13, 13, 13, 13, 13, 0, 0, 0, 0, 0, 0, 0, 0, 9, 13, 13, 13, 9, 13, 9, 13, 13, 13, 0, 0, 6, 13, 13, 13, 11, 13, 13, 13, 11, 13, 1, 13, 13, 13, 11, 13, 9, 13, 0, 0]",36.303391821210155
7462967,D,428,"[8, 13, 13, 13, 8, 13, 8, 13, 13, 13, 8, 13, 8, 13, 13, 13, 8, 13, 13, 13, 13, 13, 13, 13, 0, 0, 0, 0, 0, 0, 0, 0, 9, 13, 13, 13, 9, 13, 9, 13, 13, 13, 0, 0, 6, 13, 13, 13, 11, 13, 13, 13, 11, 13, 1, 13, 13, 13, 11, 13, 9, 13, 0, 0]",34.045320446128656
7462967,D,432,"[8, 13, 13, 13, 13, 13, 13, 13, 0, 0, 0, 0, 0, 0, 0, 0, 9, 13, 13, 13, 9, 13, 9, 13, 13, 13, 0, 0, 6, 13, 13, 13, 11, 13, 13, 13, 11, 13, 1, 13, 13, 13, 11, 13, 9, 13, 0, 0, 1, 13, 13, 13, 13, 13, 13, 13, 13, 13, 13, 13, 13, 13, 13, 13]",36.800726630857696
7462967,D,144,"[8, 13, 13, 13, 8, 13, 8, 13, 13, 13, 8, 13, 8, 13, 13, 13, 8, 13, 13, 13, 13, 13, 13, 13, 0, 0, 0, 0, 0, 0, 0, 0, 9, 13, 13, 13, 9, 13, 9, 13, 13, 13, 0, 0, 6, 13, 13, 13, 11, 13, 13, 13, 11, 13, 1, 13, 13, 13, 11, 13, 9, 13, 0, 0]",15.54789231287323
7462967,D,344,"[9, 13, 13, 13, 9, 13, 9, 13, 13, 13, 0, 0, 6, 13, 13, 13, 11, 13, 13, 13, 11, 13, 11, 13, 13, 13, 0, 0, 0, 0, 0, 0, 8, 13, 13, 13, 8, 13, 8, 13, 13, 13, 8, 13, 8, 13, 13, 13, 8, 13, 13, 13, 13, 13, 13, 13, 0, 0, 0, 0, 0, 0, 0, 0]",17.393396733442017
7462967,D,8,"[1, 13, 13, 13, 13, 13, 13, 13, 0, 0, 0, 0, 0, 0, 0, 0, 8, 13, 13, 13, 0, 0, 9, 13, 0, 0, 0, 0, 1, 13, 13, 13, 9, 13, 13, 13, 13, 13, 13, 13, 0, 0, 0, 0, 0, 0, 0, 0, 8, 13, 13, 13, 13, 13, 13, 13, 9, 13, 13, 13, 13, 13, 13, 13]",14.269160200307113
7462967,D,28,"[9, 13, 13, 13, 13, 13, 13, 13, 13, 13, 13, 13, 13, 13, 13, 13, 8, 13, 13, 13, 13, 13, 13, 13, 13, 13, 13, 13, 13, 13, 13, 13, 6, 13, 13, 13, 13, 13, 13, 13, 4, 13, 13, 13, 13, 13, 13, 13, 9, 13, 13, 13, 13, 13, 13, 13, 13, 13, 13, 13, 13, 13, 13, 13]",15.391432495150909
7462967,D,320,"[8, 13, 13, 13, 8, 13, 8, 13, 13, 13, 8, 13, 8, 13, 13, 13, 8, 13, 13, 13, 13, 13, 13, 13, 0, 0, 0, 0, 0, 0, 0, 0, 9, 13, 13, 13, 9, 13, 9, 13, 13, 13, 0, 0, 6, 13, 13, 13, 11, 13, 13, 13, 11, 13, 1, 13, 13, 13, 11, 13, 9, 13, 0, 0]",23.78435193919384
7462967,D,272,"[11, 13, 13, 13, 13, 13, 13, 13, 0, 0, 0, 0, 0, 0, 0, 0, 8, 13, 9, 13, 13, 13, 9, 13, 13, 13, 0, 0, 0, 0, 0, 0, 1, 13, 11, 13, 13, 13, 11, 13, 13, 13, 0, 0, 0, 0, 0, 0, 9, 13, 11, 13, 13, 13, 8, 13, 13, 13, 0, 0, 6, 13, 13, 13]",7.773146961329644
7462967,D,108,"[11, 13, 13, 13, 11, 13, 11, 13, 13, 13, 0, 0, 0, 0, 0, 0, 8, 13, 13, 13, 8, 13, 8, 13, 13, 13, 8, 13, 8, 13, 13, 13, 8, 13, 13, 13, 13, 13, 13, 13, 0, 0, 0, 0, 0, 0, 0, 0, 9, 13, 13, 13, 9, 13, 9, 13, 13, 13, 0, 0, 6, 13, 13, 13]",34.12828472987765
7462967,D,148,"[8, 13, 13, 13, 13, 13, 13, 13, 0, 0, 0, 0, 0, 0, 0, 0, 9, 13, 13, 13, 9, 13, 9, 13, 13, 13, 0, 0, 6, 13, 13, 13, 11, 13, 13, 13, 11, 13, 1, 13, 13, 13, 11, 13, 9, 13, 0, 0, 1, 13, 13, 13, 13, 13, 13, 13, 1, 13, 13, 13, 13, 13, 13, 13]",42.31379346454808
7462967,D,392,"[11, 13, 13, 13, 11, 13, 11, 13, 13, 13, 0, 0, 0, 0, 0, 0, 8, 13, 13, 13, 8, 13, 8, 13, 13, 13, 8, 13, 8, 13, 13, 13, 8, 13, 13, 13, 13, 13, 13, 13, 0, 0, 0, 0, 0, 0, 0, 0, 9, 13, 13, 13, 9, 13, 9, 13, 13, 13, 0, 0, 6, 13, 13, 13]",15.420289637324501
7462967,D,432,"[8, 13, 13, 13, 13, 13, 13, 13, 0, 0, 0, 0, 0, 0, 0, 0, 9, 13, 13, 13, 9, 13, 9, 13, 13, 13, 0, 0, 6, 13, 13, 13, 11, 13, 13, 13, 11, 13, 1, 13, 13, 13, 11, 13, 9, 13, 0, 0, 1, 13, 13, 13, 13, 13, 13, 13, 13, 13, 13, 13, 13, 13, 13, 13]",16.822115496974718
7462967,D,116,"[8, 13, 13, 13, 13, 13, 13, 13, 0, 0, 0, 0, 0, 0, 0, 0, 9, 13, 13, 13, 9, 13, 9, 13, 13, 13, 0, 0, 6, 13, 13, 13, 11, 13, 13, 13, 11, 13, 1, 13, 13, 13, 11, 13, 9, 13, 0, 0, 8, 13, 13, 13, 13, 13, 13, 13, 0, 0, 0, 0, 0, 0, 0, 0]",3.8395577687955154
7462967,D,224,"[9, 13, 13, 13, 13, 13, 13, 13, 0, 0, 0, 0, 0, 0, 0, 0, 8, 13, 13, 13, 13, 13, 13, 13, 9, 13, 13, 13, 13, 13, 13, 13, 1, 13, 13, 13, 13, 13, 13, 13, 13, 13, 13, 13, 13, 13, 13, 13, 9, 13, 13, 13, 13, 13, 13, 13, 13, 13, 13, 13, 13, 13, 13, 13]",19.22492347577051
7462967,D,216,"[1, 13, 13, 13, 13, 13, 13, 13, 0, 0, 0, 0, 0, 0, 0, 0, 8, 13, 13, 13, 0, 0, 9, 13, 0, 0, 0, 0, 1, 13, 13, 13, 9, 13, 13, 13, 13, 13, 13, 13, 0, 0, 0, 0, 0, 0, 0, 0, 8, 13, 13, 13, 13, 13, 13, 13, 9, 13, 13, 13, 13, 13, 13, 13]",15.863968198243057
7462967,D,64,"[11, 13, 13, 13, 13, 13, 13, 13, 0, 0, 0, 0, 0, 0, 0, 0, 8, 13, 9, 13, 13, 13, 9, 13, 13, 13, 0, 0, 0, 0, 0, 0, 1, 13, 11, 13, 13, 13, 11, 13, 13, 13, 0, 0, 0, 0, 0, 0, 9, 13, 11, 13, 13, 13, 8, 13, 13, 13, 0, 0, 6, 13, 13, 13]",21.637651097188453
29555519,D,336,"[0, 0, 0, 0, 0, 0, 0, 0, 1, 13, 13, 13, 10, 13, 13, 13, 11, 13, 0, 0, 10, 13, 10, 8, 13, 8, 13, 0, 0, 0, 0, 0, 0, 0, 0, 0, 10, 10, 13, 0, 11, 13, 11, 13, 13, 13, 11, 0, 1, 13, 1, 0, 10, 13, 13, 13, 13, 13, 10, 13, 0, 0, 0, 0]",-39.52957066814807
29555519,D,172,"[1, 0, 3, 13, 3, 13, 11, 13, 11, 0, 0, 1, 13, 13, 1, 0, 0, 0, 3, 13, 13, 10, 13, 10, 13, 0, 0, 0, 8, 13, 8, 6, 6, 13, 10, 13, 10, 0, 0, 0, 0, 10, 10, 13, 13, 13, 0, 0, 11, 13, 11, 13, 0, 0, 1, 13, 13, 11, 13, 0, 0, 0, 0, 0]",-5.33115183539428
29555519,D,140,"[0, 8, 13, 8, 6, 13, 13, 13, 6, 13, 13, 13, 0, 0, 0, 0, 10, 13, 10, 13, 13, 13, 13, 13, 13, 8, 8, 13, 8, 13, 0, 0, 8, 8, 13, 13, 13, 13, 13, 13, 13, 13, 13, 13, 13, 13, 13, 13, 8, 0, 0, 0, 0, 0, 0, 0, 0, 0, 0, 0, 0, 0, 0, 0]",-40.92192777802262
29555519,D,136,"[0, 0, 0, 0, 0, 10, 13, 13, 10, 13, 10, 0, 11, 13, 11, 13, 0, 8, 13, 8, 6, 13, 13, 13, 6, 13, 13, 13, 0, 0, 0, 0, 10, 13, 10, 13, 13, 13, 13, 13, 13, 8, 8, 13, 8, 13, 0, 0, 8, 8, 13, 13, 13, 13, 13, 13, 13, 13, 13, 13, 13, 13, 13, 13]",-11.789740968115382
29555519,D,160,"[0, 0, 0, 0, 0, 0, 0, 3, 13, 3, 13, 0, 1, 13, 13, 13, 11, 13, 1, 1, 13, 0, 0, 0, 11, 13, 13, 13, 11, 10, 13, 13, 0, 0, 11, 13, 11, 13, 0, 0, 0, 0, 0, 12, 13, 1, 13, 13, 1, 0, 3, 13, 3, 13, 11, 13, 11, 0, 0, 1, 13, 13, 1, 0]",-13.086508794539995
29555519,D,120,"[3, 3, 0, 0, 0, 0, 0, 0, 0, 0, 0, 0, 0, 0, 0, 0, 11, 13, 11, 13, 13, 13, 13, 13, 0, 0, 10, 13, 13, 13, 13, 13, 10, 13, 0, 0, 0, 0, 0, 0, 0, 0, 10, 13, 13, 13, 13, 13, 10, 13, 6, 13, 6, 6, 13, 13, 13, 0, 0, 0, 0, 0, 0, 0]",-12.151807923824336
29555519,D,264,"[3, 13, 3, 0, 1, 13, 1, 13, 0, 0, 11, 13, 13, 0, 0, 11, 11, 13, 10, 13, 10, 13, 13, 0, 6, 13, 6, 0, 4, 13, 13, 4, 4, 0, 0, 0, 6, 13, 13, 0, 11, 13, 13, 13, 11, 13, 13, 13, 11, 13, 6, 13, 10, 13, 0, 0, 11, 13, 13, 11, 13, 0, 8, 13]",-25.357106718155762
29555519,D,92,"[0, 3, 3, 13, 13, 0, 0, 1, 13, 1, 13, 1, 13, 13, 13, 1, 1, 0, 0, 0, 6, 6, 13, 13, 13, 0, 0, 0, 4, 13, 13, 4, 3, 13, 13, 13, 0, 0, 1, 13, 13, 3, 13, 3, 3, 13, 13, 13, 3, 0, 0, 0, 0, 0, 0, 0, 0, 0, 0, 0, 0, 0, 0, 0]",-3.7385983016906295
29555519,D,12,"[6, 13, 0, 0, 0, 0, 0, 0, 0, 0, 8, 13, 13, 13, 13, 13, 8, 0, 0, 0, 0, 3, 13, 13, 13, 13, 13, 3, 13, 0, 0, 0, 0, 0, 0, 0, 0, 0, 0, 0, 8, 8, 13, 13, 13, 6, 13, 6, 6, 0, 6, 13, 13, 0, 6, 6, 6, 13, 13, 13, 0, 0, 0, 0]",-27.406414705325375
29555519,D,164,"[11, 13, 1, 1, 13, 0, 0, 0, 11, 13, 13, 13, 11, 10, 13, 13, 0, 0, 11, 13, 11, 13, 0, 0, 0, 0, 0, 12, 13, 1, 13, 13, 1, 0, 3, 13, 3, 13, 11, 13, 11, 0, 0, 1, 13, 13, 1, 0, 0, 0, 3, 13, 13, 10, 13, 10, 13, 0, 0, 0, 8, 13, 8, 6]",-47.47204815857549
29555519,D,268,"[11, 13, 10, 13, 10, 13, 13, 0, 6, 13, 6, 0, 4, 13, 13, 4, 4, 0, 0, 0, 6, 13, 13, 0, 11, 13, 13, 13, 11, 13, 13, 13, 11, 13, 6, 13, 10, 13, 0, 0, 11, 13, 13, 11, 13, 0, 8, 13, 0, 8, 13, 8, 13, 8, 8, 13, 13, 4, 13, 0, 0, 0, 0, 0]",-38.116923380182754
29555519,D,16,"[0, 0, 0, 0, 0, 3, 13, 13, 13, 13, 13, 3, 13, 0, 0, 0, 0, 0, 0, 0, 0, 0, 0, 0, 8, 8, 13, 13, 13, 6, 13, 6, 6, 0, 6, 13, 13, 0, 6, 6, 6, 13, 13, 13, 0, 0, 0, 0, 0, 0, 8, 13, 13, 13, 8, 13, 0, 0, 0, 0, 6, 6, 13, 13]",-37.714726961138695
29555519,D,336,"[0, 0, 0, 0, 0, 0, 0, 0, 1, 13, 13, 13, 10, 13, 13, 13, 11, 13, 0, 0, 10, 13, 10, 8, 13, 8, 13, 0, 0, 0, 0, 0, 0, 0, 0, 0, 10, 10, 13, 0, 11, 13, 11, 13, 13, 13, 11, 0, 1, 13, 1, 0, 10, 13, 13, 13, 13, 13, 10, 13, 0, 0, 0, 0]",-39.118807285021234
29555519,D,180,"[6, 13, 10, 13, 10, 0, 0, 0, 0, 10, 10, 13, 13, 13, 0, 0, 11, 13, 11, 13, 0, 0, 1, 13, 13, 11, 13, 0, 0, 0, 0, 0, 10, 13, 10, 13, 0, 0, 10, 13, 10, 13, 0, 6, 13, 6, 6, 13, 0, 4, 13, 13, 4, 13, 13, 13, 13, 13, 0, 0, 0, 0, 0, 0]",-34.676610961677994
6857929,E,240,"[8, 13, 13, 13, 13, 13, 13, 13, 13, 13, 13, 13, 1, 13, 6, 13, 6, 13, 13, 13, 13, 13, 13, 13, 6, 13, 1, 13, 1, 13, 1, 13, 6, 13, 13, 13, 8, 13, 13, 13, 13, 13, 13, 13, 13, 13, 13, 13, 8, 13, 13, 13, 13, 13, 13, 13, 0, 0, 1, 13, 4, 13, 8, 13]",158.70141124323436
6857929,E,104,"[8, 13, 13, 13, 13, 13, 13, 13, 13, 13, 13, 13, 1, 13, 6, 13, 6, 13, 13, 13, 13, 13, 13, 13, 6, 13, 1, 13, 1, 13, 1, 13, 6, 13, 13, 13, 8, 13, 13, 13, 13, 13, 13, 13, 13, 13, 13, 13, 8, 13, 13, 13, 13, 13, 13, 13, 0, 0, 1, 13, 4, 13, 8, 13]",177.31787508795577
6857929,E,288,"[1, 13, 13, 13, 1, 13, 13, 13, 1, 13, 13, 13, 1, 13, 13, 13, 4, 13, 13, 13, 1, 13, 13, 13, 1, 13, 13, 13, 1, 13, 13, 13, 1, 13, 13, 13, 4, 13, 13, 13, 4, 13, 13, 13, 6, 13, 8, 13, 8, 13, 13, 13, 13, 13, 13, 13, 0, 0, 0, 0, 0, 0, 0, 0]",186.9584150381589
6857929,E,244,"[6, 13, 13, 13, 13, 13, 13, 13, 6, 13, 1, 13, 1, 13, 1, 13, 6, 13, 13, 13, 8, 13, 13, 13, 13, 13, 13, 13, 13, 13, 13, 13, 8, 13, 13, 13, 13, 13, 13, 13, 0, 0, 1, 13, 4, 13, 8, 13, 8, 13, 13, 13, 13, 13, 13, 13, 8, 13, 1, 13, 1, 13, 6, 13]",181.7677365896888
6857929,E,104,"[8, 13, 13, 13, 13, 13, 13, 13, 13, 13, 13, 13, 1, 13, 6, 13, 6, 13, 13, 13, 13, 13, 13, 13, 6, 13, 1, 13, 1, 13, 1, 13, 6, 13, 13, 13, 8, 13, 13, 13, 13, 13, 13, 13, 13, 13, 13, 13, 8, 13, 13, 13, 13, 13, 13, 13, 0, 0, 1, 13, 4, 13, 8, 13]",155.1803890052129
6857929,E,148,"[4, 13, 6, 13, 1, 13, 13, 13, 0, 0, 1, 13, 4, 13, 6, 13, 1, 13, 13, 13, 1, 13, 13, 13, 1, 13, 13, 13, 1, 13, 13, 13, 4, 13, 13, 13, 1, 13, 13, 13, 1, 13, 13, 13, 1, 13, 13, 13, 1, 13, 13, 13, 4, 13, 13, 13, 4, 13, 13, 13, 6, 13, 8, 13]",170.7434064936939
6857929,E,124,"[6, 13, 13, 13, 13, 13, 13, 13, 13, 13, 13, 13, 1, 13, 1, 13, 6, 13, 13, 13, 8, 13, 13, 13, 13, 13, 13, 13, 13, 13, 13, 13, 8, 13, 13, 13, 13, 13, 13, 13, 13, 13, 13, 13, 0, 0, 0, 0, 4, 13, 13, 13, 1, 13, 13, 13, 0, 0, 0, 0, 0, 0, 1, 13]",181.89128122961938
6857929,E,116,"[8, 13, 13, 13, 13, 13, 13, 13, 0, 0, 1, 13, 4, 13, 8, 13, 8, 13, 13, 13, 13, 13, 13, 13, 8, 13, 1, 13, 1, 13, 6, 13, 6, 13, 13, 13, 13, 13, 13, 13, 13, 13, 13, 13, 1, 13, 1, 13, 6, 13, 13, 13, 8, 13, 13, 13, 13, 13, 13, 13, 13, 13, 13, 13]",169.57153598573927
6857929,E,136,"[4, 13, 13, 13, 1, 13, 13, 13, 0, 0, 0, 0, 0, 0, 1, 13, 4, 13, 6, 13, 1, 13, 13, 13, 0, 0, 0, 0, 0, 0, 1, 13, 4, 13, 4, 13, 1, 13, 13, 13, 0, 0, 0, 0, 1, 13, 1, 13, 4, 13, 6, 13, 1, 13, 13, 13, 0, 0, 1, 13, 4, 13, 6, 13]",197.7302451401351
6857929,E,120,"[8, 13, 13, 13, 13, 13, 13, 13, 8, 13, 1, 13, 1, 13, 6, 13, 6, 13, 13, 13, 13, 13, 13, 13, 13, 13, 13, 13, 1, 13, 1, 13, 6, 13, 13, 13, 8, 13, 13, 13, 13, 13, 13, 13, 13, 13, 13, 13, 8, 13, 13, 13, 13, 13, 13, 13, 13, 13, 13, 13, 0, 0, 0, 0]",159.84983532317295
6857929,E,260,"[6, 13, 13, 13, 13, 13, 13, 13, 13, 13, 13, 13, 1, 13, 1, 13, 6, 13, 13, 13, 8, 13, 13, 13, 13, 13, 13, 13, 13, 13, 13, 13, 8, 13, 13, 13, 13, 13, 13, 13, 13, 13, 13, 13, 0, 0, 0, 0, 4, 13, 13, 13, 1, 13, 13, 13, 0, 0, 0, 0, 0, 0, 1, 13]",166.27641106379528
6857929,E,296,"[1, 13, 13, 13, 4, 13, 13, 13, 4, 13, 13, 13, 6, 13, 8, 13, 8, 13, 13, 13, 13, 13, 13, 13, 0, 0, 0, 0, 0, 0, 0, 0, 5, 13, 13, 13, 1, 13, 13, 13, 5, 13, 13, 13, 1, 13, 1, 13, 1, 13, 1, 13, 0, 1, 8, 6, 13, 13, 13, 6, 2, 13, 13, 13]",196.29415142415377
6857929,E,132,"[8, 13, 13, 13, 13, 13, 13, 13, 13, 13, 13, 13, 0, 0, 0, 0, 4, 13, 13, 13, 1, 13, 13, 13, 0, 0, 0, 0, 0, 0, 1, 13, 4, 13, 6, 13, 1, 13, 13, 13, 0, 0, 0, 0, 0, 0, 1, 13, 4, 13, 4, 13, 1, 13, 13, 13, 0, 0, 0, 0, 1, 13, 1, 13]",196.4199505283167
6857929,E,152,"[1, 13, 13, 13, 1, 13, 13, 13, 1, 13, 13, 13, 1, 13, 13, 13, 4, 13, 13, 13, 1, 13, 13, 13, 1, 13, 13, 13, 1, 13, 13, 13, 1, 13, 13, 13, 4, 13, 13, 13, 4, 13, 13, 13, 6, 13, 8, 13, 8, 13, 13, 13, 13, 13, 13, 13, 0, 0, 0, 0, 0, 0, 0, 0]",182.8548392425086
6857929,E,288,"[1, 13, 13, 13, 1, 13, 13, 13, 1, 13, 13, 13, 1, 13, 13, 13, 4, 13, 13, 13, 1, 13, 13, 13, 1, 13, 13, 13, 1, 13, 13, 13, 1, 13, 13, 13, 4, 13, 13, 13, 4, 13, 13, 13, 6, 13, 8, 13, 8, 13, 13, 13, 13, 13, 13, 13, 0, 0, 0, 0, 0, 0, 0, 0]",174.41953587089824
6857929,E,284,"[4, 13, 6, 13, 1, 13, 13, 13, 0, 0, 1, 13, 4, 13, 6, 13, 1, 13, 13, 13, 1, 13, 13, 13, 1, 13, 13, 13, 1, 13, 13, 13, 4, 13, 13, 13, 1, 13, 13, 13, 1, 13, 13, 13, 1, 13, 13, 13, 1, 13, 13, 13, 4, 13, 13, 13, 4, 13, 13, 13, 6, 13, 8, 13]",184.29814724403332
6857929,E,256,"[8, 13, 13, 13, 13, 13, 13, 13, 8, 13, 1, 13, 1, 13, 6, 13, 6, 13, 13, 13, 13, 13, 13, 13, 13, 13, 13, 13, 1, 13, 1, 13, 6, 13, 13, 13, 8, 13, 13, 13, 13, 13, 13, 13, 13, 13, 13, 13, 8, 13, 13, 13, 13, 13, 13, 13, 13, 13, 13, 13, 0, 0, 0, 0]",181.972892834829
6857929,E,280,"[4, 13, 4, 13, 1, 13, 13, 13, 0, 0, 0, 0, 1, 13, 1, 13, 4, 13, 6, 13, 1, 13, 13, 13, 0, 0, 1, 13, 4, 13, 6, 13, 1, 13, 13, 13, 1, 13, 13, 13, 1, 13, 13, 13, 1, 13, 13, 13, 4, 13, 13, 13, 1, 13, 13, 13, 1, 13, 13, 13, 1, 13, 13, 13]",193.77546398381725
6857929,E,256,"[8, 13, 13, 13, 13, 13, 13, 13, 8, 13, 1, 13, 1, 13, 6, 13, 6, 13, 13, 13, 13, 13, 13, 13, 13, 13, 13, 13, 1, 13, 1, 13, 6, 13, 13, 13, 8, 13, 13, 13, 13, 13, 13, 13, 13, 13, 13, 13, 8, 13, 13, 13, 13, 13, 13, 13, 13, 13, 13, 13, 0, 0, 0, 0]",169.21037081572325
6857929,E,132,"[8, 13, 13, 13, 13, 13, 13, 13, 13, 13, 13, 13, 0, 0, 0, 0, 4, 13, 13, 13, 1, 13, 13, 13, 0, 0, 0, 0, 0, 0, 1, 13, 4, 13, 6, 13, 1, 13, 13, 13, 0, 0, 0, 0, 0, 0, 1, 13, 4, 13, 4, 13, 1, 13, 13, 13, 0, 0, 0, 0, 1, 13, 1, 13]",193.3187095303513
6857929,E,288,"[1, 13, 13, 13, 1, 13, 13, 13, 1, 13, 13, 13, 1, 13, 13, 13, 4, 13, 13, 13, 1, 13, 13, 13, 1, 13, 13, 13, 1, 13, 13, 13, 1, 13, 13, 13, 4, 13, 13, 13, 4, 13, 13, 13, 6, 13, 8, 13, 8, 13, 13, 13, 13, 13, 13, 13, 0, 0, 0, 0, 0, 0, 0, 0]",181.3163928503804
10231948,C#,52,"[5, 6, 5, 13, 5, 13, 13, 13, 8, 13, 13, 13, 5, 13, 3, 13, 3, 13, 13, 13, 0, 0, 0, 0, 0, 0, 0, 0, 0, 0, 0, 0, 1, 0, 0, 0, 0, 0, 0, 0, 0, 0, 0, 8, 1, 3, 13, 13, 3, 13, 13, 8, 8, 13, 8, 13, 0, 0, 0, 0, 1, 3, 13, 13]",134.1710368243179
10231948,C#,252,"[1, 13, 13, 13, 3, 13, 13, 13, 5, 13, 13, 1, 1, 1, 13, 13, 8, 0, 0, 0, 0, 0, 0, 0, 0, 0, 0, 1, 1, 1, 13, 13, 12, 13, 13, 13, 0, 0, 0, 0, 0, 0, 0, 12, 12, 12, 13, 13, 10, 13, 13, 13, 0, 0, 0, 0, 0, 0, 0, 1, 1, 1, 13, 1]",146.51873742467865
10231948,C#,112,"[8, 0, 0, 0, 0, 0, 0, 0, 0, 0, 0, 1, 1, 1, 13, 13, 12, 13, 13, 13, 0, 0, 0, 0, 0, 0, 0, 12, 12, 12, 13, 13, 10, 13, 13, 13, 0, 0, 0, 0, 0, 0, 0, 1, 1, 1, 13, 1, 1, 13, 13, 13, 3, 13, 13, 13, 5, 13, 13, 1, 1, 1, 13, 13]",146.24504546687623
10231948,C#,288,"[8, 0, 0, 0, 0, 0, 0, 0, 0, 0, 0, 0, 0, 0, 0, 0, 3, 0, 0, 0, 0, 0, 0, 0, 0, 0, 0, 0, 0, 0, 0, 0, 5, 0, 0, 0, 0, 0, 0, 0, 0, 0, 0, 0, 0, 0, 0, 0, 1, 0, 0, 0, 0, 0, 0, 0, 0, 0, 0, 0, 0, 0, 0, 0]",128.61919320583178
10231948,C#,240,"[8, 0, 0, 0, 0, 0, 0, 0, 0, 0, 0, 1, 1, 1, 13, 13, 12, 13, 13, 13, 0, 0, 0, 0, 0, 0, 0, 12, 12, 12, 13, 13, 10, 13, 13, 13, 0, 0, 0, 0, 0, 0, 0, 1, 1, 1, 13, 1, 1, 13, 13, 13, 3, 13, 13, 13, 5, 13, 13, 1, 1, 1, 13, 13]",150.08259448311398
10231948,C#,248,"[10, 13, 13, 13, 0, 0, 0, 0, 0, 0, 0, 1, 1, 1, 13, 1, 1, 13, 13, 13, 3, 13, 13, 13, 5, 13, 13, 1, 1, 1, 13, 13, 8, 0, 0, 0, 0, 0, 0, 0, 0, 0, 0, 1, 1, 1, 13, 13, 12, 13, 13, 13, 0, 0, 0, 0, 0, 0, 0, 12, 12, 12, 13, 13]",145.78378208494564
10231948,C#,292,"[3, 0, 0, 0, 0, 0, 0, 0, 0, 0, 0, 0, 0, 0, 0, 0, 5, 0, 0, 0, 0, 0, 0, 0, 0, 0, 0, 0, 0, 0, 0, 0, 1, 0, 0, 0, 0, 0, 0, 0, 0, 0, 0, 0, 0, 0, 0, 0, 8, 0, 0, 0, 0, 0, 0, 0, 0, 0, 0, 0, 0, 0, 0, 0]",139.0812599222886
10231948,C#,256,"[8, 0, 0, 0, 0, 0, 0, 0, 0, 0, 0, 1, 1, 1, 13, 13, 12, 13, 13, 13, 0, 0, 0, 0, 0, 0, 0, 12, 12, 12, 13, 13, 10, 13, 13, 13, 0, 0, 0, 0, 0, 0, 0, 1, 1, 1, 13, 1, 1, 13, 13, 13, 3, 13, 13, 13, 5, 13, 13, 1, 1, 1, 13, 13]",158.41283982149872
10231948,C#,176,"[3, 13, 13, 13, 13, 13, 13, 13, 1, 13, 13, 1, 1, 1, 1, 13, 3, 13, 13, 13, 13, 13, 13, 13, 5, 13, 13, 13, 10, 13, 3, 13, 3, 13, 13, 13, 0, 0, 0, 0, 0, 0, 0, 0, 0, 0, 0, 0, 1, 0, 0, 0, 0, 0, 0, 0, 0, 0, 0, 8, 1, 3, 13, 13]",140.2373491806171
10231948,C#,100,"[12, 13, 13, 13, 1, 13, 13, 13, 3, 13, 3, 10, 10, 10, 13, 10, 10, 13, 13, 13, 1, 13, 13, 13, 3, 13, 13, 10, 10, 10, 13, 10, 10, 13, 13, 13, 1, 13, 13, 13, 3, 13, 13, 1, 1, 1, 13, 13, 8, 0, 0, 0, 0, 0, 0, 0, 0, 0, 0, 1, 1, 1, 13, 13]",167.3202280033547
10231948,C#,128,"[8, 0, 0, 0, 0, 0, 0, 0, 0, 0, 0, 1, 1, 1, 13, 13, 12, 13, 13, 13, 0, 0, 0, 0, 0, 0, 0, 12, 12, 12, 13, 13, 10, 13, 13, 13, 0, 0, 0, 0, 0, 0, 0, 1, 1, 1, 13, 1, 1, 13, 13, 13, 3, 13, 13, 13, 5, 13, 1, 1, 1, 1, 1, 13]",167.4397146076671
10231948,C#,44,"[1, 0, 0, 0, 0, 0, 0, 0, 0, 0, 0, 0, 1, 13, 3, 13, 5, 6, 5, 13, 5, 13, 13, 13, 8, 13, 13, 13, 8, 13, 8, 13, 5, 6, 5, 13, 5, 13, 13, 13, 8, 13, 13, 13, 5, 13, 3, 13, 3, 13, 13, 13, 0, 0, 0, 0, 0, 0, 0, 0, 0, 0, 0, 0]",145.63814369553845
10231948,C#,48,"[5, 6, 5, 13, 5, 13, 13, 13, 8, 13, 13, 13, 8, 13, 8, 13, 5, 6, 5, 13, 5, 13, 13, 13, 8, 13, 13, 13, 5, 13, 3, 13, 3, 13, 13, 13, 0, 0, 0, 0, 0, 0, 0, 0, 0, 0, 0, 0, 1, 0, 0, 0, 0, 0, 0, 0, 0, 0, 0, 8, 1, 3, 13, 13]",134.66837163396542
10231948,C#,64,"[3, 13, 13, 8, 8, 13, 8, 13, 0, 0, 0, 0, 1, 3, 13, 13, 3, 13, 13, 8, 8, 13, 8, 13, 0, 0, 0, 8, 3, 13, 3, 13, 5, 0, 0, 0, 1, 13, 13, 13, 0, 0, 0, 0, 0, 0, 0, 0, 1, 0, 0, 0, 0, 0, 0, 0, 0, 0, 0, 0, 0, 0, 1, 13]",132.9369431035515
10231948,C#,144,"[8, 13, 13, 13, 13, 13, 13, 13, 10, 13, 13, 13, 1, 1, 13, 13, 8, 13, 13, 13, 13, 13, 13, 13, 10, 13, 13, 13, 5, 13, 5, 13, 5, 0, 0, 0, 0, 0, 0, 0, 0, 0, 0, 0, 0, 0, 0, 0, 1, 0, 0, 0, 0, 0, 0, 0, 0, 0, 0, 10, 1, 1, 3, 13]",170.07879043800898
10231948,C#,140,"[1, 13, 13, 13, 3, 13, 13, 13, 5, 13, 1, 1, 1, 1, 1, 13, 8, 13, 13, 13, 13, 13, 13, 13, 10, 13, 13, 13, 1, 1, 13, 13, 8, 13, 13, 13, 13, 13, 13, 13, 10, 13, 13, 13, 5, 13, 5, 13, 5, 0, 0, 0, 0, 0, 0, 0, 0, 0, 0, 0, 0, 0, 0, 0]",143.34084464281477
10231948,C#,156,"[1, 0, 0, 0, 0, 0, 0, 0, 0, 0, 0, 10, 1, 1, 3, 13, 5, 6, 5, 13, 5, 13, 13, 13, 8, 13, 13, 13, 8, 8, 8, 13, 5, 6, 5, 13, 5, 13, 13, 13, 8, 13, 13, 13, 3, 13, 3, 13, 5, 0, 0, 0, 0, 0, 0, 0, 0, 0, 0, 0, 0, 0, 0, 0]",138.08208137452894
10231948,C#,292,"[3, 0, 0, 0, 0, 0, 0, 0, 0, 0, 0, 0, 0, 0, 0, 0, 5, 0, 0, 0, 0, 0, 0, 0, 0, 0, 0, 0, 0, 0, 0, 0, 1, 0, 0, 0, 0, 0, 0, 0, 0, 0, 0, 0, 0, 0, 0, 0, 8, 0, 0, 0, 0, 0, 0, 0, 0, 0, 0, 0, 0, 0, 0, 0]",147.77492489492167
10231948,C#,92,"[10, 13, 13, 13, 1, 13, 13, 13, 3, 13, 13, 1, 1, 1, 13, 13, 1, 13, 13, 13, 3, 13, 13, 13, 5, 13, 13, 1, 1, 1, 13, 1, 12, 13, 13, 13, 1, 13, 13, 13, 3, 13, 3, 10, 10, 10, 13, 10, 10, 13, 13, 13, 1, 13, 13, 13, 3, 13, 13, 10, 10, 10, 13, 10]",170.69921899474065
10231948,C#,52,"[5, 6, 5, 13, 5, 13, 13, 13, 8, 13, 13, 13, 5, 13, 3, 13, 3, 13, 13, 13, 0, 0, 0, 0, 0, 0, 0, 0, 0, 0, 0, 0, 1, 0, 0, 0, 0, 0, 0, 0, 0, 0, 0, 8, 1, 3, 13, 13, 3, 13, 13, 8, 8, 13, 8, 13, 0, 0, 0, 0, 1, 3, 13, 13]",146.19184011099375
10231948,C#,200,"[5, 0, 0, 0, 1, 13, 13, 13, 0, 0, 0, 0, 0, 0, 0, 0, 1, 0, 0, 0, 0, 0, 0, 0, 8, 13, 13, 13, 0, 0, 1, 13, 1, 13, 13, 13, 3, 13, 13, 13, 5, 13, 13, 1, 1, 1, 13, 1, 12, 13, 13, 13, 1, 13, 13, 13, 3, 13, 3, 10, 10, 10, 13, 10]",147.65408561206985
10231948,C#,68,"[3, 13, 13, 8, 8, 13, 8, 13, 0, 0, 0, 8, 3, 13, 3, 13, 5, 0, 0, 0, 1, 13, 13, 13, 0, 0, 0, 0, 0, 0, 0, 0, 1, 0, 0, 0, 0, 0, 0, 0, 0, 0, 0, 0, 0, 0, 1, 13, 1, 13, 13, 13, 3, 13, 13, 13, 5, 13, 13, 1, 1, 1, 13, 1]",158.20092018366157
10231948,C#,208,"[1, 13, 13, 13, 3, 13, 13, 13, 5, 13, 13, 1, 1, 1, 13, 1, 12, 13, 13, 13, 1, 13, 13, 13, 3, 13, 3, 10, 10, 10, 13, 10, 10, 13, 13, 13, 1, 13, 13, 13, 3, 13, 13, 10, 10, 10, 13, 10, 10, 13, 13, 13, 1, 13, 13, 13, 3, 13, 13, 1, 1, 1, 13, 13]",155.08930865022757
10231948,C#,252,"[1, 13, 13, 13, 3, 13, 13, 13, 5, 13, 13, 1, 1, 1, 13, 13, 8, 0, 0, 0, 0, 0, 0, 0, 0, 0, 0, 1, 1, 1, 13, 13, 12, 13, 13, 13, 0, 0, 0, 0, 0, 0, 0, 12, 12, 12, 13, 13, 10, 13, 13, 13, 0, 0, 0, 0, 0, 0, 0, 1, 1, 1, 13, 1]",127.87612179486248
10231948,C#,236,"[10, 13, 13, 13, 1, 13, 13, 13, 3, 13, 13, 1, 1, 1, 13, 13, 8, 0, 0, 0, 0, 0, 0, 0, 0, 0, 0, 1, 1, 1, 13, 13, 12, 13, 13, 13, 0, 0, 0, 0, 0, 0, 0, 12, 12, 12, 13, 13, 10, 13, 13, 13, 0, 0, 0, 0, 0, 0, 0, 1, 1, 1, 13, 1]",154.24117920603263
10231948,C#,268,"[1, 13, 13, 13, 3, 13, 13, 13, 5, 13, 13, 1, 1, 1, 13, 13, 8, 0, 0, 0, 0, 0, 0, 0, 0, 0, 0, 0, 0, 0, 0, 0, 3, 0, 0, 0, 0, 0, 0, 0, 0, 0, 0, 0, 0, 0, 0, 0, 5, 0, 0, 0, 0, 0, 0, 0, 0, 0, 0, 0, 0, 0, 0, 0]",151.56603194797384
10231948,C#,224,"[1, 13, 13, 13, 3, 13, 13, 13, 5, 13, 13, 1, 1, 1, 13, 1, 12, 13, 13, 13, 1, 13, 13, 13, 3, 13, 3, 10, 10, 10, 13, 10, 10, 13, 13, 13, 1, 13, 13, 13, 3, 13, 13, 10, 10, 10, 13, 10, 10, 13, 13, 13, 1, 13, 13, 13, 3, 13, 13, 1, 1, 1, 13, 13]",166.07531285427322
10231948,C#,264,"[10, 13, 13, 13, 0, 0, 0, 0, 0, 0, 0, 1, 1, 1, 13, 1, 1, 13, 13, 13, 3, 13, 13, 13, 5, 13, 13, 1, 1, 1, 13, 13, 8, 0, 0, 0, 0, 0, 0, 0, 0, 0, 0, 0, 0, 0, 0, 0, 3, 0, 0, 0, 0, 0, 0, 0, 0, 0, 0, 0, 0, 0, 0, 0]",161.62905849531185
10231948,C#,172,"[1, 0, 0, 0, 0, 0, 0, 0, 0, 0, 0, 0, 1, 13, 1, 13, 3, 13, 13, 13, 13, 13, 13, 13, 1, 13, 13, 1, 1, 1, 1, 13, 3, 13, 13, 13, 13, 13, 13, 13, 5, 13, 13, 13, 10, 13, 3, 13, 3, 13, 13, 13, 0, 0, 0, 0, 0, 0, 0, 0, 0, 0, 0, 0]",161.29133975331183
10231948,C#,220,"[10, 13, 13, 13, 1, 13, 13, 13, 3, 13, 13, 1, 1, 1, 13, 13, 1, 13, 13, 13, 3, 13, 13, 13, 5, 13, 13, 1, 1, 1, 13, 1, 12, 13, 13, 13, 1, 13, 13, 13, 3, 13, 3, 10, 10, 10, 13, 10, 10, 13, 13, 13, 1, 13, 13, 13, 3, 13, 13, 10, 10, 10, 13, 10]",152.8474694176187
10231948,C#,292,"[3, 0, 0, 0, 0, 0, 0, 0, 0, 0, 0, 0, 0, 0, 0, 0, 5, 0, 0, 0, 0, 0, 0, 0, 0, 0, 0, 0, 0, 0, 0, 0, 1, 0, 0, 0, 0, 0, 0, 0, 0, 0, 0, 0, 0, 0, 0, 0, 8, 0, 0, 0, 0, 0, 0, 0, 0, 0, 0, 0, 0, 0, 0, 0]",146.52730438876142
10231948,C#,192,"[3, 13, 13, 8, 8, 13, 8, 13, 0, 0, 0, 0, 1, 3, 13, 13, 3, 13, 13, 8, 8, 13, 8, 13, 0, 0, 0, 8, 3, 13, 3, 13, 5, 0, 0, 0, 1, 13, 13, 13, 0, 0, 0, 0, 0, 0, 0, 0, 1, 0, 0, 0, 0, 0, 0, 0, 8, 13, 13, 13, 0, 0, 1, 13]",154.9409649037416
10231948,C#,116,"[12, 13, 13, 13, 0, 0, 0, 0, 0, 0, 0, 12, 12, 12, 13, 13, 10, 13, 13, 13, 0, 0, 0, 0, 0, 0, 0, 1, 1, 1, 13, 1, 1, 13, 13, 13, 3, 13, 13, 13, 5, 13, 13, 1, 1, 1, 13, 13, 8, 0, 0, 0, 0, 0, 0, 0, 0, 0, 0, 1, 1, 1, 13, 13]",136.2721974888306
10231948,C#,68,"[3, 13, 13, 8, 8, 13, 8, 13, 0, 0, 0, 8, 3, 13, 3, 13, 5, 0, 0, 0, 1, 13, 13, 13, 0, 0, 0, 0, 0, 0, 0, 0, 1, 0, 0, 0, 0, 0, 0, 0, 0, 0, 0, 0, 0, 0, 1, 13, 1, 13, 13, 13, 3, 13, 13, 13, 5, 13, 13, 1, 1, 1, 13, 1]",135.48899661452623
10231948,C#,116,"[12, 13, 13, 13, 0, 0, 0, 0, 0, 0, 0, 12, 12, 12, 13, 13, 10, 13, 13, 13, 0, 0, 0, 0, 0, 0, 0, 1, 1, 1, 13, 1, 1, 13, 13, 13, 3, 13, 13, 13, 5, 13, 13, 1, 1, 1, 13, 13, 8, 0, 0, 0, 0, 0, 0, 0, 0, 0, 0, 1, 1, 1, 13, 13]",148.17351417119403
10231948,C#,112,"[8, 0, 0, 0, 0, 0, 0, 0, 0, 0, 0, 1, 1, 1, 13, 13, 12, 13, 13, 13, 0, 0, 0, 0, 0, 0, 0, 12, 12, 12, 13, 13, 10, 13, 13, 13, 0, 0, 0, 0, 0, 0, 0, 1, 1, 1, 13, 1, 1, 13, 13, 13, 3, 13, 13, 13, 5, 13, 13, 1, 1, 1, 13, 13]",170.74205381515452
10231948,C#,76,"[1, 0, 0, 0, 0, 0, 0, 0, 0, 0, 0, 0, 0, 0, 1, 13, 1, 13, 13, 13, 3, 13, 13, 13, 5, 13, 13, 1, 1, 1, 13, 1, 12, 13, 13, 13, 1, 13, 13, 13, 3, 13, 3, 10, 10, 10, 13, 10, 10, 13, 13, 13, 1, 13, 13, 13, 3, 13, 13, 10, 10, 10, 13, 10]",149.28180878779756
11061016,C#,416,"[12, 13, 13, 13, 5, 13, 13, 13, 3, 13, 13, 13, 5, 13, 13, 13, 3, 13, 13, 13, 13, 13, 13, 13, 1, 13, 13, 13, 13, 13, 13, 13, 0, 0, 0, 0, 0, 0, 0, 0, 0, 0, 0, 0, 0, 0, 12, 13, 1, 13, 13, 13, 1, 13, 12, 13, 1, 13, 3, 13, 0, 0, 12, 13]",184.37975884924296
11061016,C#,400,"[5, 13, 13, 13, 13, 13, 13, 13, 1, 13, 13, 13, 13, 13, 13, 13, 0, 0, 1, 13, 1, 13, 13, 13, 1, 13, 12, 13, 10, 13, 10, 13, 0, 0, 7, 13, 10, 13, 12, 13, 1, 13, 12, 13, 10, 13, 10, 13, 0, 0, 1, 13, 1, 13, 10, 13, 1, 13, 10, 13, 1, 13, 3, 13]",160.69886655306084
11061016,C#,416,"[12, 13, 13, 13, 5, 13, 13, 13, 3, 13, 13, 13, 5, 13, 13, 13, 3, 13, 13, 13, 13, 13, 13, 13, 1, 13, 13, 13, 13, 13, 13, 13, 0, 0, 0, 0, 0, 0, 0, 0, 0, 0, 0, 0, 0, 0, 12, 13, 1, 13, 13, 13, 1, 13, 12, 13, 1, 13, 3, 13, 0, 0, 12, 13]",174.52910283258853
11061016,C#,60,"[3, 13, 6, 13, 0, 0, 5, 13, 0, 0, 3, 13, 0, 0, 1, 13, 1, 13, 13, 13, 12, 13, 13, 13, 10, 13, 12, 13, 12, 13, 13, 13, 0, 0, 0, 0, 1, 13, 13, 13, 12, 13, 12, 13, 10, 13, 13, 13, 8, 13, 1, 13, 0, 0, 5, 13, 5, 13, 13, 13, 0, 0, 10, 13]",172.45183948893828
11061016,C#,300,"[8, 13, 13, 13, 6, 13, 6, 13, 5, 13, 5, 13, 3, 13, 5, 13, 0, 0, 10, 13, 0, 0, 1, 13, 0, 0, 0, 0, 0, 0, 1, 13, 3, 13, 13, 13, 6, 13, 13, 13, 5, 13, 13, 13, 3, 13, 3, 13, 5, 13, 13, 13, 10, 13, 13, 13, 1, 13, 13, 13, 0, 0, 1, 13]",190.12503549886128
11061016,C#,456,"[0, 0, 0, 0, 0, 0, 0, 0, 0, 0, 0, 0, 0, 0, 12, 13, 1, 13, 13, 13, 1, 13, 12, 13, 1, 13, 3, 13, 0, 0, 12, 13, 0, 0, 5, 13, 5, 13, 13, 13, 3, 13, 13, 13, 5, 13, 13, 13, 3, 13, 13, 13, 13, 13, 13, 13, 1, 13, 13, 13, 13, 13, 13, 13]",169.6982368755951
11061016,C#,364,"[0, 0, 5, 13, 5, 13, 13, 13, 5, 13, 3, 13, 1, 13, 3, 13, 5, 13, 13, 13, 13, 13, 13, 13, 1, 13, 13, 13, 13, 13, 13, 13, 0, 0, 1, 13, 1, 13, 1, 13, 13, 13, 12, 13, 10, 13, 10, 13, 0, 0, 1, 13, 1, 13, 1, 13, 13, 13, 12, 13, 10, 13, 10, 13]",190.63815155813495
11061016,C#,600,"[0, 0, 0, 0, 6, 13, 4, 13, 4, 13, 2, 13, 11, 13, 1, 13, 2, 13, 13, 13, 2, 13, 1, 13, 2, 13, 4, 13, 0, 0, 1, 13, 0, 0, 6, 13, 6, 13, 13, 13, 4, 13, 13, 13, 6, 13, 13, 13, 4, 13, 13, 13, 13, 13, 13, 13, 2, 13, 13, 13, 13, 13, 13, 13]",167.93344227454298
11061016,C#,320,"[0, 0, 12, 13, 0, 0, 10, 13, 0, 0, 12, 13, 0, 0, 0, 0, 0, 0, 0, 0, 1, 13, 13, 13, 12, 13, 13, 13, 10, 13, 13, 13, 8, 13, 1, 13, 0, 0, 5, 13, 5, 13, 13, 13, 8, 13, 10, 13, 8, 13, 13, 13, 6, 13, 13, 13, 5, 13, 13, 13, 3, 13, 13, 13]",191.11249083261293
11061016,C#,80,"[5, 13, 10, 13, 0, 0, 1, 13, 0, 0, 0, 0, 10, 13, 10, 13, 3, 13, 13, 13, 6, 13, 13, 13, 5, 13, 13, 13, 3, 13, 13, 13, 5, 13, 13, 13, 10, 13, 1, 13, 0, 0, 0, 0, 0, 0, 0, 0, 3, 13, 13, 13, 5, 13, 6, 13, 0, 0, 10, 13, 0, 0, 9, 13]",197.6499862134649
11061016,C#,560,"[6, 13, 13, 13, 6, 13, 13, 13, 4, 13, 13, 13, 6, 13, 13, 13, 4, 13, 13, 13, 13, 13, 13, 13, 2, 13, 13, 13, 13, 13, 13, 13, 0, 0, 0, 0, 0, 0, 0, 0, 0, 0, 0, 0, 0, 0, 1, 13, 2, 13, 13, 13, 2, 13, 1, 13, 2, 13, 4, 13, 0, 0, 1, 13]",190.60749084457555
11061016,C#,328,"[8, 13, 1, 13, 0, 0, 5, 13, 5, 13, 13, 13, 8, 13, 10, 13, 8, 13, 13, 13, 6, 13, 13, 13, 5, 13, 13, 13, 3, 13, 13, 13, 5, 13, 10, 13, 0, 0, 1, 13, 0, 0, 0, 0, 0, 0, 0, 0, 3, 13, 13, 13, 6, 13, 13, 13, 5, 13, 5, 13, 3, 13, 13, 13]",164.17254504220378
11061016,C#,308,"[3, 13, 13, 13, 6, 13, 13, 13, 5, 13, 13, 13, 3, 13, 3, 13, 5, 13, 13, 13, 10, 13, 13, 13, 1, 13, 13, 13, 0, 0, 1, 13, 3, 13, 6, 13, 0, 0, 5, 13, 0, 0, 3, 13, 0, 0, 1, 13, 0, 0, 12, 13, 0, 0, 10, 13, 0, 0, 12, 13, 0, 0, 0, 0]",168.98762974957103
11061016,C#,120,"[0, 0, 1, 13, 1, 13, 1, 13, 13, 13, 12, 13, 10, 13, 10, 13, 0, 0, 10, 13, 12, 13, 1, 13, 0, 0, 12, 13, 10, 13, 1, 13, 0, 0, 3, 13, 0, 0, 12, 13, 12, 13, 13, 13, 0, 0, 0, 0, 0, 0, 5, 13, 5, 13, 13, 13, 5, 13, 3, 13, 1, 13, 1, 13]",177.84857596824145
11061016,C#,220,"[1, 13, 13, 1, 13, 12, 13, 13, 1, 13, 13, 3, 13, 12, 13, 13, 0, 0, 0, 0, 5, 13, 13, 13, 3, 13, 13, 13, 5, 13, 13, 13, 3, 13, 13, 13, 13, 13, 13, 13, 13, 13, 13, 13, 10, 13, 13, 13, 10, 13, 13, 13, 13, 13, 13, 13, 13, 13, 13, 13, 13, 13, 13, 13]",184.57499545176097
11061016,C#,448,"[0, 0, 0, 0, 5, 13, 13, 13, 3, 13, 13, 13, 5, 13, 13, 13, 3, 13, 13, 13, 13, 13, 13, 13, 1, 13, 13, 13, 13, 13, 13, 13, 0, 0, 0, 0, 0, 0, 0, 0, 0, 0, 0, 0, 0, 0, 12, 13, 1, 13, 13, 13, 1, 13, 12, 13, 1, 13, 3, 13, 0, 0, 12, 13]",175.84661172995035
11061016,C#,380,"[0, 0, 10, 13, 12, 13, 1, 13, 0, 0, 12, 13, 10, 13, 1, 13, 0, 0, 3, 13, 0, 0, 12, 13, 12, 13, 13, 13, 0, 0, 0, 0, 0, 0, 5, 13, 5, 13, 13, 13, 5, 13, 3, 13, 1, 13, 1, 13, 0, 0, 5, 13, 5, 13, 5, 13, 13, 13, 3, 13, 1, 13, 1, 13]",197.23787015179863
11061016,C#,396,"[0, 0, 5, 13, 5, 13, 13, 13, 5, 13, 3, 13, 1, 13, 3, 13, 5, 13, 13, 13, 13, 13, 13, 13, 1, 13, 13, 13, 13, 13, 13, 13, 0, 0, 1, 13, 1, 13, 13, 13, 1, 13, 12, 13, 10, 13, 10, 13, 0, 0, 7, 13, 10, 13, 12, 13, 1, 13, 12, 13, 10, 13, 10, 13]",169.22389760111713
11061016,C#,188,"[1, 13, 13, 1, 13, 12, 13, 13, 1, 13, 13, 3, 13, 12, 13, 13, 0, 0, 0, 0, 5, 13, 13, 13, 3, 13, 13, 13, 5, 13, 13, 13, 3, 13, 13, 13, 13, 13, 13, 13, 1, 13, 13, 13, 13, 13, 13, 13, 0, 0, 0, 0, 0, 0, 0, 0, 0, 0, 0, 0, 0, 0, 12, 13]",178.7593795180946
11061016,C#,340,"[3, 13, 13, 13, 6, 13, 13, 13, 5, 13, 5, 13, 3, 13, 13, 13, 5, 13, 13, 13, 10, 13, 13, 13, 1, 13, 13, 13, 0, 0, 10, 13, 3, 13, 6, 13, 0, 0, 5, 13, 0, 0, 3, 13, 0, 0, 5, 13, 0, 0, 7, 13, 0, 0, 9, 13, 0, 0, 0, 0, 0, 0, 0, 0]",183.88422761098127
11061016,C#,460,"[1, 13, 13, 13, 1, 13, 12, 13, 1, 13, 3, 13, 0, 0, 12, 13, 0, 0, 5, 13, 5, 13, 13, 13, 3, 13, 13, 13, 5, 13, 13, 13, 3, 13, 13, 13, 13, 13, 13, 13, 1, 13, 13, 13, 13, 13, 13, 13, 0, 0, 0, 0, 0, 0, 0, 0, 0, 0, 0, 0, 0, 10, 13, 13]",172.13531271072196
11061016,C#,452,"[3, 13, 13, 13, 13, 13, 13, 13, 1, 13, 13, 13, 13, 13, 13, 13, 0, 0, 0, 0, 0, 0, 0, 0, 0, 0, 0, 0, 0, 0, 12, 13, 1, 13, 13, 13, 1, 13, 12, 13, 1, 13, 3, 13, 0, 0, 12, 13, 0, 0, 5, 13, 5, 13, 13, 13, 3, 13, 13, 13, 5, 13, 13, 13]",161.21017904094867
11061016,C#,476,"[1, 13, 13, 1, 13, 12, 13, 13, 1, 13, 13, 3, 13, 12, 13, 13, 0, 0, 0, 0, 5, 13, 13, 13, 5, 13, 13, 13, 5, 13, 13, 13, 3, 13, 13, 13, 13, 13, 13, 13, 13, 13, 13, 13, 10, 13, 13, 13, 10, 13, 13, 13, 13, 13, 13, 13, 13, 13, 13, 13, 13, 13, 13, 13]",172.14568324619057
11061016,C#,444,"[1, 13, 13, 1, 13, 12, 13, 13, 1, 13, 13, 3, 13, 12, 13, 13, 0, 0, 0, 0, 5, 13, 13, 13, 3, 13, 13, 13, 5, 13, 13, 13, 3, 13, 13, 13, 13, 13, 13, 13, 1, 13, 13, 13, 13, 13, 13, 13, 0, 0, 0, 0, 0, 0, 0, 0, 0, 0, 0, 0, 0, 0, 12, 13]",183.90812493184373
11061016,C#,296,"[0, 0, 1, 13, 0, 0, 5, 13, 5, 13, 13, 13, 0, 0, 10, 13, 8, 13, 13, 13, 6, 13, 6, 13, 5, 13, 5, 13, 3, 13, 5, 13, 0, 0, 10, 13, 0, 0, 1, 13, 0, 0, 0, 0, 0, 0, 1, 13, 3, 13, 13, 13, 6, 13, 13, 13, 5, 13, 13, 13, 3, 13, 3, 13]",191.10392386853016
11061016,C#,432,"[0, 0, 5, 13, 5, 13, 13, 13, 3, 13, 13, 13, 5, 13, 13, 13, 3, 13, 13, 13, 13, 13, 13, 13, 1, 13, 13, 13, 13, 13, 13, 13, 0, 0, 0, 0, 0, 0, 0, 0, 0, 0, 0, 0, 0, 10, 13, 13, 1, 13, 13, 1, 13, 12, 13, 13, 1, 13, 13, 3, 13, 12, 13, 13]",191.11880333246341
11061016,C#,324,"[0, 0, 0, 0, 1, 13, 13, 13, 12, 13, 13, 13, 10, 13, 13, 13, 8, 13, 1, 13, 0, 0, 5, 13, 5, 13, 13, 13, 8, 13, 10, 13, 8, 13, 13, 13, 6, 13, 13, 13, 5, 13, 13, 13, 3, 13, 13, 13, 5, 13, 10, 13, 0, 0, 1, 13, 0, 0, 0, 0, 0, 0, 0, 0]",194.19253986679456
11061016,C#,144,"[5, 13, 13, 13, 13, 13, 13, 13, 1, 13, 13, 13, 13, 13, 13, 13, 0, 0, 1, 13, 1, 13, 13, 13, 1, 13, 12, 13, 10, 13, 10, 13, 0, 0, 7, 13, 10, 13, 12, 13, 1, 13, 12, 13, 10, 13, 10, 13, 0, 0, 1, 13, 1, 13, 10, 13, 1, 13, 10, 13, 1, 13, 3, 13]",173.98893320252708
11061016,C#,396,"[0, 0, 5, 13, 5, 13, 13, 13, 5, 13, 3, 13, 1, 13, 3, 13, 5, 13, 13, 13, 13, 13, 13, 13, 1, 13, 13, 13, 13, 13, 13, 13, 0, 0, 1, 13, 1, 13, 13, 13, 1, 13, 12, 13, 10, 13, 10, 13, 0, 0, 7, 13, 10, 13, 12, 13, 1, 13, 12, 13, 10, 13, 10, 13]",169.1170359965056
11061016,C#,120,"[0, 0, 1, 13, 1, 13, 1, 13, 13, 13, 12, 13, 10, 13, 10, 13, 0, 0, 10, 13, 12, 13, 1, 13, 0, 0, 12, 13, 10, 13, 1, 13, 0, 0, 3, 13, 0, 0, 12, 13, 12, 13, 13, 13, 0, 0, 0, 0, 0, 0, 5, 13, 5, 13, 13, 13, 5, 13, 3, 13, 1, 13, 1, 13]",170.97155827400366
11061016,C#,620,"[2, 13, 13, 2, 13, 1, 13, 13, 2, 13, 13, 4, 13, 6, 13, 13, 0, 0, 0, 0, 6, 13, 13, 13, 4, 13, 13, 13, 6, 13, 13, 13, 0, 0, 0, 0, 0, 0, 0, 0, 6, 13, 13, 13, 6, 13, 13, 13, 6, 13, 13, 13, 13, 13, 13, 13, 13, 13, 13, 13, 13, 13, 13, 13]",199.3196424239135
11061016,C#,168,"[0, 0, 0, 0, 0, 0, 0, 0, 0, 0, 0, 0, 0, 0, 12, 13, 1, 13, 13, 13, 1, 13, 12, 13, 1, 13, 3, 13, 0, 0, 12, 13, 0, 0, 5, 13, 5, 13, 13, 13, 4, 13, 13, 13, 5, 13, 13, 13, 3, 13, 13, 13, 13, 13, 13, 13, 1, 13, 13, 13, 13, 13, 13, 13]",187.2275980674967
11061016,C#,380,"[0, 0, 10, 13, 12, 13, 1, 13, 0, 0, 12, 13, 10, 13, 1, 13, 0, 0, 3, 13, 0, 0, 12, 13, 12, 13, 13, 13, 0, 0, 0, 0, 0, 0, 5, 13, 5, 13, 13, 13, 5, 13, 3, 13, 1, 13, 1, 13, 0, 0, 5, 13, 5, 13, 5, 13, 13, 13, 3, 13, 1, 13, 1, 13]",200.50188346733677
11061016,C#,628,"[0, 0, 0, 0, 0, 0, 0, 0, 6, 13, 13, 13, 6, 13, 13, 13, 6, 13, 13, 13, 13, 13, 13, 13, 13, 13, 13, 13, 13, 13, 13, 13, 6, 13, 13, 13, 13, 13, 13, 13, 13, 13, 13, 13, 13, 13, 13, 13, 6, 13, 13, 13, 13, 13, 13, 13, 13, 13, 13, 13, 13, 13, 13, 13]",163.89930397724783
11061016,C#,388,"[0, 0, 5, 13, 5, 13, 13, 13, 5, 13, 3, 13, 1, 13, 1, 13, 0, 0, 5, 13, 5, 13, 5, 13, 13, 13, 3, 13, 1, 13, 1, 13, 0, 0, 5, 13, 5, 13, 13, 13, 5, 13, 3, 13, 1, 13, 3, 13, 5, 13, 13, 13, 13, 13, 13, 13, 1, 13, 13, 13, 13, 13, 13, 13]",198.17527637959307
11061016,C#,76,"[8, 13, 13, 13, 6, 13, 13, 13, 5, 13, 13, 13, 3, 13, 13, 13, 5, 13, 10, 13, 0, 0, 1, 13, 0, 0, 0, 0, 10, 13, 10, 13, 3, 13, 13, 13, 6, 13, 13, 13, 5, 13, 13, 13, 3, 13, 13, 13, 5, 13, 13, 13, 10, 13, 1, 13, 0, 0, 0, 0, 0, 0, 0, 0]",202.13411557152907
11061016,C#,132,"[0, 0, 5, 13, 5, 13, 13, 13, 5, 13, 3, 13, 1, 13, 1, 13, 0, 0, 5, 13, 5, 13, 5, 13, 13, 13, 3, 13, 1, 13, 1, 13, 0, 0, 5, 13, 5, 13, 13, 13, 5, 13, 3, 13, 1, 13, 3, 13, 5, 13, 13, 13, 13, 13, 13, 13, 1, 13, 13, 13, 13, 13, 13, 13]",181.31368749330164
11061016,C#,428,"[1, 13, 13, 13, 1, 13, 12, 13, 1, 13, 3, 13, 0, 0, 12, 13, 0, 0, 5, 13, 5, 13, 13, 13, 3, 13, 13, 13, 5, 13, 13, 13, 3, 13, 13, 13, 13, 13, 13, 13, 1, 13, 13, 13, 13, 13, 13, 13, 0, 0, 0, 0, 0, 0, 0, 0, 0, 0, 0, 0, 0, 10, 13, 13]",185.74055345986517
11061016,C#,100,"[0, 0, 5, 13, 5, 13, 13, 13, 5, 13, 3, 13, 1, 13, 1, 13, 0, 0, 5, 13, 5, 13, 13, 13, 5, 13, 3, 13, 1, 13, 1, 13, 0, 0, 5, 13, 5, 13, 13, 13, 5, 13, 3, 13, 1, 13, 3, 13, 5, 13, 13, 13, 13, 13, 13, 13, 1, 13, 13, 13, 13, 13, 13, 13]",162.08085312746675
11061016,C#,404,"[0, 0, 1, 13, 1, 13, 13, 13, 1, 13, 12, 13, 10, 13, 10, 13, 0, 0, 7, 13, 10, 13, 12, 13, 1, 13, 12, 13, 10, 13, 10, 13, 0, 0, 1, 13, 1, 13, 10, 13, 1, 13, 10, 13, 1, 13, 3, 13, 12, 13, 13, 13, 5, 13, 13, 13, 3, 13, 13, 13, 5, 13, 13, 13]",201.80496379361182
11061016,C#,160,"[12, 13, 13, 13, 5, 13, 13, 13, 3, 13, 13, 13, 5, 13, 13, 13, 3, 13, 13, 13, 13, 13, 13, 13, 1, 13, 13, 13, 13, 13, 13, 13, 0, 0, 0, 0, 0, 0, 0, 0, 0, 0, 0, 0, 0, 0, 12, 13, 1, 13, 13, 13, 1, 13, 12, 13, 1, 13, 3, 13, 0, 0, 12, 13]",201.74860218780412
11061016,C#,96,"[0, 0, 10, 13, 0, 0, 12, 13, 12, 13, 13, 13, 0, 0, 0, 0, 0, 0, 5, 13, 5, 13, 13, 13, 5, 13, 3, 13, 1, 13, 1, 13, 0, 0, 5, 13, 5, 13, 13, 13, 5, 13, 3, 13, 1, 13, 1, 13, 0, 0, 5, 13, 5, 13, 13, 13, 5, 13, 3, 13, 1, 13, 3, 13]",160.2560897778352
11061016,C#,556,"[0, 0, 0, 0, 0, 0, 0, 0, 6, 13, 13, 13, 13, 13, 13, 13, 6, 13, 13, 13, 6, 13, 13, 13, 4, 13, 13, 13, 6, 13, 13, 13, 4, 13, 13, 13, 13, 13, 13, 13, 2, 13, 13, 13, 13, 13, 13, 13, 0, 0, 0, 0, 0, 0, 0, 0, 0, 0, 0, 0, 0, 0, 1, 13]",183.78548207760608
11061016,C#,164,"[3, 13, 13, 13, 13, 13, 13, 13, 1, 13, 13, 13, 13, 13, 13, 13, 0, 0, 0, 0, 0, 0, 0, 0, 0, 0, 0, 0, 0, 0, 12, 13, 1, 13, 13, 13, 1, 13, 12, 13, 1, 13, 3, 13, 0, 0, 12, 13, 0, 0, 5, 13, 5, 13, 13, 13, 4, 13, 13, 13, 5, 13, 13, 13]",192.56932561953153
11061016,C#,336,"[5, 13, 10, 13, 0, 0, 1, 13, 0, 0, 0, 0, 0, 0, 0, 0, 3, 13, 13, 13, 6, 13, 13, 13, 5, 13, 5, 13, 3, 13, 13, 13, 5, 13, 13, 13, 10, 13, 13, 13, 1, 13, 13, 13, 0, 0, 10, 13, 3, 13, 6, 13, 0, 0, 5, 13, 0, 0, 3, 13, 0, 0, 5, 13]",160.3092951337177
11061016,C#,456,"[0, 0, 0, 0, 0, 0, 0, 0, 0, 0, 0, 0, 0, 0, 12, 13, 1, 13, 13, 13, 1, 13, 12, 13, 1, 13, 3, 13, 0, 0, 12, 13, 0, 0, 5, 13, 5, 13, 13, 13, 3, 13, 13, 13, 5, 13, 13, 13, 3, 13, 13, 13, 13, 13, 13, 13, 1, 13, 13, 13, 13, 13, 13, 13]",174.02906266586223
11061016,C#,620,"[2, 13, 13, 2, 13, 1, 13, 13, 2, 13, 13, 4, 13, 6, 13, 13, 0, 0, 0, 0, 6, 13, 13, 13, 4, 13, 13, 13, 6, 13, 13, 13, 0, 0, 0, 0, 0, 0, 0, 0, 6, 13, 13, 13, 6, 13, 13, 13, 6, 13, 13, 13, 13, 13, 13, 13, 13, 13, 13, 13, 13, 13, 13, 13]",197.58505764357437
11061016,C#,80,"[5, 13, 10, 13, 0, 0, 1, 13, 0, 0, 0, 0, 10, 13, 10, 13, 3, 13, 13, 13, 6, 13, 13, 13, 5, 13, 13, 13, 3, 13, 13, 13, 5, 13, 13, 13, 10, 13, 1, 13, 0, 0, 0, 0, 0, 0, 0, 0, 3, 13, 13, 13, 5, 13, 6, 13, 0, 0, 10, 13, 0, 0, 9, 13]",171.8088662898835
11061016,C#,56,"[5, 13, 10, 13, 10, 13, 1, 13, 1, 13, 13, 13, 0, 0, 1, 13, 3, 13, 6, 13, 0, 0, 5, 13, 0, 0, 3, 13, 0, 0, 1, 13, 1, 13, 13, 13, 12, 13, 13, 13, 10, 13, 12, 13, 12, 13, 13, 13, 0, 0, 0, 0, 1, 13, 13, 13, 12, 13, 12, 13, 10, 13, 13, 13]",193.29571399518176
11061016,C#,300,"[8, 13, 13, 13, 6, 13, 6, 13, 5, 13, 5, 13, 3, 13, 5, 13, 0, 0, 10, 13, 0, 0, 1, 13, 0, 0, 0, 0, 0, 0, 1, 13, 3, 13, 13, 13, 6, 13, 13, 13, 5, 13, 13, 13, 3, 13, 3, 13, 5, 13, 13, 13, 10, 13, 13, 13, 1, 13, 13, 13, 0, 0, 1, 13]",192.57428544084263
11061016,C#,124,"[0, 0, 10, 13, 12, 13, 1, 13, 0, 0, 12, 13, 10, 13, 1, 13, 0, 0, 3, 13, 0, 0, 12, 13, 12, 13, 13, 13, 0, 0, 0, 0, 0, 0, 5, 13, 5, 13, 13, 13, 5, 13, 3, 13, 1, 13, 1, 13, 0, 0, 5, 13, 5, 13, 5, 13, 13, 13, 3, 13, 1, 13, 1, 13]",190.9461113722685
11061016,C#,476,"[1, 13, 13, 1, 13, 12, 13, 13, 1, 13, 13, 3, 13, 12, 13, 13, 0, 0, 0, 0, 5, 13, 13, 13, 5, 13, 13, 13, 5, 13, 13, 13, 3, 13, 13, 13, 13, 13, 13, 13, 13, 13, 13, 13, 10, 13, 13, 13, 10, 13, 13, 13, 13, 13, 13, 13, 13, 13, 13, 13, 13, 13, 13, 13]",196.48532999105362
11061016,C#,148,"[0, 0, 1, 13, 1, 13, 13, 13, 1, 13, 12, 13, 10, 13, 10, 13, 0, 0, 7, 13, 10, 13, 12, 13, 1, 13, 12, 13, 10, 13, 10, 13, 0, 0, 1, 13, 1, 13, 10, 13, 1, 13, 10, 13, 1, 13, 3, 13, 12, 13, 13, 13, 5, 13, 13, 13, 3, 13, 13, 13, 5, 13, 13, 13]",191.21799975868504
11061016,C#,292,"[0, 0, 1, 13, 1, 13, 13, 13, 12, 13, 10, 13, 0, 0, 8, 13, 0, 0, 1, 13, 0, 0, 5, 13, 5, 13, 13, 13, 0, 0, 10, 13, 8, 13, 13, 13, 6, 13, 6, 13, 5, 13, 5, 13, 3, 13, 5, 13, 0, 0, 10, 13, 0, 0, 1, 13, 0, 0, 0, 0, 0, 0, 1, 13]",183.69169636554201
11061016,C#,100,"[0, 0, 5, 13, 5, 13, 13, 13, 5, 13, 3, 13, 1, 13, 1, 13, 0, 0, 5, 13, 5, 13, 13, 13, 5, 13, 3, 13, 1, 13, 1, 13, 0, 0, 5, 13, 5, 13, 13, 13, 5, 13, 3, 13, 1, 13, 3, 13, 5, 13, 13, 13, 13, 13, 13, 13, 1, 13, 13, 13, 13, 13, 13, 13]",185.44882578820426
11061016,C#,328,"[8, 13, 1, 13, 0, 0, 5, 13, 5, 13, 13, 13, 8, 13, 10, 13, 8, 13, 13, 13, 6, 13, 13, 13, 5, 13, 13, 13, 3, 13, 13, 13, 5, 13, 10, 13, 0, 0, 1, 13, 0, 0, 0, 0, 0, 0, 0, 0, 3, 13, 13, 13, 6, 13, 13, 13, 5, 13, 5, 13, 3, 13, 13, 13]",180.6432098306127
11061016,C#,456,"[0, 0, 0, 0, 0, 0, 0, 0, 0, 0, 0, 0, 0, 0, 12, 13, 1, 13, 13, 13, 1, 13, 12, 13, 1, 13, 3, 13, 0, 0, 12, 13, 0, 0, 5, 13, 5, 13, 13, 13, 3, 13, 13, 13, 5, 13, 13, 13, 3, 13, 13, 13, 13, 13, 13, 13, 1, 13, 13, 13, 13, 13, 13, 13]",185.14762936676766
7090923,F,148,"[5, 5, 5, 5, 5, 3, 3, 3, 13, 1, 1, 1, 1, 12, 12, 12, 12, 1, 1, 1, 1, 13, 0, 0, 12, 1, 1, 1, 13, 0, 0, 0, 5, 13, 0, 0, 3, 13, 0, 0, 1, 13, 0, 0, 12, 13, 0, 0, 12, 1, 1, 1, 13, 0, 0, 0, 12, 1, 1, 1, 13, 0, 0, 0]",171.40576808514652
7090923,F,272,"[5, 5, 5, 5, 5, 3, 3, 3, 13, 1, 1, 1, 1, 12, 12, 12, 12, 1, 1, 1, 13, 0, 0, 0, 12, 1, 1, 1, 13, 0, 0, 0, 5, 13, 0, 0, 3, 13, 0, 0, 1, 13, 0, 0, 12, 13, 0, 0, 12, 1, 1, 1, 13, 0, 0, 0, 12, 1, 1, 1, 13, 0, 0, 0]",141.28116612017655
7090923,F,380,"[0, 0, 3, 13, 3, 13, 1, 13, 5, 13, 13, 3, 13, 1, 10, 13, 0, 0, 0, 0, 0, 0, 1, 13, 3, 13, 1, 3, 13, 1, 3, 1, 10, 13, 13, 13, 0, 0, 0, 0, 0, 0, 5, 13, 5, 3, 1, 13, 5, 13, 13, 13, 13, 13, 13, 13, 13, 13, 13, 13, 13, 13, 13, 13]",153.85341135807536
7090923,F,392,"[5, 13, 13, 13, 13, 13, 13, 13, 13, 13, 13, 13, 13, 13, 13, 13, 5, 13, 13, 13, 13, 13, 13, 13, 13, 13, 13, 13, 13, 13, 13, 13, 5, 13, 13, 13, 13, 13, 13, 13, 0, 0, 0, 0, 0, 0, 0, 0, 0, 0, 3, 13, 3, 13, 1, 13, 5, 13, 13, 3, 13, 1, 10, 13]",173.47987517887157
7090923,F,120,"[1, 1, 8, 13, 0, 8, 8, 10, 13, 10, 13, 10, 13, 10, 1, 1, 3, 13, 13, 3, 13, 0, 0, 0, 1, 3, 13, 3, 13, 0, 0, 10, 1, 3, 13, 3, 13, 1, 13, 5, 13, 3, 13, 3, 13, 0, 0, 10, 1, 3, 13, 3, 13, 0, 0, 0, 1, 3, 13, 3, 13, 0, 0, 10]",184.94698205009212
7090923,F,136,"[1, 3, 13, 3, 13, 1, 13, 5, 13, 3, 13, 3, 10, 13, 0, 0, 5, 5, 5, 5, 5, 3, 3, 3, 13, 1, 1, 1, 1, 12, 12, 12, 12, 1, 1, 1, 13, 0, 0, 0, 12, 1, 1, 1, 13, 1, 0, 0, 5, 5, 5, 5, 5, 3, 3, 3, 13, 1, 1, 1, 1, 12, 12, 12]",175.34476799183818
7090923,F,132,"[1, 3, 13, 3, 13, 0, 0, 0, 1, 3, 13, 3, 13, 0, 0, 10, 1, 3, 13, 3, 13, 1, 13, 5, 13, 3, 13, 3, 10, 13, 0, 0, 5, 5, 5, 5, 5, 3, 3, 3, 13, 1, 1, 1, 1, 12, 12, 12, 12, 1, 1, 1, 13, 0, 0, 0, 12, 1, 1, 1, 13, 1, 0, 0]",180.82987946904794
7090923,F,28,"[1, 1, 10, 13, 0, 0, 8, 13, 10, 13, 10, 10, 13, 0, 0, 3, 5, 5, 13, 5, 5, 13, 10, 1, 1, 1, 13, 3, 13, 10, 10, 13, 1, 13, 1, 1, 1, 13, 8, 10, 13, 10, 13, 10, 13, 10, 1, 1, 3, 13, 13, 3, 3, 13, 0, 0, 1, 3, 13, 3, 13, 0, 0, 10]",151.5132774849378
7090923,F,220,"[0, 0, 0, 0, 0, 0, 0, 0, 0, 0, 5, 13, 5, 3, 1, 5, 5, 13, 13, 13, 13, 13, 13, 13, 13, 13, 13, 13, 13, 13, 13, 13, 5, 13, 13, 13, 13, 13, 5, 3, 1, 13, 10, 13, 1, 3, 13, 5, 5, 13, 3, 1, 3, 10, 13, 1, 13, 1, 13, 3, 13, 10, 10, 1]",148.589237375632
7090923,F,268,"[12, 1, 1, 1, 13, 1, 0, 0, 12, 1, 1, 1, 13, 1, 0, 0, 5, 5, 5, 5, 5, 3, 3, 3, 13, 1, 1, 1, 1, 12, 12, 12, 12, 1, 1, 1, 13, 0, 0, 0, 12, 1, 1, 1, 13, 0, 0, 0, 5, 13, 0, 0, 3, 13, 0, 0, 1, 13, 0, 0, 12, 13, 0, 0]",161.7670317063292
7090923,F,396,"[5, 13, 13, 13, 13, 13, 13, 13, 13, 13, 13, 13, 13, 13, 13, 13, 5, 13, 13, 13, 13, 13, 13, 13, 0, 0, 0, 0, 0, 0, 0, 0, 0, 0, 3, 13, 3, 13, 1, 13, 5, 13, 13, 3, 13, 1, 10, 13, 0, 0, 3, 13, 3, 13, 1, 13, 5, 13, 13, 3, 13, 0, 0, 0]",140.74415274004033
7090923,F,44,"[1, 3, 13, 3, 13, 1, 13, 5, 13, 3, 13, 3, 13, 13, 13, 10, 1, 3, 13, 3, 13, 13, 13, 10, 10, 3, 13, 3, 13, 13, 13, 10, 1, 3, 13, 3, 13, 1, 13, 5, 13, 3, 13, 3, 13, 0, 0, 0, 5, 5, 5, 5, 5, 3, 3, 3, 13, 1, 1, 1, 1, 12, 12, 12]",159.63160318548537
7090923,F,48,"[1, 3, 13, 3, 13, 13, 13, 10, 10, 3, 13, 3, 13, 13, 13, 10, 1, 3, 13, 3, 13, 1, 13, 5, 13, 3, 13, 3, 13, 0, 0, 0, 5, 5, 5, 5, 5, 3, 3, 3, 13, 1, 1, 1, 1, 12, 12, 12, 12, 1, 1, 1, 13, 0, 0, 0, 12, 1, 1, 1, 1, 13, 0, 0]",163.4741120230342
7090923,F,292,"[1, 1, 1, 5, 5, 13, 13, 13, 13, 13, 13, 13, 13, 13, 13, 13, 3, 13, 13, 13, 13, 13, 13, 13, 13, 13, 13, 13, 3, 5, 3, 1, 1, 13, 13, 13, 13, 13, 13, 13, 13, 13, 13, 13, 13, 13, 13, 13, 12, 13, 13, 13, 13, 13, 13, 13, 12, 0, 5, 13, 13, 13, 13, 13]",172.2890671713655
7090923,F,212,"[0, 0, 3, 13, 3, 13, 1, 13, 5, 13, 13, 3, 13, 1, 10, 13, 0, 0, 0, 0, 0, 0, 1, 13, 3, 13, 1, 3, 13, 1, 3, 1, 0, 0, 0, 0, 0, 0, 0, 0, 0, 0, 5, 13, 5, 3, 1, 5, 5, 13, 13, 13, 13, 13, 13, 13, 13, 13, 13, 13, 13, 13, 13, 13]",170.1211743655764
7090923,F,264,"[5, 5, 5, 5, 5, 3, 3, 3, 13, 1, 1, 1, 1, 12, 12, 12, 12, 1, 1, 1, 13, 1, 0, 0, 12, 1, 1, 1, 13, 1, 0, 0, 5, 5, 5, 5, 5, 3, 3, 3, 13, 1, 1, 1, 1, 12, 12, 12, 12, 1, 1, 1, 13, 0, 0, 0, 12, 1, 1, 1, 13, 0, 0, 0]",184.14980349754737
7090923,F,28,"[1, 1, 10, 13, 0, 0, 8, 13, 10, 13, 10, 10, 13, 0, 0, 3, 5, 5, 13, 5, 5, 13, 10, 1, 1, 1, 13, 3, 13, 10, 10, 13, 1, 13, 1, 1, 1, 13, 8, 10, 13, 10, 13, 10, 13, 10, 1, 1, 3, 13, 13, 3, 3, 13, 0, 0, 1, 3, 13, 3, 13, 0, 0, 10]",174.1453930202494
7090923,F,388,"[10, 13, 13, 13, 0, 0, 0, 0, 0, 0, 5, 13, 5, 3, 1, 13, 5, 13, 13, 13, 13, 13, 13, 13, 13, 13, 13, 13, 13, 13, 13, 13, 5, 13, 13, 13, 13, 13, 13, 13, 13, 13, 13, 13, 13, 13, 13, 13, 5, 13, 13, 13, 13, 13, 13, 13, 0, 0, 0, 0, 0, 0, 0, 0]",172.48610734526937
7090923,F,228,"[5, 13, 13, 13, 13, 13, 5, 3, 1, 13, 10, 13, 1, 3, 13, 5, 5, 13, 3, 1, 3, 10, 13, 1, 13, 1, 13, 3, 13, 10, 10, 1, 1, 1, 10, 13, 0, 8, 13, 10, 13, 10, 10, 13, 0, 0, 0, 0, 5, 5, 13, 5, 13, 0, 10, 1, 13, 1, 13, 3, 13, 10, 10, 13]",174.57554479577408
7090923,F,88,"[3, 13, 13, 13, 13, 13, 13, 13, 13, 13, 13, 13, 3, 13, 5, 3, 1, 13, 13, 13, 13, 13, 13, 13, 13, 13, 13, 13, 13, 13, 13, 13, 12, 13, 13, 13, 13, 13, 13, 13, 12, 0, 5, 13, 0, 5, 3, 13, 5, 1, 1, 13, 0, 0, 0, 0, 0, 0, 0, 0, 0, 0, 0, 0]",175.01020549976343
7090923,F,296,"[3, 13, 13, 13, 13, 13, 13, 13, 13, 13, 13, 13, 3, 5, 3, 1, 1, 13, 13, 13, 13, 13, 13, 13, 13, 13, 13, 13, 13, 13, 13, 13, 12, 13, 13, 13, 13, 13, 13, 13, 12, 0, 5, 13, 13, 13, 13, 13, 1, 13, 0, 0, 0, 0, 0, 0, 0, 0, 0, 0, 0, 0, 0, 0]",164.22394682670043
7090923,F,360,"[0, 0, 3, 13, 3, 13, 1, 13, 5, 13, 13, 3, 13, 1, 10, 13, 0, 0, 3, 13, 3, 13, 1, 13, 5, 13, 13, 3, 13, 1, 10, 13, 5, 13, 0, 0, 3, 13, 0, 0, 1, 13, 0, 0, 12, 13, 0, 0, 10, 13, 13, 13, 0, 8, 10, 1, 0, 0, 0, 0, 0, 0, 0, 0]",174.63416086581418
7090923,F,228,"[5, 13, 13, 13, 13, 13, 5, 3, 1, 13, 10, 13, 1, 3, 13, 5, 5, 13, 3, 1, 3, 10, 13, 1, 13, 1, 13, 3, 13, 10, 10, 1, 1, 1, 10, 13, 0, 8, 13, 10, 13, 10, 10, 13, 0, 0, 0, 0, 5, 5, 13, 5, 13, 0, 10, 1, 13, 1, 13, 3, 13, 10, 10, 13]",176.99999563120005
7090923,F,252,"[1, 3, 13, 3, 13, 1, 13, 5, 13, 3, 13, 3, 13, 0, 0, 10, 1, 3, 13, 3, 13, 0, 0, 10, 1, 3, 13, 3, 13, 0, 0, 10, 1, 3, 13, 3, 13, 1, 13, 5, 13, 3, 13, 3, 10, 13, 13, 13, 5, 5, 5, 5, 5, 3, 3, 3, 13, 1, 1, 1, 1, 12, 12, 12]",162.16156294698342
7090923,F,276,"[12, 1, 1, 1, 13, 0, 0, 0, 12, 1, 1, 1, 13, 0, 0, 0, 5, 13, 0, 0, 3, 13, 0, 0, 1, 13, 0, 0, 12, 13, 0, 0, 12, 1, 1, 1, 13, 0, 0, 0, 12, 1, 1, 1, 13, 0, 0, 0, 5, 13, 0, 0, 3, 13, 0, 0, 1, 13, 0, 0, 12, 13, 0, 0]",140.6224116714956
7090923,F,212,"[0, 0, 3, 13, 3, 13, 1, 13, 5, 13, 13, 3, 13, 1, 10, 13, 0, 0, 0, 0, 0, 0, 1, 13, 3, 13, 1, 3, 13, 1, 3, 1, 0, 0, 0, 0, 0, 0, 0, 0, 0, 0, 5, 13, 5, 3, 1, 5, 5, 13, 13, 13, 13, 13, 13, 13, 13, 13, 13, 13, 13, 13, 13, 13]",173.48122785741091
7090923,F,108,"[8, 13, 5, 3, 5, 3, 1, 3, 0, 3, 13, 5, 13, 10, 10, 10, 1, 13, 1, 3, 13, 13, 13, 8, 10, 10, 10, 13, 0, 0, 5, 5, 8, 5, 13, 3, 13, 1, 13, 3, 13, 1, 13, 5, 13, 10, 10, 1, 1, 1, 8, 13, 0, 8, 8, 10, 13, 10, 13, 10, 13, 10, 1, 1]",181.74744641159802
7090923,F,348,"[5, 13, 13, 13, 13, 13, 13, 13, 13, 13, 13, 13, 13, 13, 13, 13, 5, 13, 13, 13, 13, 13, 13, 13, 13, 13, 13, 13, 13, 13, 13, 13, 5, 13, 13, 13, 13, 13, 13, 13, 5, 13, 3, 13, 3, 13, 1, 13, 0, 0, 3, 13, 3, 13, 1, 13, 5, 13, 13, 3, 13, 1, 10, 13]",176.18658493618267
7090923,F,124,"[3, 13, 13, 3, 13, 0, 0, 0, 1, 3, 13, 3, 13, 0, 0, 10, 1, 3, 13, 3, 13, 1, 13, 5, 13, 3, 13, 3, 13, 0, 0, 10, 1, 3, 13, 3, 13, 0, 0, 0, 1, 3, 13, 3, 13, 0, 0, 10, 1, 3, 13, 3, 13, 1, 13, 5, 13, 3, 13, 3, 10, 13, 0, 0]",171.07481273584347
7090923,F,344,"[10, 13, 13, 13, 0, 0, 0, 0, 0, 0, 5, 13, 5, 3, 1, 5, 5, 13, 13, 13, 13, 13, 13, 13, 13, 13, 13, 13, 13, 13, 13, 13, 5, 13, 13, 13, 13, 13, 13, 13, 13, 13, 13, 13, 13, 13, 13, 13, 5, 13, 13, 13, 13, 13, 13, 13, 5, 13, 3, 13, 3, 13, 1, 13]",159.47063443929846
7090923,F,64,"[5, 5, 5, 5, 5, 3, 3, 3, 13, 1, 1, 1, 1, 12, 12, 12, 12, 1, 1, 1, 13, 0, 0, 0, 12, 1, 1, 1, 13, 13, 0, 0, 5, 13, 0, 0, 3, 13, 0, 0, 1, 13, 0, 0, 12, 13, 0, 0, 12, 1, 1, 1, 13, 0, 0, 0, 12, 1, 1, 1, 13, 0, 0, 0]",147.1878624088282
7090923,F,20,"[0, 0, 0, 0, 0, 0, 0, 0, 0, 0, 10, 13, 1, 3, 13, 5, 5, 13, 3, 1, 3, 10, 13, 1, 13, 1, 13, 3, 13, 10, 10, 1, 1, 1, 10, 13, 0, 0, 8, 13, 10, 13, 10, 10, 13, 0, 0, 3, 5, 5, 13, 5, 5, 13, 10, 1, 1, 1, 13, 3, 13, 10, 10, 13]",151.42850962980296
7090923,F,436,"[5, 13, 13, 13, 13, 13, 13, 13, 13, 13, 13, 13, 13, 13, 13, 13, 5, 13, 13, 13, 13, 13, 13, 13, 13, 13, 13, 13, 13, 13, 13, 13, 5, 13, 13, 13, 13, 13, 13, 13, 0, 0, 0, 0, 0, 0, 0, 0, 0, 0, 3, 13, 3, 13, 1, 13, 5, 13, 13, 3, 13, 1, 10, 13]",142.8840901893488
7090923,F,84,"[1, 1, 1, 5, 5, 13, 13, 13, 13, 13, 13, 13, 13, 13, 13, 13, 3, 13, 13, 13, 13, 13, 13, 13, 13, 13, 13, 13, 3, 13, 5, 3, 1, 13, 13, 13, 13, 13, 13, 13, 13, 13, 13, 13, 13, 13, 13, 13, 12, 13, 13, 13, 13, 13, 13, 13, 12, 0, 5, 13, 0, 5, 3, 13]",178.0307366782121
7090923,F,128,"[1, 3, 13, 3, 13, 1, 13, 5, 13, 3, 13, 3, 13, 0, 0, 10, 1, 3, 13, 3, 13, 0, 0, 0, 1, 3, 13, 3, 13, 0, 0, 10, 1, 3, 13, 3, 13, 1, 13, 5, 13, 3, 13, 3, 10, 13, 0, 0, 5, 5, 5, 5, 5, 3, 3, 3, 13, 1, 1, 1, 1, 12, 12, 12]",140.3437598923821
7090923,F,172,"[3, 13, 13, 13, 13, 13, 13, 13, 13, 13, 13, 13, 3, 5, 3, 1, 1, 13, 13, 13, 13, 13, 13, 13, 13, 13, 13, 13, 13, 13, 13, 13, 12, 13, 13, 13, 13, 13, 10, 13, 13, 13, 13, 13, 13, 13, 10, 13, 10, 13, 13, 13, 8, 13, 13, 13, 0, 0, 0, 0, 0, 0, 0, 0]",161.9293531310555
7090923,F,144,"[12, 1, 1, 1, 13, 0, 0, 0, 12, 1, 1, 1, 13, 1, 0, 0, 5, 5, 5, 5, 5, 3, 3, 3, 13, 1, 1, 1, 1, 12, 12, 12, 12, 1, 1, 1, 1, 13, 0, 0, 12, 1, 1, 1, 13, 0, 0, 0, 5, 13, 0, 0, 3, 13, 0, 0, 1, 13, 0, 0, 12, 13, 0, 0]",170.37863418090618
7090923,F,232,"[5, 13, 3, 1, 3, 10, 13, 1, 13, 1, 13, 3, 13, 10, 10, 1, 1, 1, 10, 13, 0, 8, 13, 10, 13, 10, 10, 13, 0, 0, 0, 0, 5, 5, 13, 5, 13, 0, 10, 1, 13, 1, 13, 3, 13, 10, 10, 13, 1, 13, 1, 1, 13, 0, 8, 10, 13, 10, 13, 10, 13, 10, 1, 1]",180.4330937641614
7090923,F,380,"[0, 0, 3, 13, 3, 13, 1, 13, 5, 13, 13, 3, 13, 1, 10, 13, 0, 0, 0, 0, 0, 0, 1, 13, 3, 13, 1, 3, 13, 1, 3, 1, 10, 13, 13, 13, 0, 0, 0, 0, 0, 0, 5, 13, 5, 3, 1, 13, 5, 13, 13, 13, 13, 13, 13, 13, 13, 13, 13, 13, 13, 13, 13, 13]",178.085294712634
7090923,F,392,"[5, 13, 13, 13, 13, 13, 13, 13, 13, 13, 13, 13, 13, 13, 13, 13, 5, 13, 13, 13, 13, 13, 13, 13, 13, 13, 13, 13, 13, 13, 13, 13, 5, 13, 13, 13, 13, 13, 13, 13, 0, 0, 0, 0, 0, 0, 0, 0, 0, 0, 3, 13, 3, 13, 1, 13, 5, 13, 13, 3, 13, 1, 10, 13]",151.7157283729992
7090923,F,128,"[1, 3, 13, 3, 13, 1, 13, 5, 13, 3, 13, 3, 13, 0, 0, 10, 1, 3, 13, 3, 13, 0, 0, 0, 1, 3, 13, 3, 13, 0, 0, 10, 1, 3, 13, 3, 13, 1, 13, 5, 13, 3, 13, 3, 10, 13, 0, 0, 5, 5, 5, 5, 5, 3, 3, 3, 13, 1, 1, 1, 1, 12, 12, 12]",167.79411638498624
