score_id,key,segment_start,melody_vector,final_score
13631323,C,8,"[3, 13, 5, 13, 6, 13, 8, 13, 10, 13, 13, 13, 3, 13, 13, 13, 12, 13, 13, 13, 13, 13, 13, 13, 13, 13, 13, 13, 13, 13, 13, 13, 1, 13, 13, 13, 13, 13, 13, 13, 5, 13, 1, 12, 10, 8, 6, 5, 3, 13, 13, 13, 13, 13, 13, 13, 6, 13, 3, 1, 12, 10, 8, 6]",9.596748619421675
13631323,C,12,"[12, 13, 13, 13, 13, 13, 13, 13, 13, 13, 13, 13, 13, 13, 13, 13, 1, 13, 13, 13, 13, 13, 13, 13, 5, 13, 1, 12, 10, 8, 6, 5, 3, 13, 13, 13, 13, 13, 13, 13, 6, 13, 3, 1, 12, 10, 8, 6, 3, 13, 5, 13, 6, 13, 8, 13, 10, 13, 13, 13, 3, 13, 13, 13]",-13.145711750292705
13631323,C,16,"[1, 13, 13, 13, 13, 13, 13, 13, 5, 13, 1, 12, 10, 8, 6, 5, 3, 13, 13, 13, 13, 13, 13, 13, 6, 13, 3, 1, 12, 10, 8, 6, 3, 13, 5, 13, 6, 13, 8, 13, 10, 13, 13, 13, 3, 13, 13, 13, 8, 13, 13, 13, 13, 13, 13, 13, 13, 13, 13, 13, 13, 13, 13, 13]",-2.3444609877875138
13631323,C,8,"[3, 13, 5, 13, 6, 13, 8, 13, 10, 13, 13, 13, 3, 13, 13, 13, 12, 13, 13, 13, 13, 13, 13, 13, 13, 13, 13, 13, 13, 13, 13, 13, 1, 13, 13, 13, 13, 13, 13, 13, 5, 13, 1, 12, 10, 8, 6, 5, 3, 13, 13, 13, 13, 13, 13, 13, 6, 13, 3, 1, 12, 10, 8, 6]",7.260980306782756
7091145,D,220,"[1, 13, 13, 13, 3, 13, 5, 13, 13, 13, 8, 13, 13, 13, 5, 13, 5, 13, 13, 13, 13, 13, 13, 13, 13, 13, 13, 13, 0, 0, 0, 0, 10, 13, 13, 13, 13, 13, 6, 13, 3, 13, 13, 13, 12, 13, 13, 13, 8, 13, 13, 13, 13, 13, 13, 13, 6, 13, 3, 13, 5, 13, 3, 13]",-2.7263233884821574
7091145,D,252,"[1, 13, 13, 13, 13, 13, 13, 13, 13, 13, 13, 13, 0, 0, 0, 0, 6, 13, 13, 13, 1, 13, 13, 13, 12, 13, 13, 13, 8, 13, 13, 13, 1, 13, 13, 13, 13, 13, 5, 13, 13, 13, 13, 13, 8, 13, 13, 13, 8, 13, 13, 13, 13, 13, 12, 13, 13, 13, 13, 13, 3, 13, 13, 13]",32.39073010669006
7091145,D,248,"[8, 13, 13, 13, 13, 13, 12, 13, 13, 13, 13, 13, 3, 13, 13, 13, 1, 13, 13, 13, 13, 13, 13, 13, 13, 13, 13, 13, 0, 0, 0, 0, 6, 13, 13, 13, 1, 13, 13, 13, 12, 13, 13, 13, 8, 13, 13, 13, 1, 13, 13, 13, 13, 13, 5, 13, 13, 13, 13, 13, 8, 13, 13, 13]",23.175810224168018
7091145,D,272,"[1, 13, 13, 13, 5, 13, 8, 13, 8, 13, 13, 13, 13, 13, 13, 13, 6, 13, 13, 13, 10, 13, 1, 13, 1, 13, 13, 13, 13, 13, 13, 13, 12, 13, 13, 13, 13, 13, 10, 13, 13, 13, 13, 13, 8, 13, 13, 13, 5, 13, 13, 13, 13, 13, 1, 13, 1, 13, 13, 13, 13, 13, 13, 13]",32.544427558216796
7091145,D,212,"[6, 13, 13, 13, 3, 13, 13, 13, 12, 13, 13, 13, 3, 13, 8, 13, 8, 13, 13, 13, 13, 13, 13, 13, 13, 13, 13, 13, 0, 0, 0, 0, 1, 13, 13, 13, 3, 13, 5, 13, 13, 13, 8, 13, 13, 13, 5, 13, 5, 13, 13, 13, 13, 13, 13, 13, 13, 13, 13, 13, 0, 0, 0, 0]",30.786215302864335
7091145,D,44,"[11, 13, 13, 13, 13, 13, 1, 13, 3, 13, 11, 13, 3, 13, 6, 13, 6, 13, 13, 13, 13, 13, 13, 13, 13, 13, 13, 13, 13, 13, 13, 13, 1, 13, 13, 13, 13, 13, 4, 13, 13, 13, 13, 13, 8, 13, 13, 13, 6, 13, 13, 13, 13, 13, 10, 13, 13, 13, 13, 13, 1, 13, 13, 13]",28.790313185855013
7091145,D,228,"[10, 13, 13, 13, 13, 13, 6, 13, 3, 13, 13, 13, 12, 13, 13, 13, 8, 13, 13, 13, 13, 13, 13, 13, 6, 13, 3, 13, 5, 13, 3, 13, 1, 13, 13, 13, 13, 13, 13, 13, 13, 13, 13, 13, 0, 0, 0, 0, 5, 13, 13, 13, 2, 13, 13, 13, 5, 13, 13, 13, 8, 13, 13, 13]",32.02228917359355
7091145,D,144,"[4, 13, 13, 13, 13, 13, 13, 13, 13, 13, 13, 13, 0, 0, 0, 0, 5, 13, 13, 13, 2, 13, 13, 13, 11, 13, 13, 13, 2, 13, 7, 13, 7, 13, 13, 13, 13, 13, 13, 13, 13, 13, 13, 13, 0, 0, 0, 0, 12, 13, 13, 13, 4, 13, 7, 13, 13, 13, 12, 13, 13, 13, 4, 13]",-0.8178772861443804
7091145,D,140,"[12, 13, 13, 13, 4, 13, 7, 13, 13, 13, 12, 13, 2, 13, 4, 13, 4, 13, 13, 13, 13, 13, 13, 13, 13, 13, 13, 13, 0, 0, 0, 0, 5, 13, 13, 13, 2, 13, 13, 13, 11, 13, 13, 13, 2, 13, 7, 13, 7, 13, 13, 13, 13, 13, 13, 13, 13, 13, 13, 13, 0, 0, 0, 0]",12.143363858521212
7091145,D,72,"[10, 13, 13, 13, 13, 13, 13, 13, 13, 13, 13, 13, 0, 0, 0, 0, 3, 13, 13, 13, 11, 13, 13, 13, 3, 13, 13, 13, 4, 13, 6, 13, 6, 13, 13, 13, 13, 13, 13, 13, 13, 13, 13, 13, 0, 0, 0, 0, 4, 13, 13, 13, 1, 13, 13, 13, 10, 13, 13, 13, 1, 13, 6, 13]",9.461235091737521
7091145,D,264,"[8, 13, 13, 13, 13, 13, 12, 13, 13, 13, 13, 13, 3, 13, 13, 13, 1, 13, 13, 13, 8, 13, 1, 13, 1, 13, 13, 13, 13, 13, 13, 13, 1, 13, 13, 13, 5, 13, 8, 13, 8, 13, 13, 13, 13, 13, 13, 13, 6, 13, 13, 13, 10, 13, 1, 13, 1, 13, 13, 13, 13, 13, 13, 13]",31.959078390712122
7091145,D,148,"[5, 13, 13, 13, 2, 13, 13, 13, 11, 13, 13, 13, 2, 13, 7, 13, 7, 13, 13, 13, 13, 13, 13, 13, 13, 13, 13, 13, 0, 0, 0, 0, 12, 13, 13, 13, 4, 13, 7, 13, 13, 13, 12, 13, 13, 13, 4, 13, 4, 13, 13, 13, 13, 13, 13, 13, 13, 13, 13, 13, 0, 0, 0, 0]",15.060584783555683
7091145,D,32,"[3, 13, 13, 13, 13, 13, 13, 13, 13, 13, 13, 13, 0, 0, 0, 0, 8, 13, 13, 13, 13, 13, 4, 13, 1, 13, 8, 13, 13, 13, 13, 13, 6, 13, 13, 13, 13, 13, 13, 13, 4, 13, 1, 13, 3, 13, 1, 13, 11, 13, 13, 13, 13, 13, 1, 13, 3, 13, 11, 13, 3, 13, 6, 13]",16.344716167297477
7091145,D,232,"[8, 13, 13, 13, 13, 13, 13, 13, 6, 13, 3, 13, 5, 13, 3, 13, 1, 13, 13, 13, 13, 13, 13, 13, 13, 13, 13, 13, 0, 0, 0, 0, 5, 13, 13, 13, 2, 13, 13, 13, 5, 13, 13, 13, 8, 13, 13, 13, 3, 13, 13, 13, 13, 13, 6, 13, 13, 13, 13, 13, 10, 13, 13, 13]",12.847774432138166
7091145,D,212,"[6, 13, 13, 13, 3, 13, 13, 13, 12, 13, 13, 13, 3, 13, 8, 13, 8, 13, 13, 13, 13, 13, 13, 13, 13, 13, 13, 13, 0, 0, 0, 0, 1, 13, 13, 13, 3, 13, 5, 13, 13, 13, 8, 13, 13, 13, 5, 13, 5, 13, 13, 13, 13, 13, 13, 13, 13, 13, 13, 13, 0, 0, 0, 0]",11.292615993028079
7091145,D,44,"[11, 13, 13, 13, 13, 13, 1, 13, 3, 13, 11, 13, 3, 13, 6, 13, 6, 13, 13, 13, 13, 13, 13, 13, 13, 13, 13, 13, 13, 13, 13, 13, 1, 13, 13, 13, 13, 13, 4, 13, 13, 13, 13, 13, 8, 13, 13, 13, 6, 13, 13, 13, 13, 13, 10, 13, 13, 13, 13, 13, 1, 13, 13, 13]",29.320677631264218
7091145,D,164,"[5, 13, 13, 13, 13, 13, 2, 13, 11, 13, 13, 13, 5, 13, 13, 13, 4, 13, 13, 13, 13, 13, 13, 13, 2, 13, 4, 13, 2, 13, 13, 13, 12, 13, 13, 13, 13, 13, 7, 13, 12, 13, 13, 13, 4, 13, 13, 13, 4, 13, 13, 13, 13, 13, 13, 13, 13, 13, 13, 13, 0, 0, 0, 0]",1.3841093010810965
7091145,D,200,"[8, 13, 13, 13, 13, 13, 13, 13, 13, 13, 13, 13, 0, 0, 0, 0, 5, 13, 13, 13, 1, 13, 13, 13, 5, 13, 13, 13, 6, 13, 8, 13, 8, 13, 13, 13, 13, 13, 13, 13, 13, 13, 13, 13, 0, 0, 0, 0, 6, 13, 13, 13, 3, 13, 13, 13, 12, 13, 13, 13, 3, 13, 8, 13]",24.597186937864706
7091145,D,36,"[8, 13, 13, 13, 13, 13, 4, 13, 1, 13, 8, 13, 13, 13, 13, 13, 6, 13, 13, 13, 13, 13, 13, 13, 4, 13, 1, 13, 3, 13, 1, 13, 11, 13, 13, 13, 13, 13, 1, 13, 3, 13, 11, 13, 3, 13, 6, 13, 6, 13, 13, 13, 13, 13, 13, 13, 13, 13, 13, 13, 13, 13, 13, 13]",17.6639165470214
7091145,D,4,"[8, 13, 13, 13, 6, 13, 13, 13, 4, 13, 13, 13, 1, 13, 10, 13, 10, 13, 13, 13, 13, 13, 13, 13, 13, 13, 13, 13, 0, 0, 0, 0, 3, 13, 13, 13, 11, 13, 3, 13, 13, 13, 13, 13, 4, 13, 6, 13, 6, 13, 13, 13, 13, 13, 13, 13, 13, 13, 13, 13, 0, 0, 0, 0]",12.75728776349284
7091145,D,220,"[1, 13, 13, 13, 3, 13, 5, 13, 13, 13, 8, 13, 13, 13, 5, 13, 5, 13, 13, 13, 13, 13, 13, 13, 13, 13, 13, 13, 0, 0, 0, 0, 10, 13, 13, 13, 13, 13, 6, 13, 3, 13, 13, 13, 12, 13, 13, 13, 8, 13, 13, 13, 13, 13, 13, 13, 6, 13, 3, 13, 5, 13, 3, 13]",2.3430948084944703
7091145,D,44,"[11, 13, 13, 13, 13, 13, 1, 13, 3, 13, 11, 13, 3, 13, 6, 13, 6, 13, 13, 13, 13, 13, 13, 13, 13, 13, 13, 13, 13, 13, 13, 13, 1, 13, 13, 13, 13, 13, 4, 13, 13, 13, 13, 13, 8, 13, 13, 13, 6, 13, 13, 13, 13, 13, 10, 13, 13, 13, 13, 13, 1, 13, 13, 13]",20.748256391180746
7091145,D,40,"[6, 13, 13, 13, 13, 13, 13, 13, 4, 13, 1, 13, 3, 13, 1, 13, 11, 13, 13, 13, 13, 13, 1, 13, 3, 13, 11, 13, 3, 13, 6, 13, 6, 13, 13, 13, 13, 13, 13, 13, 13, 13, 13, 13, 13, 13, 13, 13, 1, 13, 13, 13, 13, 13, 4, 13, 13, 13, 13, 13, 8, 13, 13, 13]",21.6306096481146
7091145,D,32,"[3, 13, 13, 13, 13, 13, 13, 13, 13, 13, 13, 13, 0, 0, 0, 0, 8, 13, 13, 13, 13, 13, 4, 13, 1, 13, 8, 13, 13, 13, 13, 13, 6, 13, 13, 13, 13, 13, 13, 13, 4, 13, 1, 13, 3, 13, 1, 13, 11, 13, 13, 13, 13, 13, 1, 13, 3, 13, 11, 13, 3, 13, 6, 13]",5.316599307327465
7091145,D,144,"[4, 13, 13, 13, 13, 13, 13, 13, 13, 13, 13, 13, 0, 0, 0, 0, 5, 13, 13, 13, 2, 13, 13, 13, 11, 13, 13, 13, 2, 13, 7, 13, 7, 13, 13, 13, 13, 13, 13, 13, 13, 13, 13, 13, 0, 0, 0, 0, 12, 13, 13, 13, 4, 13, 7, 13, 13, 13, 12, 13, 13, 13, 4, 13]",39.327464102074764
7091145,D,244,"[3, 13, 13, 13, 13, 13, 6, 13, 13, 13, 13, 13, 10, 13, 13, 13, 8, 13, 13, 13, 13, 13, 12, 13, 13, 13, 13, 13, 3, 13, 13, 13, 1, 13, 13, 13, 13, 13, 13, 13, 13, 13, 13, 13, 0, 0, 0, 0, 6, 13, 13, 13, 1, 13, 13, 13, 12, 13, 13, 13, 8, 13, 13, 13]",15.659788369226149
7091145,D,212,"[6, 13, 13, 13, 3, 13, 13, 13, 12, 13, 13, 13, 3, 13, 8, 13, 8, 13, 13, 13, 13, 13, 13, 13, 13, 13, 13, 13, 0, 0, 0, 0, 1, 13, 13, 13, 3, 13, 5, 13, 13, 13, 8, 13, 13, 13, 5, 13, 5, 13, 13, 13, 13, 13, 13, 13, 13, 13, 13, 13, 0, 0, 0, 0]",30.049766387239004
7091145,D,12,"[3, 13, 13, 13, 11, 13, 3, 13, 13, 13, 13, 13, 4, 13, 6, 13, 6, 13, 13, 13, 13, 13, 13, 13, 13, 13, 13, 13, 0, 0, 0, 0, 4, 13, 13, 13, 1, 13, 13, 13, 10, 13, 13, 13, 1, 13, 6, 13, 6, 13, 13, 13, 13, 13, 13, 13, 13, 13, 13, 13, 0, 0, 0, 0]",8.846012335062852
7091145,D,228,"[10, 13, 13, 13, 13, 13, 6, 13, 3, 13, 13, 13, 12, 13, 13, 13, 8, 13, 13, 13, 13, 13, 13, 13, 6, 13, 3, 13, 5, 13, 3, 13, 1, 13, 13, 13, 13, 13, 13, 13, 13, 13, 13, 13, 0, 0, 0, 0, 5, 13, 13, 13, 2, 13, 13, 13, 5, 13, 13, 13, 8, 13, 13, 13]",16.242106882757085
24466366,E,140,"[3, 13, 10, 13, 13, 13, 8, 13, 13, 13, 13, 13, 13, 13, 0, 0, 0, 0, 0, 0, 0, 0, 0, 0, 8, 13, 11, 13, 1, 13, 3, 13, 3, 13, 11, 13, 13, 13, 8, 13, 13, 13, 6, 13, 13, 13, 13, 13, 0, 0, 0, 0, 8, 13, 6, 13, 13, 13, 13, 13, 4, 13, 3, 13]",38.713540197103136
24466366,E,364,"[0, 0, 0, 0, 0, 0, 0, 0, 8, 13, 11, 13, 1, 13, 3, 13, 3, 13, 11, 13, 13, 13, 8, 13, 13, 13, 6, 13, 13, 13, 13, 13, 0, 0, 0, 0, 8, 13, 6, 13, 13, 13, 13, 13, 4, 13, 3, 13, 3, 13, 10, 13, 13, 13, 8, 13, 13, 13, 13, 13, 13, 13, 0, 0]",13.838798281559932
24466366,E,100,"[3, 13, 13, 13, 13, 13, 8, 13, 13, 13, 6, 13, 8, 13, 13, 13, 1, 13, 13, 13, 13, 13, 4, 13, 6, 13, 13, 13, 4, 13, 13, 13, 3, 13, 13, 13, 13, 13, 8, 13, 13, 13, 6, 13, 8, 13, 13, 13, 1, 13, 13, 13, 13, 13, 4, 13, 6, 13, 13, 13, 4, 13, 13, 13]",15.34849691106352
24466366,E,24,"[1, 13, 13, 13, 13, 13, 4, 13, 6, 13, 13, 13, 4, 13, 13, 13, 3, 13, 13, 13, 13, 13, 8, 13, 13, 13, 6, 13, 8, 13, 13, 13, 0, 0, 0, 0, 0, 0, 0, 0, 8, 13, 11, 13, 1, 13, 3, 13, 3, 13, 11, 13, 13, 13, 8, 13, 13, 13, 6, 13, 13, 13, 13, 13]",43.530548213121754
24466366,E,316,"[0, 0, 0, 0, 0, 0, 0, 0, 8, 13, 11, 13, 1, 13, 3, 13, 3, 13, 11, 13, 13, 13, 8, 13, 13, 13, 6, 13, 13, 13, 13, 13, 0, 0, 0, 0, 8, 13, 6, 13, 13, 13, 13, 13, 4, 13, 3, 13, 3, 13, 10, 13, 13, 13, 8, 13, 13, 13, 13, 13, 13, 13, 0, 0]",35.56945317460385
24466366,E,80,"[1, 13, 13, 13, 13, 13, 4, 13, 6, 13, 13, 13, 4, 13, 13, 13, 3, 13, 13, 13, 13, 13, 8, 13, 13, 13, 6, 13, 8, 13, 13, 13, 1, 13, 13, 13, 13, 13, 4, 13, 6, 13, 13, 13, 4, 13, 13, 13, 3, 13, 13, 13, 13, 13, 8, 13, 13, 13, 6, 13, 8, 13, 13, 13]",45.07271813520142
24466366,E,12,"[3, 13, 13, 13, 13, 13, 8, 13, 13, 13, 6, 13, 8, 13, 13, 13, 1, 13, 13, 13, 13, 13, 4, 13, 6, 13, 13, 13, 4, 13, 13, 13, 3, 13, 13, 13, 13, 13, 8, 13, 13, 13, 6, 13, 8, 13, 13, 13, 1, 13, 13, 13, 13, 13, 4, 13, 6, 13, 13, 13, 4, 13, 13, 13]",54.09757271851151
24466366,E,64,"[9, 13, 13, 13, 13, 13, 1, 13, 3, 13, 13, 13, 1, 13, 13, 13, 11, 13, 13, 13, 13, 13, 4, 13, 13, 13, 3, 13, 4, 13, 13, 13, 9, 13, 13, 13, 13, 13, 1, 13, 3, 13, 13, 13, 1, 13, 13, 13, 11, 13, 13, 13, 13, 13, 4, 13, 13, 13, 3, 13, 4, 13, 13, 13]",14.346216346882045
24466366,E,156,"[3, 13, 10, 13, 13, 13, 8, 13, 13, 13, 13, 13, 13, 13, 0, 0, 1, 13, 13, 13, 13, 13, 4, 13, 6, 13, 13, 13, 4, 13, 13, 13, 3, 13, 13, 13, 13, 13, 8, 13, 13, 13, 6, 13, 8, 13, 13, 13, 1, 13, 13, 13, 13, 13, 4, 13, 6, 13, 13, 13, 4, 13, 13, 13]",31.044253841202206
24466366,E,316,"[0, 0, 0, 0, 0, 0, 0, 0, 8, 13, 11, 13, 1, 13, 3, 13, 3, 13, 11, 13, 13, 13, 8, 13, 13, 13, 6, 13, 13, 13, 13, 13, 0, 0, 0, 0, 8, 13, 6, 13, 13, 13, 13, 13, 4, 13, 3, 13, 3, 13, 10, 13, 13, 13, 8, 13, 13, 13, 13, 13, 13, 13, 0, 0]",38.33340959867924
24466366,E,344,"[3, 13, 10, 13, 13, 13, 8, 13, 13, 13, 13, 13, 13, 13, 0, 0, 0, 0, 0, 0, 0, 0, 0, 0, 8, 13, 11, 13, 1, 13, 3, 13, 3, 13, 11, 13, 13, 13, 8, 13, 13, 13, 6, 13, 13, 13, 13, 13, 0, 0, 0, 0, 8, 13, 6, 13, 13, 13, 13, 13, 4, 13, 3, 13]",32.22620889097129
24466366,E,356,"[0, 0, 0, 0, 8, 13, 6, 13, 13, 13, 13, 13, 4, 13, 3, 13, 3, 13, 10, 13, 13, 13, 8, 13, 13, 13, 13, 13, 13, 13, 0, 0, 0, 0, 0, 0, 0, 0, 0, 0, 8, 13, 11, 13, 1, 13, 3, 13, 3, 13, 11, 13, 13, 13, 8, 13, 13, 13, 6, 13, 13, 13, 13, 13]",45.43250005694431
24466366,E,76,"[11, 13, 13, 13, 13, 13, 4, 13, 13, 13, 3, 13, 4, 13, 13, 13, 1, 13, 13, 13, 13, 13, 4, 13, 6, 13, 13, 13, 4, 13, 13, 13, 3, 13, 13, 13, 13, 13, 8, 13, 13, 13, 6, 13, 8, 13, 13, 13, 1, 13, 13, 13, 13, 13, 4, 13, 6, 13, 13, 13, 4, 13, 13, 13]",43.404126647358915
24466366,E,92,"[3, 13, 13, 13, 13, 13, 8, 13, 13, 13, 6, 13, 8, 13, 13, 13, 1, 13, 13, 13, 13, 13, 4, 13, 6, 13, 13, 13, 4, 13, 13, 13, 3, 13, 13, 13, 13, 13, 8, 13, 13, 13, 6, 13, 8, 13, 13, 13, 1, 13, 13, 13, 13, 13, 4, 13, 6, 13, 13, 13, 4, 13, 13, 13]",50.404504376192726
24466366,E,148,"[3, 13, 11, 13, 13, 13, 8, 13, 13, 13, 6, 13, 13, 13, 13, 13, 0, 0, 0, 0, 8, 13, 6, 13, 13, 13, 13, 13, 4, 13, 3, 13, 3, 13, 10, 13, 13, 13, 8, 13, 13, 13, 13, 13, 13, 13, 0, 0, 1, 13, 13, 13, 13, 13, 4, 13, 6, 13, 13, 13, 4, 13, 13, 13]",32.7838492221444
24466366,E,180,"[3, 13, 13, 13, 13, 13, 8, 13, 13, 13, 6, 13, 8, 13, 13, 13, 1, 13, 13, 13, 13, 13, 4, 13, 6, 13, 13, 13, 4, 13, 13, 13, 3, 13, 13, 13, 13, 13, 8, 13, 13, 13, 6, 13, 8, 13, 13, 13, 1, 13, 13, 13, 13, 13, 4, 13, 6, 13, 13, 13, 4, 13, 13, 13]",36.755737730049745
24466366,E,136,"[0, 0, 0, 0, 8, 13, 6, 13, 13, 13, 13, 13, 4, 13, 3, 13, 3, 13, 10, 13, 13, 13, 8, 13, 13, 13, 13, 13, 13, 13, 0, 0, 0, 0, 0, 0, 0, 0, 0, 0, 8, 13, 11, 13, 1, 13, 3, 13, 3, 13, 11, 13, 13, 13, 8, 13, 13, 13, 6, 13, 13, 13, 13, 13]",12.390578632667058
24466366,E,204,"[3, 13, 13, 13, 13, 13, 8, 13, 13, 13, 6, 13, 8, 13, 13, 13, 1, 13, 13, 13, 13, 13, 4, 13, 6, 13, 13, 13, 4, 13, 13, 13, 3, 13, 13, 13, 13, 13, 8, 13, 13, 13, 6, 13, 8, 13, 13, 13, 1, 13, 13, 13, 13, 13, 4, 13, 6, 13, 13, 13, 4, 13, 13, 13]",40.05135745123738
24466366,E,240,"[0, 0, 0, 0, 0, 0, 0, 0, 8, 13, 11, 13, 1, 13, 3, 13, 3, 13, 11, 13, 13, 13, 8, 13, 13, 13, 6, 13, 13, 13, 13, 13, 0, 0, 0, 0, 8, 13, 6, 13, 13, 13, 13, 13, 4, 13, 3, 13, 3, 13, 10, 13, 13, 13, 8, 13, 13, 13, 13, 13, 13, 13, 0, 0]",15.019454479625978
24466366,E,356,"[0, 0, 0, 0, 8, 13, 6, 13, 13, 13, 13, 13, 4, 13, 3, 13, 3, 13, 10, 13, 13, 13, 8, 13, 13, 13, 13, 13, 13, 13, 0, 0, 0, 0, 0, 0, 0, 0, 0, 0, 8, 13, 11, 13, 1, 13, 3, 13, 3, 13, 11, 13, 13, 13, 8, 13, 13, 13, 6, 13, 13, 13, 13, 13]",22.077414633961368
24466366,E,228,"[3, 13, 11, 13, 13, 13, 8, 13, 13, 13, 6, 13, 13, 13, 13, 13, 0, 0, 0, 0, 8, 13, 6, 13, 13, 13, 13, 13, 4, 13, 3, 13, 3, 13, 10, 13, 13, 13, 8, 13, 13, 13, 13, 13, 13, 13, 0, 0, 0, 0, 0, 0, 0, 0, 0, 0, 8, 13, 11, 13, 1, 13, 3, 13]",36.56697128254082
24466366,E,136,"[0, 0, 0, 0, 8, 13, 6, 13, 13, 13, 13, 13, 4, 13, 3, 13, 3, 13, 10, 13, 13, 13, 8, 13, 13, 13, 13, 13, 13, 13, 0, 0, 0, 0, 0, 0, 0, 0, 0, 0, 8, 13, 11, 13, 1, 13, 3, 13, 3, 13, 11, 13, 13, 13, 8, 13, 13, 13, 6, 13, 13, 13, 13, 13]",14.998239901809626
24466366,E,44,"[3, 13, 10, 13, 13, 13, 8, 13, 13, 13, 13, 13, 13, 13, 0, 0, 0, 0, 0, 0, 0, 0, 0, 0, 8, 13, 11, 13, 1, 13, 3, 13, 3, 13, 11, 13, 13, 13, 8, 13, 13, 13, 6, 13, 13, 13, 13, 13, 0, 0, 0, 0, 8, 13, 6, 13, 13, 13, 13, 13, 4, 13, 3, 13]",19.54162315905384
24466366,E,48,"[0, 0, 0, 0, 0, 0, 0, 0, 8, 13, 11, 13, 1, 13, 3, 13, 3, 13, 11, 13, 13, 13, 8, 13, 13, 13, 6, 13, 13, 13, 13, 13, 0, 0, 0, 0, 8, 13, 6, 13, 13, 13, 13, 13, 4, 13, 3, 13, 3, 13, 10, 13, 13, 13, 8, 13, 13, 13, 13, 13, 13, 13, 0, 0]",37.23198335449882
24466366,E,48,"[0, 0, 0, 0, 0, 0, 0, 0, 8, 13, 11, 13, 1, 13, 3, 13, 3, 13, 11, 13, 13, 13, 8, 13, 13, 13, 6, 13, 13, 13, 13, 13, 0, 0, 0, 0, 8, 13, 6, 13, 13, 13, 13, 13, 4, 13, 3, 13, 3, 13, 10, 13, 13, 13, 8, 13, 13, 13, 13, 13, 13, 13, 0, 0]",14.192518895355306
24466366,E,136,"[0, 0, 0, 0, 8, 13, 6, 13, 13, 13, 13, 13, 4, 13, 3, 13, 3, 13, 10, 13, 13, 13, 8, 13, 13, 13, 13, 13, 13, 13, 0, 0, 0, 0, 0, 0, 0, 0, 0, 0, 8, 13, 11, 13, 1, 13, 3, 13, 3, 13, 11, 13, 13, 13, 8, 13, 13, 13, 6, 13, 13, 13, 13, 13]",40.617656793764105
24466366,E,12,"[3, 13, 13, 13, 13, 13, 8, 13, 13, 13, 6, 13, 8, 13, 13, 13, 1, 13, 13, 13, 13, 13, 4, 13, 6, 13, 13, 13, 4, 13, 13, 13, 3, 13, 13, 13, 13, 13, 8, 13, 13, 13, 6, 13, 8, 13, 13, 13, 1, 13, 13, 13, 13, 13, 4, 13, 6, 13, 13, 13, 4, 13, 13, 13]",41.4372322183842
24466366,E,264,"[0, 0, 0, 0, 8, 13, 6, 13, 13, 13, 13, 13, 4, 13, 3, 13, 3, 13, 10, 13, 13, 13, 8, 13, 13, 13, 13, 13, 13, 13, 0, 0, 0, 0, 0, 0, 0, 0, 0, 0, 8, 13, 11, 13, 1, 13, 3, 13, 3, 13, 11, 13, 13, 13, 8, 13, 13, 13, 6, 13, 13, 13, 13, 13]",54.41709023746007
24466366,E,156,"[3, 13, 10, 13, 13, 13, 8, 13, 13, 13, 13, 13, 13, 13, 0, 0, 1, 13, 13, 13, 13, 13, 4, 13, 6, 13, 13, 13, 4, 13, 13, 13, 3, 13, 13, 13, 13, 13, 8, 13, 13, 13, 6, 13, 8, 13, 13, 13, 1, 13, 13, 13, 13, 13, 4, 13, 6, 13, 13, 13, 4, 13, 13, 13]",27.280181605783753
24466366,E,192,"[1, 13, 13, 13, 13, 13, 4, 13, 6, 13, 13, 13, 4, 13, 13, 13, 3, 13, 13, 13, 13, 13, 8, 13, 13, 13, 6, 13, 8, 13, 13, 13, 1, 13, 13, 13, 13, 13, 4, 13, 6, 13, 13, 13, 4, 13, 13, 13, 3, 13, 13, 13, 13, 13, 8, 13, 13, 13, 6, 13, 8, 13, 13, 13]",16.946517456374025
24466366,E,192,"[1, 13, 13, 13, 13, 13, 4, 13, 6, 13, 13, 13, 4, 13, 13, 13, 3, 13, 13, 13, 13, 13, 8, 13, 13, 13, 6, 13, 8, 13, 13, 13, 1, 13, 13, 13, 13, 13, 4, 13, 6, 13, 13, 13, 4, 13, 13, 13, 3, 13, 13, 13, 13, 13, 8, 13, 13, 13, 6, 13, 8, 13, 13, 13]",53.068449219133804
24466366,E,168,"[1, 13, 13, 13, 13, 13, 4, 13, 6, 13, 13, 13, 4, 13, 13, 13, 3, 13, 13, 13, 13, 13, 8, 13, 13, 13, 6, 13, 8, 13, 13, 13, 1, 13, 13, 13, 13, 13, 4, 13, 6, 13, 13, 13, 4, 13, 13, 13, 3, 13, 13, 13, 13, 13, 8, 13, 13, 13, 6, 13, 8, 13, 13, 13]",41.3030175424031
24466366,E,328,"[3, 13, 10, 13, 13, 13, 8, 13, 13, 13, 13, 13, 13, 13, 0, 0, 0, 0, 0, 0, 0, 0, 0, 0, 8, 13, 11, 13, 1, 13, 3, 13, 3, 13, 11, 13, 13, 13, 8, 13, 13, 13, 6, 13, 13, 13, 13, 13, 0, 0, 0, 0, 8, 13, 6, 13, 13, 13, 13, 13, 4, 13, 3, 13]",15.285286128182094
24466366,E,112,"[1, 13, 13, 13, 13, 13, 4, 13, 6, 13, 13, 13, 4, 13, 13, 13, 3, 13, 13, 13, 13, 13, 8, 13, 13, 13, 6, 13, 8, 13, 13, 13, 1, 13, 13, 13, 13, 13, 4, 13, 6, 13, 13, 13, 4, 13, 13, 13, 3, 13, 13, 13, 13, 13, 8, 13, 13, 13, 6, 13, 8, 13, 13, 13]",24.065956591320116
24466366,E,332,"[0, 0, 0, 0, 0, 0, 0, 0, 8, 13, 11, 13, 1, 13, 3, 13, 3, 13, 11, 13, 13, 13, 8, 13, 13, 13, 6, 13, 13, 13, 13, 13, 0, 0, 0, 0, 8, 13, 6, 13, 13, 13, 13, 13, 4, 13, 3, 13, 3, 13, 10, 13, 13, 13, 8, 13, 13, 13, 13, 13, 13, 13, 0, 0]",51.4907773505043
24466366,E,308,"[8, 13, 13, 13, 8, 13, 13, 13, 8, 13, 13, 13, 8, 13, 13, 13, 8, 13, 13, 13, 8, 13, 13, 13, 8, 13, 13, 13, 8, 13, 13, 13, 0, 0, 0, 0, 0, 0, 0, 0, 8, 13, 11, 13, 1, 13, 3, 13, 3, 13, 11, 13, 13, 13, 8, 13, 13, 13, 6, 13, 13, 13, 13, 13]",42.00915991829077
24466366,E,344,"[3, 13, 10, 13, 13, 13, 8, 13, 13, 13, 13, 13, 13, 13, 0, 0, 0, 0, 0, 0, 0, 0, 0, 0, 8, 13, 11, 13, 1, 13, 3, 13, 3, 13, 11, 13, 13, 13, 8, 13, 13, 13, 6, 13, 13, 13, 13, 13, 0, 0, 0, 0, 8, 13, 6, 13, 13, 13, 13, 13, 4, 13, 3, 13]",49.1346603611844
24466366,E,220,"[3, 13, 13, 13, 13, 13, 8, 13, 13, 13, 6, 13, 8, 13, 13, 13, 0, 0, 0, 0, 0, 0, 0, 0, 8, 13, 11, 13, 1, 13, 3, 13, 3, 13, 11, 13, 13, 13, 8, 13, 13, 13, 6, 13, 13, 13, 13, 13, 0, 0, 0, 0, 8, 13, 6, 13, 13, 13, 13, 13, 4, 13, 3, 13]",50.296699684840156
24466366,E,208,"[1, 13, 13, 13, 13, 13, 4, 13, 6, 13, 13, 13, 4, 13, 13, 13, 3, 13, 13, 13, 13, 13, 8, 13, 13, 13, 6, 13, 8, 13, 13, 13, 1, 13, 13, 13, 13, 13, 4, 13, 6, 13, 13, 13, 4, 13, 13, 13, 3, 13, 13, 13, 13, 13, 8, 13, 13, 13, 6, 13, 8, 13, 13, 13]",31.924875295865334
24466366,E,140,"[3, 13, 10, 13, 13, 13, 8, 13, 13, 13, 13, 13, 13, 13, 0, 0, 0, 0, 0, 0, 0, 0, 0, 0, 8, 13, 11, 13, 1, 13, 3, 13, 3, 13, 11, 13, 13, 13, 8, 13, 13, 13, 6, 13, 13, 13, 13, 13, 0, 0, 0, 0, 8, 13, 6, 13, 13, 13, 13, 13, 4, 13, 3, 13]",28.978646682796224
24466366,E,216,"[1, 13, 13, 13, 13, 13, 4, 13, 6, 13, 13, 13, 4, 13, 13, 13, 3, 13, 13, 13, 13, 13, 8, 13, 13, 13, 6, 13, 8, 13, 13, 13, 0, 0, 0, 0, 0, 0, 0, 0, 8, 13, 11, 13, 1, 13, 3, 13, 3, 13, 11, 13, 13, 13, 8, 13, 13, 13, 6, 13, 13, 13, 13, 13]",50.37896029269955
24466366,E,184,"[1, 13, 13, 13, 13, 13, 4, 13, 6, 13, 13, 13, 4, 13, 13, 13, 3, 13, 13, 13, 13, 13, 8, 13, 13, 13, 6, 13, 8, 13, 13, 13, 1, 13, 13, 13, 13, 13, 4, 13, 6, 13, 13, 13, 4, 13, 13, 13, 3, 13, 13, 13, 13, 13, 8, 13, 13, 13, 6, 13, 8, 13, 13, 13]",12.596663102883213
24466366,E,60,"[3, 13, 10, 13, 13, 13, 8, 13, 13, 13, 13, 13, 13, 13, 0, 0, 9, 13, 13, 13, 13, 13, 1, 13, 3, 13, 13, 13, 1, 13, 13, 13, 11, 13, 13, 13, 13, 13, 4, 13, 13, 13, 3, 13, 4, 13, 13, 13, 9, 13, 13, 13, 13, 13, 1, 13, 3, 13, 13, 13, 1, 13, 13, 13]",52.993115820357325
24466366,E,136,"[0, 0, 0, 0, 8, 13, 6, 13, 13, 13, 13, 13, 4, 13, 3, 13, 3, 13, 10, 13, 13, 13, 8, 13, 13, 13, 13, 13, 13, 13, 0, 0, 0, 0, 0, 0, 0, 0, 0, 0, 8, 13, 11, 13, 1, 13, 3, 13, 3, 13, 11, 13, 13, 13, 8, 13, 13, 13, 6, 13, 13, 13, 13, 13]",47.726272164518164
24466366,E,84,"[3, 13, 13, 13, 13, 13, 8, 13, 13, 13, 6, 13, 8, 13, 13, 13, 1, 13, 13, 13, 13, 13, 4, 13, 6, 13, 13, 13, 4, 13, 13, 13, 3, 13, 13, 13, 13, 13, 8, 13, 13, 13, 6, 13, 8, 13, 13, 13, 1, 13, 13, 13, 13, 13, 4, 13, 6, 13, 13, 13, 4, 13, 13, 13]",28.57037429747305
24466366,E,76,"[11, 13, 13, 13, 13, 13, 4, 13, 13, 13, 3, 13, 4, 13, 13, 13, 1, 13, 13, 13, 13, 13, 4, 13, 6, 13, 13, 13, 4, 13, 13, 13, 3, 13, 13, 13, 13, 13, 8, 13, 13, 13, 6, 13, 8, 13, 13, 13, 1, 13, 13, 13, 13, 13, 4, 13, 6, 13, 13, 13, 4, 13, 13, 13]",23.238155105914075
22234291,C,24,"[1, 13, 4, 13, 3, 4, 1, 13, 1, 13, 1, 13, 13, 13, 13, 13, 1, 13, 6, 13, 8, 13, 9, 13, 11, 13, 13, 13, 8, 13, 6, 8, 4, 13, 3, 13, 1, 13, 11, 13, 1, 13, 13, 13, 9, 8, 6, 13, 0, 0, 3, 1, 11, 13, 3, 13, 1, 13, 13, 11, 11, 13, 13, 13]",55.187309297364536
22234291,C,56,"[1, 13, 1, 13, 1, 13, 11, 9, 8, 13, 8, 13, 13, 13, 13, 13, 0, 0, 6, 8, 4, 13, 3, 13, 1, 13, 13, 13, 13, 13, 13, 13, 0, 0, 6, 8, 4, 13, 8, 13, 1, 13, 13, 13, 13, 13, 13, 13, 1, 13, 13, 13, 13, 13, 13, 13, 13, 13, 13, 13, 13, 13, 13, 13]",94.05414765922174
22234291,C,44,"[0, 0, 8, 6, 4, 13, 6, 13, 8, 13, 13, 13, 13, 13, 13, 13, 4, 13, 3, 13, 1, 13, 11, 13, 1, 13, 13, 13, 9, 8, 6, 13, 0, 0, 3, 1, 11, 13, 3, 13, 1, 13, 13, 11, 11, 13, 13, 13, 1, 13, 1, 13, 1, 13, 11, 9, 8, 13, 8, 13, 13, 13, 13, 13]",78.49909966357939
22234291,C,32,"[4, 13, 3, 13, 1, 13, 11, 13, 1, 13, 13, 13, 9, 8, 6, 13, 0, 0, 3, 1, 11, 13, 3, 13, 1, 13, 13, 11, 11, 13, 13, 13, 1, 13, 1, 13, 1, 13, 11, 9, 8, 13, 8, 13, 13, 13, 13, 13, 0, 0, 8, 6, 4, 13, 6, 13, 8, 13, 13, 13, 13, 13, 13, 13]",68.93089211782967
22234291,C,32,"[4, 13, 3, 13, 1, 13, 11, 13, 1, 13, 13, 13, 9, 8, 6, 13, 0, 0, 3, 1, 11, 13, 3, 13, 1, 13, 13, 11, 11, 13, 13, 13, 1, 13, 1, 13, 1, 13, 11, 9, 8, 13, 8, 13, 13, 13, 13, 13, 0, 0, 8, 6, 4, 13, 6, 13, 8, 13, 13, 13, 13, 13, 13, 13]",57.08449868494261
22234291,C,20,"[11, 13, 9, 13, 8, 13, 4, 13, 3, 13, 13, 1, 1, 13, 13, 13, 1, 13, 4, 13, 3, 4, 1, 13, 1, 13, 1, 13, 13, 13, 13, 13, 1, 13, 6, 13, 8, 13, 9, 13, 11, 13, 13, 13, 8, 13, 6, 8, 4, 13, 3, 13, 1, 13, 11, 13, 1, 13, 13, 13, 9, 8, 6, 13]",75.20607764579782
6580919,C#,108,"[1, 13, 13, 13, 13, 13, 13, 13, 13, 13, 13, 13, 0, 0, 0, 0, 10, 13, 13, 13, 13, 13, 0, 0, 10, 13, 13, 13, 13, 13, 0, 0, 1, 13, 13, 13, 13, 13, 13, 13, 13, 13, 13, 13, 13, 13, 13, 13, 1, 13, 13, 13, 13, 13, 0, 0, 0, 0, 0, 0, 0, 0, 0, 0]",37.92860081789751
6580919,C#,104,"[3, 13, 0, 0, 8, 13, 0, 0, 8, 10, 8, 13, 5, 13, 3, 13, 1, 13, 13, 13, 13, 13, 13, 13, 13, 13, 13, 13, 0, 0, 0, 0, 10, 13, 13, 13, 13, 13, 0, 0, 10, 13, 13, 13, 13, 13, 0, 0, 1, 13, 13, 13, 13, 13, 13, 13, 13, 13, 13, 13, 13, 13, 13, 13]",21.624981290734738
7015171,G,52,"[10, 13, 13, 13, 13, 13, 10, 13, 8, 13, 6, 13, 8, 13, 13, 13, 8, 13, 13, 13, 13, 13, 13, 13, 13, 13, 13, 13, 13, 13, 13, 13, 0, 0, 0, 0, 0, 0, 0, 0, 0, 0, 1, 13, 11, 13, 8, 13, 8, 13, 13, 13, 13, 13, 13, 13, 0, 0, 0, 0, 6, 13, 8, 13]",196.8140989971677
7015171,G,176,"[0, 0, 3, 3, 3, 13, 4, 13, 4, 13, 4, 13, 11, 13, 1, 13, 3, 13, 13, 13, 3, 13, 13, 13, 1, 13, 11, 13, 10, 13, 8, 13, 11, 13, 8, 13, 13, 13, 13, 13, 8, 13, 13, 13, 13, 13, 13, 13, 0, 0, 0, 0, 0, 0, 0, 0, 1, 13, 1, 13, 11, 13, 1, 13]",167.99387855834772
7015171,G,260,"[3, 13, 13, 13, 3, 13, 13, 13, 10, 13, 8, 13, 6, 13, 13, 13, 0, 0, 3, 13, 3, 13, 4, 13, 4, 13, 3, 13, 1, 13, 11, 13, 1, 13, 13, 13, 1, 13, 13, 13, 11, 8, 6, 13, 13, 13, 13, 13, 0, 0, 11, 11, 11, 13, 3, 13, 1, 13, 11, 13, 11, 13, 1, 13]",190.26658756212822
7015171,G,196,"[0, 0, 0, 0, 0, 0, 0, 0, 1, 13, 1, 13, 11, 13, 1, 13, 11, 13, 8, 13, 13, 13, 13, 13, 8, 13, 13, 13, 13, 13, 13, 13, 0, 0, 0, 0, 0, 0, 0, 0, 1, 13, 1, 13, 11, 13, 1, 13, 1, 13, 3, 13, 13, 13, 13, 13, 3, 13, 13, 13, 13, 13, 13, 13]",175.51812647407553
7015171,G,108,"[1, 13, 13, 13, 6, 13, 13, 13, 3, 1, 11, 13, 13, 13, 13, 13, 0, 0, 3, 3, 3, 13, 4, 13, 4, 13, 4, 13, 11, 13, 1, 13, 3, 13, 13, 13, 3, 13, 13, 13, 1, 13, 11, 13, 10, 13, 8, 13, 11, 13, 8, 13, 13, 13, 13, 13, 8, 13, 13, 13, 13, 13, 13, 13]",191.62951594918792
7015171,G,208,"[1, 13, 3, 13, 13, 13, 13, 13, 3, 13, 13, 13, 13, 13, 13, 13, 0, 0, 0, 0, 0, 0, 0, 0, 1, 13, 1, 13, 11, 13, 1, 13, 3, 13, 13, 13, 13, 13, 3, 3, 6, 13, 3, 13, 13, 13, 1, 13, 3, 13, 3, 13, 1, 13, 11, 13, 3, 13, 13, 13, 1, 13, 13, 13]",165.50917525042655
7015171,G,100,"[3, 13, 13, 13, 3, 13, 13, 13, 10, 13, 8, 13, 6, 13, 13, 13, 0, 0, 3, 13, 3, 13, 4, 13, 4, 13, 3, 13, 1, 13, 11, 13, 1, 13, 13, 13, 6, 13, 13, 13, 3, 1, 11, 13, 13, 13, 13, 13, 0, 0, 3, 3, 3, 13, 4, 13, 4, 13, 4, 13, 11, 13, 1, 13]",191.02035450046077
7015171,G,164,"[3, 13, 13, 13, 3, 13, 13, 13, 10, 13, 8, 13, 6, 13, 13, 13, 0, 0, 3, 13, 3, 13, 4, 13, 4, 13, 3, 13, 1, 13, 11, 13, 1, 13, 13, 13, 6, 13, 13, 13, 3, 1, 11, 13, 13, 13, 13, 13, 0, 0, 3, 3, 3, 13, 4, 13, 4, 13, 4, 13, 11, 13, 1, 13]",191.38879543355733
7015171,G,204,"[0, 0, 0, 0, 0, 0, 0, 0, 1, 13, 1, 13, 11, 13, 1, 13, 1, 13, 3, 13, 13, 13, 13, 13, 3, 13, 13, 13, 13, 13, 13, 13, 0, 0, 0, 0, 0, 0, 0, 0, 1, 13, 1, 13, 11, 13, 1, 13, 3, 13, 13, 13, 13, 13, 3, 3, 6, 13, 3, 13, 13, 13, 1, 13]",172.30866391585636
7015171,G,260,"[3, 13, 13, 13, 3, 13, 13, 13, 10, 13, 8, 13, 6, 13, 13, 13, 0, 0, 3, 13, 3, 13, 4, 13, 4, 13, 3, 13, 1, 13, 11, 13, 1, 13, 13, 13, 1, 13, 13, 13, 11, 8, 6, 13, 13, 13, 13, 13, 0, 0, 11, 11, 11, 13, 3, 13, 1, 13, 11, 13, 11, 13, 1, 13]",194.90521994426223
7015171,G,128,"[8, 13, 13, 13, 13, 13, 13, 13, 0, 0, 0, 0, 6, 13, 8, 13, 10, 13, 13, 13, 10, 13, 13, 13, 8, 13, 6, 13, 13, 13, 8, 13, 8, 13, 13, 13, 13, 13, 13, 13, 0, 0, 0, 0, 11, 13, 1, 13, 3, 13, 13, 13, 3, 13, 3, 13, 1, 13, 11, 13, 10, 13, 13, 13]",185.5790317658462
7015171,G,216,"[3, 13, 13, 13, 13, 13, 3, 3, 6, 13, 3, 13, 13, 13, 1, 13, 3, 13, 3, 13, 1, 13, 11, 13, 3, 13, 13, 13, 1, 13, 13, 13, 11, 13, 8, 13, 13, 13, 13, 13, 13, 13, 13, 13, 13, 13, 6, 13, 6, 13, 6, 13, 3, 13, 11, 13, 1, 13, 13, 13, 13, 13, 3, 13]",172.115135012103
7015171,G,72,"[8, 13, 13, 13, 13, 13, 13, 13, 0, 0, 8, 13, 11, 13, 1, 13, 3, 13, 13, 13, 3, 13, 13, 13, 1, 13, 11, 13, 10, 13, 13, 13, 11, 10, 8, 13, 13, 13, 13, 13, 13, 13, 3, 13, 6, 13, 8, 13, 10, 13, 13, 13, 13, 13, 13, 13, 1, 13, 13, 11, 13, 10, 13, 13]",190.7861282433454
7015171,G,40,"[8, 13, 13, 13, 13, 13, 13, 13, 0, 0, 8, 13, 11, 13, 1, 13, 3, 13, 13, 13, 3, 13, 13, 13, 1, 13, 11, 13, 10, 13, 13, 13, 11, 10, 8, 13, 13, 13, 13, 13, 13, 13, 3, 13, 6, 13, 8, 13, 10, 13, 13, 13, 13, 13, 10, 13, 8, 13, 6, 13, 8, 13, 13, 13]",191.4117418136444
7015171,G,288,"[5, 13, 13, 13, 5, 13, 13, 13, 12, 13, 10, 13, 8, 13, 13, 13, 0, 0, 5, 13, 5, 13, 6, 13, 6, 13, 5, 13, 3, 13, 1, 13, 3, 13, 13, 13, 8, 13, 13, 13, 5, 3, 1, 13, 13, 13, 13, 13, 0, 0, 5, 5, 5, 13, 6, 13, 6, 13, 6, 13, 1, 13, 3, 13]",167.85749912952818
7015171,G,160,"[0, 0, 11, 11, 11, 13, 11, 13, 11, 13, 11, 13, 11, 13, 1, 13, 3, 13, 13, 13, 3, 13, 13, 13, 10, 13, 8, 13, 6, 13, 13, 13, 0, 0, 3, 13, 3, 13, 4, 13, 4, 13, 3, 13, 1, 13, 11, 13, 1, 13, 13, 13, 6, 13, 13, 13, 3, 1, 11, 13, 13, 13, 13, 13]",163.56436130040356
7015171,G,52,"[10, 13, 13, 13, 13, 13, 10, 13, 8, 13, 6, 13, 8, 13, 13, 13, 8, 13, 13, 13, 13, 13, 13, 13, 13, 13, 13, 13, 13, 13, 13, 13, 0, 0, 0, 0, 0, 0, 0, 0, 0, 0, 1, 13, 11, 13, 8, 13, 8, 13, 13, 13, 13, 13, 13, 13, 0, 0, 0, 0, 6, 13, 8, 13]",200.6097766240269
7015171,G,204,"[0, 0, 0, 0, 0, 0, 0, 0, 1, 13, 1, 13, 11, 13, 1, 13, 1, 13, 3, 13, 13, 13, 13, 13, 3, 13, 13, 13, 13, 13, 13, 13, 0, 0, 0, 0, 0, 0, 0, 0, 1, 13, 1, 13, 11, 13, 1, 13, 3, 13, 13, 13, 13, 13, 3, 3, 6, 13, 3, 13, 13, 13, 1, 13]",176.06624189275962
7015171,G,312,"[5, 13, 13, 13, 5, 13, 13, 13, 12, 13, 10, 13, 8, 13, 13, 13, 0, 0, 5, 13, 5, 13, 6, 13, 6, 13, 5, 13, 3, 13, 1, 13, 3, 13, 13, 13, 8, 13, 13, 13, 5, 3, 1, 13, 13, 13, 13, 13, 0, 0, 5, 5, 5, 13, 6, 13, 6, 13, 6, 13, 1, 13, 3, 13]",185.50196656479898
7015171,G,120,"[11, 13, 8, 13, 13, 13, 13, 13, 8, 13, 13, 13, 13, 13, 13, 13, 0, 0, 0, 0, 0, 0, 0, 0, 0, 0, 1, 13, 11, 13, 8, 13, 8, 13, 13, 13, 13, 13, 13, 13, 0, 0, 0, 0, 6, 13, 8, 13, 10, 13, 13, 13, 10, 13, 13, 13, 8, 13, 6, 13, 13, 13, 8, 13]",174.4552328304187
7015171,G,204,"[0, 0, 0, 0, 0, 0, 0, 0, 1, 13, 1, 13, 11, 13, 1, 13, 1, 13, 3, 13, 13, 13, 13, 13, 3, 13, 13, 13, 13, 13, 13, 13, 0, 0, 0, 0, 0, 0, 0, 0, 1, 13, 1, 13, 11, 13, 1, 13, 3, 13, 13, 13, 13, 13, 3, 3, 6, 13, 3, 13, 13, 13, 1, 13]",183.82471606560284
7015171,G,160,"[0, 0, 11, 11, 11, 13, 11, 13, 11, 13, 11, 13, 11, 13, 1, 13, 3, 13, 13, 13, 3, 13, 13, 13, 10, 13, 8, 13, 6, 13, 13, 13, 0, 0, 3, 13, 3, 13, 4, 13, 4, 13, 3, 13, 1, 13, 11, 13, 1, 13, 13, 13, 6, 13, 13, 13, 3, 1, 11, 13, 13, 13, 13, 13]",166.07893819749472
7015171,G,304,"[5, 13, 13, 13, 5, 13, 13, 13, 3, 13, 1, 13, 12, 13, 10, 13, 0, 0, 1, 1, 1, 13, 1, 13, 1, 13, 1, 13, 1, 13, 3, 13, 5, 13, 13, 13, 5, 13, 13, 13, 12, 13, 10, 13, 8, 13, 13, 13, 0, 0, 5, 13, 5, 13, 6, 13, 6, 13, 5, 13, 3, 13, 1, 13]",197.54318775314246
7015171,G,44,"[3, 13, 13, 13, 3, 13, 13, 13, 1, 13, 11, 13, 10, 13, 13, 13, 11, 10, 8, 13, 13, 13, 13, 13, 13, 13, 3, 13, 6, 13, 8, 13, 10, 13, 13, 13, 13, 13, 10, 13, 8, 13, 6, 13, 8, 13, 13, 13, 8, 13, 13, 13, 13, 13, 13, 13, 13, 13, 13, 13, 13, 13, 13, 13]",163.08551797254842
7015171,G,216,"[3, 13, 13, 13, 13, 13, 3, 3, 6, 13, 3, 13, 13, 13, 1, 13, 3, 13, 3, 13, 1, 13, 11, 13, 3, 13, 13, 13, 1, 13, 13, 13, 11, 13, 8, 13, 13, 13, 13, 13, 13, 13, 13, 13, 13, 13, 6, 13, 6, 13, 6, 13, 3, 13, 11, 13, 1, 13, 13, 13, 13, 13, 3, 13]",173.3598678941858
7015171,G,44,"[3, 13, 13, 13, 3, 13, 13, 13, 1, 13, 11, 13, 10, 13, 13, 13, 11, 10, 8, 13, 13, 13, 13, 13, 13, 13, 3, 13, 6, 13, 8, 13, 10, 13, 13, 13, 13, 13, 10, 13, 8, 13, 6, 13, 8, 13, 13, 13, 8, 13, 13, 13, 13, 13, 13, 13, 13, 13, 13, 13, 13, 13, 13, 13]",177.14039225117614
7015171,G,112,"[0, 0, 3, 3, 3, 13, 4, 13, 4, 13, 4, 13, 11, 13, 1, 13, 3, 13, 13, 13, 3, 13, 13, 13, 1, 13, 11, 13, 10, 13, 8, 13, 11, 13, 8, 13, 13, 13, 13, 13, 8, 13, 13, 13, 13, 13, 13, 13, 0, 0, 0, 0, 0, 0, 0, 0, 0, 0, 1, 13, 11, 13, 8, 13]",178.5375237330827
6779622,F,160,"[8, 13, 8, 13, 13, 13, 13, 13, 13, 13, 0, 0, 0, 0, 0, 0, 4, 13, 13, 13, 13, 13, 9, 13, 9, 13, 13, 13, 13, 13, 13, 13, 11, 13, 13, 13, 13, 13, 6, 13, 6, 13, 13, 13, 13, 13, 13, 13, 1, 13, 13, 13, 13, 13, 3, 13, 3, 13, 13, 13, 13, 13, 13, 13]",6.285542677797508
6779622,F,56,"[1, 13, 13, 13, 13, 13, 13, 13, 13, 13, 13, 13, 4, 13, 13, 13, 1, 13, 13, 13, 13, 13, 9, 13, 9, 13, 13, 13, 13, 13, 13, 13, 8, 13, 13, 13, 13, 13, 13, 13, 0, 0, 0, 0, 0, 0, 0, 0, 1, 13, 13, 13, 13, 13, 13, 13, 3, 13, 13, 13, 11, 13, 6, 13]",2.681229201853313
6779622,F,108,"[4, 13, 13, 13, 13, 13, 13, 13, 0, 0, 0, 0, 0, 0, 0, 0, 0, 0, 0, 0, 0, 0, 4, 13, 4, 13, 13, 13, 13, 13, 4, 13, 4, 13, 13, 13, 13, 13, 1, 13, 1, 13, 4, 13, 12, 13, 9, 13, 0, 0, 0, 0, 4, 13, 4, 13, 13, 13, 13, 13, 4, 13, 0, 0]",19.610462299315117
6779622,F,120,"[0, 0, 0, 0, 4, 13, 4, 13, 13, 13, 13, 13, 4, 13, 0, 0, 4, 13, 13, 13, 13, 13, 1, 13, 1, 13, 4, 13, 1, 13, 8, 13, 0, 0, 0, 0, 0, 0, 0, 0, 11, 13, 13, 13, 13, 13, 13, 13, 12, 13, 13, 13, 13, 13, 8, 13, 8, 13, 13, 13, 6, 13, 4, 13]",14.016740964876817
6779622,F,88,"[1, 13, 13, 13, 13, 13, 1, 13, 1, 13, 13, 13, 13, 13, 13, 13, 11, 13, 13, 13, 13, 13, 13, 13, 13, 13, 13, 13, 3, 13, 13, 13, 0, 0, 0, 0, 0, 0, 0, 0, 11, 13, 13, 13, 13, 13, 13, 13, 12, 13, 13, 13, 8, 13, 8, 13, 13, 13, 6, 13, 4, 13, 0, 0]",25.977433347631646
6779622,F,124,"[4, 13, 13, 13, 13, 13, 1, 13, 1, 13, 4, 13, 1, 13, 8, 13, 0, 0, 0, 0, 0, 0, 0, 0, 11, 13, 13, 13, 13, 13, 13, 13, 12, 13, 13, 13, 13, 13, 8, 13, 8, 13, 13, 13, 6, 13, 4, 13, 1, 13, 13, 13, 13, 13, 13, 13, 4, 13, 13, 13, 1, 13, 4, 13]",1.3702548829153045
6779622,F,188,"[9, 13, 13, 13, 13, 13, 13, 13, 13, 13, 13, 13, 9, 13, 1, 13, 0, 0, 0, 0, 0, 0, 0, 0, 11, 13, 13, 13, 13, 13, 13, 13, 1, 13, 13, 13, 13, 13, 13, 13, 4, 13, 13, 13, 1, 13, 4, 13, 4, 13, 13, 13, 13, 13, 1, 13, 1, 13, 13, 13, 13, 13, 13, 13]",-3.309507803148435
6779622,F,104,"[4, 13, 13, 13, 13, 13, 13, 13, 4, 13, 13, 13, 4, 13, 13, 13, 4, 13, 13, 13, 13, 13, 13, 13, 0, 0, 0, 0, 0, 0, 0, 0, 0, 0, 0, 0, 0, 0, 4, 13, 4, 13, 13, 13, 13, 13, 4, 13, 4, 13, 13, 13, 13, 13, 1, 13, 1, 13, 4, 13, 12, 13, 9, 13]",2.484669644126157
6779622,F,12,"[1, 13, 13, 13, 13, 13, 13, 13, 13, 13, 13, 13, 4, 13, 13, 13, 0, 0, 0, 0, 0, 0, 0, 0, 11, 13, 13, 13, 13, 13, 13, 13, 1, 13, 13, 13, 13, 13, 13, 13, 4, 13, 13, 13, 0, 0, 0, 0, 11, 13, 13, 13, 13, 13, 6, 13, 6, 13, 13, 13, 13, 13, 13, 13]",29.530658656589495
6779622,F,60,"[1, 13, 13, 13, 13, 13, 9, 13, 9, 13, 13, 13, 13, 13, 13, 13, 8, 13, 13, 13, 13, 13, 13, 13, 0, 0, 0, 0, 0, 0, 0, 0, 1, 13, 13, 13, 13, 13, 13, 13, 3, 13, 13, 13, 11, 13, 6, 13, 4, 13, 13, 13, 13, 13, 11, 13, 11, 13, 13, 13, 13, 13, 13, 13]",9.215319169294716
6779622,F,68,"[1, 13, 13, 13, 13, 13, 13, 13, 3, 13, 13, 13, 11, 13, 6, 13, 4, 13, 13, 13, 13, 13, 11, 13, 11, 13, 13, 13, 13, 13, 13, 13, 11, 13, 13, 13, 13, 13, 9, 13, 9, 13, 13, 13, 13, 13, 13, 13, 11, 13, 11, 13, 4, 13, 8, 13, 6, 13, 13, 13, 8, 13, 6, 13]",6.833658096481642
6779622,F,40,"[4, 13, 13, 13, 13, 13, 1, 13, 1, 13, 13, 13, 13, 13, 13, 13, 9, 13, 13, 13, 13, 13, 13, 13, 0, 0, 0, 0, 0, 0, 0, 0, 11, 13, 13, 13, 13, 13, 8, 13, 8, 13, 13, 13, 13, 13, 13, 13, 4, 13, 13, 13, 13, 13, 1, 13, 1, 13, 13, 13, 13, 13, 13, 13]",9.089330554099547
6779622,F,68,"[1, 13, 13, 13, 13, 13, 13, 13, 3, 13, 13, 13, 11, 13, 6, 13, 4, 13, 13, 13, 13, 13, 11, 13, 11, 13, 13, 13, 13, 13, 13, 13, 11, 13, 13, 13, 13, 13, 9, 13, 9, 13, 13, 13, 13, 13, 13, 13, 11, 13, 11, 13, 4, 13, 8, 13, 6, 13, 13, 13, 8, 13, 6, 13]",29.633267941129873
6779622,F,136,"[1, 13, 13, 13, 13, 13, 13, 13, 4, 13, 13, 13, 1, 13, 4, 13, 3, 13, 13, 13, 13, 13, 8, 13, 8, 13, 13, 13, 13, 13, 13, 13, 0, 0, 0, 0, 0, 0, 4, 13, 4, 13, 13, 13, 13, 13, 4, 13, 4, 13, 13, 13, 13, 13, 1, 13, 1, 13, 4, 13, 12, 13, 9, 13]",22.13716181230133
6779622,F,112,"[0, 0, 0, 0, 0, 0, 4, 13, 4, 13, 13, 13, 13, 13, 4, 13, 4, 13, 13, 13, 13, 13, 1, 13, 1, 13, 4, 13, 12, 13, 9, 13, 0, 0, 0, 0, 4, 13, 4, 13, 13, 13, 13, 13, 4, 13, 0, 0, 4, 13, 13, 13, 13, 13, 1, 13, 1, 13, 4, 13, 1, 13, 8, 13]",-4.059811136939572
6779622,F,132,"[12, 13, 13, 13, 13, 13, 8, 13, 8, 13, 13, 13, 6, 13, 4, 13, 1, 13, 13, 13, 13, 13, 13, 13, 4, 13, 13, 13, 1, 13, 4, 13, 3, 13, 13, 13, 13, 13, 8, 13, 8, 13, 13, 13, 13, 13, 13, 13, 0, 0, 0, 0, 0, 0, 4, 13, 4, 13, 13, 13, 13, 13, 4, 13]",23.84731655464124
6779622,F,120,"[0, 0, 0, 0, 4, 13, 4, 13, 13, 13, 13, 13, 4, 13, 0, 0, 4, 13, 13, 13, 13, 13, 1, 13, 1, 13, 4, 13, 1, 13, 8, 13, 0, 0, 0, 0, 0, 0, 0, 0, 11, 13, 13, 13, 13, 13, 13, 13, 12, 13, 13, 13, 13, 13, 8, 13, 8, 13, 13, 13, 6, 13, 4, 13]",-8.426983513137657
6779622,F,88,"[1, 13, 13, 13, 13, 13, 1, 13, 1, 13, 13, 13, 13, 13, 13, 13, 11, 13, 13, 13, 13, 13, 13, 13, 13, 13, 13, 13, 3, 13, 13, 13, 0, 0, 0, 0, 0, 0, 0, 0, 11, 13, 13, 13, 13, 13, 13, 13, 12, 13, 13, 13, 8, 13, 8, 13, 13, 13, 6, 13, 4, 13, 0, 0]",24.838340404063004
6779622,F,164,"[4, 13, 13, 13, 13, 13, 9, 13, 9, 13, 13, 13, 13, 13, 13, 13, 11, 13, 13, 13, 13, 13, 6, 13, 6, 13, 13, 13, 13, 13, 13, 13, 1, 13, 13, 13, 13, 13, 3, 13, 3, 13, 13, 13, 13, 13, 13, 13, 8, 13, 13, 13, 13, 13, 13, 13, 13, 13, 13, 13, 8, 13, 11, 13]",25.594272095234004
6779622,F,28,"[9, 13, 13, 13, 13, 13, 13, 13, 0, 0, 0, 0, 0, 0, 0, 0, 11, 13, 13, 13, 13, 13, 6, 13, 6, 13, 13, 13, 13, 13, 13, 13, 8, 13, 13, 13, 13, 13, 3, 13, 3, 13, 13, 13, 13, 13, 13, 13, 4, 13, 13, 13, 13, 13, 1, 13, 1, 13, 13, 13, 13, 13, 13, 13]",-12.010515361833157
6779622,F,40,"[4, 13, 13, 13, 13, 13, 1, 13, 1, 13, 13, 13, 13, 13, 13, 13, 9, 13, 13, 13, 13, 13, 13, 13, 0, 0, 0, 0, 0, 0, 0, 0, 11, 13, 13, 13, 13, 13, 8, 13, 8, 13, 13, 13, 13, 13, 13, 13, 4, 13, 13, 13, 13, 13, 1, 13, 1, 13, 13, 13, 13, 13, 13, 13]",9.847426998108944
6779622,F,20,"[1, 13, 13, 13, 13, 13, 13, 13, 4, 13, 13, 13, 0, 0, 0, 0, 11, 13, 13, 13, 13, 13, 6, 13, 6, 13, 13, 13, 13, 13, 13, 13, 9, 13, 13, 13, 13, 13, 13, 13, 0, 0, 0, 0, 0, 0, 0, 0, 11, 13, 13, 13, 13, 13, 6, 13, 6, 13, 13, 13, 13, 13, 13, 13]",-5.027455655706561
6779622,F,48,"[11, 13, 13, 13, 13, 13, 8, 13, 8, 13, 13, 13, 13, 13, 13, 13, 4, 13, 13, 13, 13, 13, 1, 13, 1, 13, 13, 13, 13, 13, 13, 13, 1, 13, 13, 13, 13, 13, 13, 13, 13, 13, 13, 13, 4, 13, 13, 13, 1, 13, 13, 13, 13, 13, 9, 13, 9, 13, 13, 13, 13, 13, 13, 13]",1.1013925803854079
6779622,F,136,"[1, 13, 13, 13, 13, 13, 13, 13, 4, 13, 13, 13, 1, 13, 4, 13, 3, 13, 13, 13, 13, 13, 8, 13, 8, 13, 13, 13, 13, 13, 13, 13, 0, 0, 0, 0, 0, 0, 4, 13, 4, 13, 13, 13, 13, 13, 4, 13, 4, 13, 13, 13, 13, 13, 1, 13, 1, 13, 4, 13, 12, 13, 9, 13]",14.35790601220944
6779622,F,112,"[0, 0, 0, 0, 0, 0, 4, 13, 4, 13, 13, 13, 13, 13, 4, 13, 4, 13, 13, 13, 13, 13, 1, 13, 1, 13, 4, 13, 12, 13, 9, 13, 0, 0, 0, 0, 4, 13, 4, 13, 13, 13, 13, 13, 4, 13, 0, 0, 4, 13, 13, 13, 13, 13, 1, 13, 1, 13, 4, 13, 1, 13, 8, 13]",11.587455329618834
6779622,F,72,"[4, 13, 13, 13, 13, 13, 11, 13, 11, 13, 13, 13, 13, 13, 13, 13, 11, 13, 13, 13, 13, 13, 9, 13, 9, 13, 13, 13, 13, 13, 13, 13, 11, 13, 11, 13, 4, 13, 8, 13, 6, 13, 13, 13, 8, 13, 6, 13, 1, 13, 13, 13, 13, 13, 13, 13, 13, 13, 13, 13, 4, 13, 13, 13]",-11.281426605858371
6779622,F,180,"[1, 13, 13, 13, 13, 13, 13, 13, 4, 13, 13, 13, 1, 13, 4, 13, 4, 13, 13, 13, 13, 13, 11, 13, 11, 13, 13, 13, 13, 13, 13, 13, 9, 13, 13, 13, 13, 13, 13, 13, 13, 13, 13, 13, 9, 13, 1, 13, 0, 0, 0, 0, 0, 0, 0, 0, 11, 13, 13, 13, 13, 13, 13, 13]",9.512756209291553
9174765,C,144,"[1, 13, 1, 13, 13, 13, 1, 13, 13, 13, 0, 0, 0, 0, 0, 0, 0, 0, 0, 0, 5, 13, 13, 13, 13, 13, 13, 13, 3, 13, 13, 13, 1, 13, 13, 13, 1, 13, 1, 13, 13, 13, 10, 13, 13, 13, 0, 0, 0, 0, 0, 0, 0, 0, 0, 0, 6, 13, 5, 13, 3, 13, 5, 13]",7.048834528619068
9174765,C,128,"[3, 13, 13, 13, 1, 13, 12, 13, 13, 13, 0, 0, 0, 0, 0, 0, 0, 0, 0, 0, 1, 13, 8, 13, 8, 13, 13, 13, 5, 13, 13, 13, 3, 13, 13, 13, 5, 13, 6, 13, 6, 13, 6, 13, 3, 13, 13, 13, 0, 0, 0, 0, 12, 13, 13, 13, 12, 13, 8, 13, 10, 13, 8, 13]",28.413213241404875
9174765,C,100,"[0, 0, 0, 0, 1, 13, 8, 13, 13, 13, 13, 13, 5, 13, 13, 13, 3, 13, 13, 13, 5, 13, 6, 13, 13, 13, 0, 0, 0, 0, 0, 0, 0, 0, 0, 0, 12, 13, 13, 13, 13, 13, 8, 13, 10, 13, 8, 13, 1, 13, 1, 13, 13, 13, 1, 13, 13, 13, 0, 0, 0, 0, 0, 0]",5.724005791515268
9174765,C,8,"[0, 0, 0, 0, 12, 13, 13, 13, 13, 13, 8, 13, 10, 13, 8, 13, 1, 13, 1, 13, 13, 13, 1, 13, 13, 13, 0, 0, 0, 0, 0, 0, 0, 0, 0, 0, 1, 13, 8, 13, 8, 13, 13, 13, 5, 13, 13, 13, 3, 13, 13, 13, 5, 13, 6, 13, 6, 13, 0, 0, 0, 0, 0, 0]",-7.229442242932066
9174765,C,60,"[5, 13, 13, 13, 13, 13, 13, 13, 0, 0, 0, 0, 0, 0, 0, 0, 5, 13, 13, 13, 13, 13, 13, 13, 0, 0, 1, 13, 1, 13, 13, 13, 1, 13, 1, 13, 1, 13, 1, 13, 13, 13, 1, 13, 1, 13, 1, 13, 10, 13, 1, 13, 10, 13, 6, 13, 13, 13, 13, 13, 0, 0, 6, 13]",15.755903395251323
9174765,C,12,"[1, 13, 1, 13, 13, 13, 1, 13, 13, 13, 0, 0, 0, 0, 0, 0, 0, 0, 0, 0, 1, 13, 8, 13, 8, 13, 13, 13, 5, 13, 13, 13, 3, 13, 13, 13, 5, 13, 6, 13, 6, 13, 0, 0, 0, 0, 0, 0, 0, 0, 8, 13, 8, 13, 13, 13, 12, 13, 13, 13, 1, 13, 13, 13]",22.225916678675944
9174765,C,0,"[0, 0, 0, 0, 1, 13, 8, 13, 13, 13, 13, 13, 5, 13, 13, 13, 3, 13, 13, 13, 5, 13, 6, 13, 13, 13, 0, 0, 0, 0, 0, 0, 0, 0, 0, 0, 12, 13, 13, 13, 13, 13, 8, 13, 10, 13, 8, 13, 1, 13, 1, 13, 13, 13, 1, 13, 13, 13, 0, 0, 0, 0, 0, 0]",14.399902217274487
9174765,C,144,"[1, 13, 1, 13, 13, 13, 1, 13, 13, 13, 0, 0, 0, 0, 0, 0, 0, 0, 0, 0, 5, 13, 13, 13, 13, 13, 13, 13, 3, 13, 13, 13, 1, 13, 13, 13, 1, 13, 1, 13, 13, 13, 10, 13, 13, 13, 0, 0, 0, 0, 0, 0, 0, 0, 0, 0, 6, 13, 5, 13, 3, 13, 5, 13]",14.905588480325875
9174765,C,68,"[1, 13, 1, 13, 1, 13, 1, 13, 13, 13, 1, 13, 1, 13, 1, 13, 10, 13, 1, 13, 10, 13, 6, 13, 13, 13, 13, 13, 0, 0, 6, 13, 12, 13, 12, 13, 12, 13, 10, 13, 13, 13, 12, 13, 13, 13, 10, 13, 8, 13, 1, 13, 8, 13, 5, 13, 13, 13, 13, 13, 0, 0, 8, 13]",3.320264239750472
9174765,C,32,"[0, 0, 0, 0, 1, 13, 8, 13, 8, 13, 13, 13, 5, 13, 13, 13, 3, 13, 13, 13, 5, 13, 6, 13, 6, 13, 6, 13, 3, 13, 13, 13, 0, 0, 0, 0, 12, 13, 13, 13, 12, 13, 8, 13, 10, 13, 8, 13, 1, 13, 1, 13, 13, 13, 1, 13, 13, 13, 0, 0, 0, 0, 0, 0]",8.553770701878179
9174765,C,16,"[0, 0, 0, 0, 1, 13, 8, 13, 8, 13, 13, 13, 5, 13, 13, 13, 3, 13, 13, 13, 5, 13, 6, 13, 6, 13, 0, 0, 0, 0, 0, 0, 0, 0, 8, 13, 8, 13, 13, 13, 12, 13, 13, 13, 1, 13, 13, 13, 3, 13, 13, 13, 1, 13, 12, 13, 13, 13, 0, 0, 0, 0, 0, 0]",15.850719569573457
9174765,C,28,"[3, 13, 13, 13, 1, 13, 12, 13, 13, 13, 0, 0, 0, 0, 0, 0, 0, 0, 0, 0, 1, 13, 8, 13, 8, 13, 13, 13, 5, 13, 13, 13, 3, 13, 13, 13, 5, 13, 6, 13, 6, 13, 6, 13, 3, 13, 13, 13, 0, 0, 0, 0, 12, 13, 13, 13, 12, 13, 8, 13, 10, 13, 8, 13]",6.582113816658989
9174765,C,124,"[0, 0, 8, 13, 8, 13, 13, 13, 12, 13, 13, 13, 1, 13, 13, 13, 3, 13, 13, 13, 1, 13, 12, 13, 13, 13, 0, 0, 0, 0, 0, 0, 0, 0, 0, 0, 1, 13, 8, 13, 8, 13, 13, 13, 5, 13, 13, 13, 3, 13, 13, 13, 5, 13, 6, 13, 6, 13, 6, 13, 3, 13, 13, 13]",-6.9601469898344845
9174765,C,4,"[3, 13, 13, 13, 5, 13, 6, 13, 13, 13, 0, 0, 0, 0, 0, 0, 0, 0, 0, 0, 12, 13, 13, 13, 13, 13, 8, 13, 10, 13, 8, 13, 1, 13, 1, 13, 13, 13, 1, 13, 13, 13, 0, 0, 0, 0, 0, 0, 0, 0, 0, 0, 1, 13, 8, 13, 8, 13, 13, 13, 5, 13, 13, 13]",17.209751401524073
9174765,C,0,"[0, 0, 0, 0, 1, 13, 8, 13, 13, 13, 13, 13, 5, 13, 13, 13, 3, 13, 13, 13, 5, 13, 6, 13, 13, 13, 0, 0, 0, 0, 0, 0, 0, 0, 0, 0, 12, 13, 13, 13, 13, 13, 8, 13, 10, 13, 8, 13, 1, 13, 1, 13, 13, 13, 1, 13, 13, 13, 0, 0, 0, 0, 0, 0]",23.973305169836394
9174765,C,88,"[10, 13, 1, 13, 10, 13, 6, 13, 13, 13, 0, 0, 0, 0, 10, 13, 8, 13, 8, 13, 8, 13, 8, 13, 8, 13, 8, 13, 13, 13, 8, 13, 3, 13, 3, 13, 3, 13, 6, 13, 13, 13, 5, 13, 3, 13, 13, 13, 0, 0, 0, 0, 1, 13, 8, 13, 13, 13, 13, 13, 5, 13, 13, 13]",-0.2178077993385159
9174765,C,128,"[3, 13, 13, 13, 1, 13, 12, 13, 13, 13, 0, 0, 0, 0, 0, 0, 0, 0, 0, 0, 1, 13, 8, 13, 8, 13, 13, 13, 5, 13, 13, 13, 3, 13, 13, 13, 5, 13, 6, 13, 6, 13, 6, 13, 3, 13, 13, 13, 0, 0, 0, 0, 12, 13, 13, 13, 12, 13, 8, 13, 10, 13, 8, 13]",-1.1789580595903004
9174765,C,96,"[3, 13, 3, 13, 3, 13, 6, 13, 13, 13, 5, 13, 3, 13, 13, 13, 0, 0, 0, 0, 1, 13, 8, 13, 13, 13, 13, 13, 5, 13, 13, 13, 3, 13, 13, 13, 5, 13, 6, 13, 13, 13, 0, 0, 0, 0, 0, 0, 0, 0, 0, 0, 12, 13, 13, 13, 13, 13, 8, 13, 10, 13, 8, 13]",7.565344555862509
9174765,C,52,"[1, 13, 13, 13, 1, 13, 1, 13, 13, 13, 10, 13, 13, 13, 0, 0, 0, 0, 0, 0, 0, 0, 0, 0, 6, 13, 5, 13, 3, 13, 5, 13, 5, 13, 13, 13, 13, 13, 13, 13, 0, 0, 0, 0, 0, 0, 0, 0, 5, 13, 13, 13, 13, 13, 13, 13, 0, 0, 1, 13, 1, 13, 13, 13]",-13.168658130379782
9174765,C,144,"[1, 13, 1, 13, 13, 13, 1, 13, 13, 13, 0, 0, 0, 0, 0, 0, 0, 0, 0, 0, 5, 13, 13, 13, 13, 13, 13, 13, 3, 13, 13, 13, 1, 13, 13, 13, 1, 13, 1, 13, 13, 13, 10, 13, 13, 13, 0, 0, 0, 0, 0, 0, 0, 0, 0, 0, 6, 13, 5, 13, 3, 13, 5, 13]",18.41898233705706
19723804,D,248,"[4, 13, 3, 13, 13, 13, 0, 0, 1, 13, 13, 13, 4, 13, 13, 13, 6, 13, 13, 13, 13, 13, 13, 13, 13, 13, 13, 13, 13, 13, 13, 13, 6, 13, 13, 13, 13, 13, 13, 13, 13, 13, 13, 13, 13, 13, 13, 13, 8, 13, 9, 13, 8, 13, 6, 13, 8, 13, 6, 13, 4, 13, 3, 13]",69.55867044096709
19723804,D,152,"[9, 13, 8, 13, 6, 13, 9, 13, 9, 13, 8, 13, 6, 13, 6, 13, 6, 13, 4, 13, 13, 13, 13, 13, 4, 13, 13, 13, 13, 13, 13, 13, 0, 0, 0, 0, 0, 0, 0, 0, 0, 0, 0, 0, 8, 13, 13, 13, 3, 13, 13, 13, 1, 13, 8, 13, 3, 13, 1, 13, 8, 13, 3, 13]",45.36842337292752
19723804,D,84,"[9, 13, 8, 13, 6, 13, 9, 13, 9, 13, 8, 13, 6, 13, 9, 13, 9, 13, 8, 13, 6, 13, 9, 13, 9, 13, 8, 13, 6, 13, 6, 13, 6, 13, 4, 13, 13, 13, 13, 13, 4, 13, 13, 13, 13, 13, 13, 13, 4, 13, 13, 13, 13, 13, 13, 13, 13, 13, 13, 13, 8, 13, 13, 13]",48.7315833826734
19723804,D,204,"[3, 13, 1, 13, 13, 13, 13, 13, 0, 0, 0, 0, 8, 13, 13, 13, 4, 13, 13, 13, 3, 13, 9, 13, 4, 13, 3, 13, 9, 13, 4, 13, 4, 13, 3, 13, 13, 13, 0, 0, 1, 13, 13, 13, 4, 13, 13, 13, 6, 13, 13, 13, 13, 13, 13, 13, 13, 13, 13, 13, 13, 13, 13, 13]",39.63702375796667
19723804,D,116,"[3, 13, 13, 13, 1, 13, 11, 13, 3, 13, 1, 13, 11, 13, 3, 13, 3, 13, 1, 13, 11, 13, 3, 13, 3, 13, 1, 13, 11, 13, 3, 13, 3, 13, 8, 13, 13, 13, 13, 13, 8, 13, 13, 13, 13, 13, 13, 13, 8, 13, 13, 13, 13, 13, 13, 13, 0, 0, 0, 0, 4, 13, 13, 13]",74.2847588377727
19723804,D,4,"[3, 13, 13, 13, 1, 13, 8, 13, 3, 13, 1, 13, 8, 13, 3, 13, 3, 13, 1, 13, 13, 13, 13, 13, 0, 0, 0, 0, 8, 13, 13, 13, 4, 13, 13, 13, 3, 13, 9, 13, 4, 13, 3, 13, 9, 13, 4, 13, 4, 13, 3, 13, 13, 13, 13, 13, 0, 0, 0, 0, 9, 13, 13, 13]",58.92367269645142
19723804,D,196,"[1, 13, 13, 13, 13, 13, 13, 13, 13, 13, 13, 13, 0, 0, 0, 0, 3, 13, 13, 13, 1, 13, 8, 13, 3, 13, 1, 13, 8, 13, 3, 13, 3, 13, 1, 13, 13, 13, 13, 13, 0, 0, 0, 0, 8, 13, 13, 13, 4, 13, 13, 13, 3, 13, 9, 13, 4, 13, 3, 13, 9, 13, 4, 13]",59.09512112125309
19723804,D,200,"[3, 13, 13, 13, 1, 13, 8, 13, 3, 13, 1, 13, 8, 13, 3, 13, 3, 13, 1, 13, 13, 13, 13, 13, 0, 0, 0, 0, 8, 13, 13, 13, 4, 13, 13, 13, 3, 13, 9, 13, 4, 13, 3, 13, 9, 13, 4, 13, 4, 13, 3, 13, 13, 13, 0, 0, 1, 13, 13, 13, 4, 13, 13, 13]",46.29883414287396
19723804,D,32,"[0, 0, 0, 0, 0, 0, 0, 0, 0, 0, 0, 0, 8, 13, 13, 13, 4, 13, 13, 13, 3, 13, 1, 13, 4, 13, 3, 13, 1, 13, 4, 13, 4, 13, 3, 13, 1, 13, 4, 13, 4, 13, 3, 13, 1, 13, 4, 13, 4, 13, 9, 13, 13, 13, 13, 13, 9, 13, 13, 13, 13, 13, 13, 13]",49.188779182144515
19723804,D,192,"[4, 13, 13, 13, 13, 13, 13, 13, 13, 13, 13, 13, 0, 0, 0, 0, 1, 13, 13, 13, 13, 13, 13, 13, 13, 13, 13, 13, 0, 0, 0, 0, 3, 13, 13, 13, 1, 13, 8, 13, 3, 13, 1, 13, 8, 13, 3, 13, 3, 13, 1, 13, 13, 13, 13, 13, 0, 0, 0, 0, 8, 13, 13, 13]",70.54579773527973
19723804,D,244,"[4, 13, 13, 13, 3, 13, 9, 13, 4, 13, 3, 13, 9, 13, 4, 13, 4, 13, 3, 13, 13, 13, 0, 0, 1, 13, 13, 13, 4, 13, 13, 13, 6, 13, 13, 13, 13, 13, 13, 13, 13, 13, 13, 13, 13, 13, 13, 13, 6, 13, 13, 13, 13, 13, 13, 13, 13, 13, 13, 13, 13, 13, 13, 13]",73.07379609996899
19723804,D,96,"[4, 13, 13, 13, 13, 13, 13, 13, 13, 13, 13, 13, 8, 13, 13, 13, 4, 13, 13, 13, 3, 13, 1, 13, 4, 13, 3, 13, 1, 13, 4, 13, 4, 13, 3, 13, 1, 13, 4, 13, 4, 13, 3, 13, 1, 13, 4, 13, 4, 13, 9, 13, 13, 13, 13, 13, 9, 13, 13, 13, 13, 13, 13, 13]",50.80455070072995
19723804,D,196,"[1, 13, 13, 13, 13, 13, 13, 13, 13, 13, 13, 13, 0, 0, 0, 0, 3, 13, 13, 13, 1, 13, 8, 13, 3, 13, 1, 13, 8, 13, 3, 13, 3, 13, 1, 13, 13, 13, 13, 13, 0, 0, 0, 0, 8, 13, 13, 13, 4, 13, 13, 13, 3, 13, 9, 13, 4, 13, 3, 13, 9, 13, 4, 13]",41.19954235672734
19723804,D,140,"[8, 13, 6, 13, 13, 13, 13, 13, 6, 13, 13, 13, 13, 13, 13, 13, 6, 13, 13, 13, 13, 13, 13, 13, 0, 0, 0, 0, 0, 0, 8, 13, 9, 13, 8, 13, 6, 13, 9, 13, 9, 13, 8, 13, 6, 13, 9, 13, 9, 13, 8, 13, 6, 13, 9, 13, 9, 13, 8, 13, 6, 13, 6, 13]",62.76177947894334
19723804,D,248,"[4, 13, 3, 13, 13, 13, 0, 0, 1, 13, 13, 13, 4, 13, 13, 13, 6, 13, 13, 13, 13, 13, 13, 13, 13, 13, 13, 13, 13, 13, 13, 13, 6, 13, 13, 13, 13, 13, 13, 13, 13, 13, 13, 13, 13, 13, 13, 13, 8, 13, 9, 13, 8, 13, 6, 13, 8, 13, 6, 13, 4, 13, 3, 13]",60.35457432263707
19723804,D,128,"[8, 13, 13, 13, 13, 13, 13, 13, 0, 0, 0, 0, 4, 13, 13, 13, 1, 13, 13, 13, 11, 13, 9, 13, 1, 13, 11, 13, 9, 13, 1, 13, 1, 13, 11, 13, 9, 13, 1, 13, 1, 13, 11, 13, 9, 13, 8, 13, 8, 13, 6, 13, 13, 13, 13, 13, 6, 13, 13, 13, 13, 13, 13, 13]",45.183553480527735
19723804,D,140,"[8, 13, 6, 13, 13, 13, 13, 13, 6, 13, 13, 13, 13, 13, 13, 13, 6, 13, 13, 13, 13, 13, 13, 13, 0, 0, 0, 0, 0, 0, 8, 13, 9, 13, 8, 13, 6, 13, 9, 13, 9, 13, 8, 13, 6, 13, 9, 13, 9, 13, 8, 13, 6, 13, 9, 13, 9, 13, 8, 13, 6, 13, 6, 13]",44.082993137482696
19723804,D,40,"[4, 13, 3, 13, 1, 13, 4, 13, 4, 13, 3, 13, 1, 13, 4, 13, 4, 13, 9, 13, 13, 13, 13, 13, 9, 13, 13, 13, 13, 13, 13, 13, 0, 0, 0, 0, 0, 0, 0, 0, 0, 0, 0, 0, 6, 13, 13, 13, 3, 13, 13, 13, 1, 13, 11, 13, 3, 13, 1, 13, 11, 13, 3, 13]",71.39957625474663
19723804,D,0,"[0, 0, 0, 0, 0, 0, 0, 0, 0, 0, 0, 0, 8, 13, 13, 13, 3, 13, 13, 13, 1, 13, 8, 13, 3, 13, 1, 13, 8, 13, 3, 13, 3, 13, 1, 13, 13, 13, 13, 13, 0, 0, 0, 0, 8, 13, 13, 13, 4, 13, 13, 13, 3, 13, 9, 13, 4, 13, 3, 13, 9, 13, 4, 13]",62.0751198786013
19723804,D,212,"[4, 13, 3, 13, 13, 13, 0, 0, 1, 13, 13, 13, 4, 13, 13, 13, 6, 13, 13, 13, 13, 13, 13, 13, 13, 13, 13, 13, 13, 13, 13, 13, 6, 13, 13, 13, 13, 13, 13, 13, 13, 13, 13, 13, 13, 13, 13, 13, 8, 13, 9, 13, 8, 13, 6, 13, 8, 13, 6, 13, 4, 13, 3, 13]",49.19830409463351
19723804,D,40,"[4, 13, 3, 13, 1, 13, 4, 13, 4, 13, 3, 13, 1, 13, 4, 13, 4, 13, 9, 13, 13, 13, 13, 13, 9, 13, 13, 13, 13, 13, 13, 13, 0, 0, 0, 0, 0, 0, 0, 0, 0, 0, 0, 0, 6, 13, 13, 13, 3, 13, 13, 13, 1, 13, 11, 13, 3, 13, 1, 13, 11, 13, 3, 13]",55.48604518906441
19723804,D,68,"[1, 13, 13, 13, 11, 13, 9, 13, 1, 13, 11, 13, 9, 13, 1, 13, 1, 13, 11, 13, 9, 13, 1, 13, 1, 13, 11, 13, 9, 13, 8, 13, 8, 13, 6, 13, 13, 13, 13, 13, 6, 13, 13, 13, 13, 13, 13, 13, 6, 13, 13, 13, 13, 13, 13, 13, 0, 0, 0, 0, 0, 0, 8, 13]",70.0773452210489
19723804,D,244,"[4, 13, 13, 13, 3, 13, 9, 13, 4, 13, 3, 13, 9, 13, 4, 13, 4, 13, 3, 13, 13, 13, 0, 0, 1, 13, 13, 13, 4, 13, 13, 13, 6, 13, 13, 13, 13, 13, 13, 13, 13, 13, 13, 13, 13, 13, 13, 13, 6, 13, 13, 13, 13, 13, 13, 13, 13, 13, 13, 13, 13, 13, 13, 13]",68.79321383730712
19723804,D,136,"[1, 13, 11, 13, 9, 13, 1, 13, 1, 13, 11, 13, 9, 13, 8, 13, 8, 13, 6, 13, 13, 13, 13, 13, 6, 13, 13, 13, 13, 13, 13, 13, 6, 13, 13, 13, 13, 13, 13, 13, 0, 0, 0, 0, 0, 0, 8, 13, 9, 13, 8, 13, 6, 13, 9, 13, 9, 13, 8, 13, 6, 13, 9, 13]",63.86060801971766
19723804,D,176,"[4, 13, 3, 13, 13, 13, 13, 13, 0, 0, 0, 0, 9, 13, 13, 13, 4, 13, 13, 13, 3, 13, 9, 13, 4, 13, 3, 13, 9, 13, 4, 13, 4, 13, 3, 13, 1, 13, 3, 13, 3, 13, 1, 13, 11, 13, 1, 13, 1, 13, 13, 13, 13, 13, 13, 13, 13, 13, 13, 13, 13, 13, 13, 13]",74.74238758781149
19723804,D,180,"[4, 13, 13, 13, 3, 13, 9, 13, 4, 13, 3, 13, 9, 13, 4, 13, 4, 13, 3, 13, 1, 13, 3, 13, 3, 13, 1, 13, 11, 13, 1, 13, 1, 13, 13, 13, 13, 13, 13, 13, 13, 13, 13, 13, 13, 13, 13, 13, 4, 13, 13, 13, 13, 13, 13, 13, 13, 13, 13, 13, 0, 0, 0, 0]",45.8927265103892
19723804,D,160,"[0, 0, 0, 0, 0, 0, 0, 0, 0, 0, 0, 0, 8, 13, 13, 13, 3, 13, 13, 13, 1, 13, 8, 13, 3, 13, 1, 13, 8, 13, 3, 13, 3, 13, 1, 13, 13, 13, 13, 13, 0, 0, 0, 0, 8, 13, 13, 13, 4, 13, 13, 13, 3, 13, 9, 13, 4, 13, 3, 13, 9, 13, 4, 13]",56.916946815250064
19723804,D,12,"[4, 13, 13, 13, 3, 13, 9, 13, 4, 13, 3, 13, 9, 13, 4, 13, 4, 13, 3, 13, 13, 13, 13, 13, 0, 0, 0, 0, 9, 13, 13, 13, 4, 13, 13, 13, 3, 13, 9, 13, 4, 13, 3, 13, 9, 13, 4, 13, 4, 13, 3, 13, 1, 13, 3, 13, 3, 13, 1, 13, 11, 13, 1, 13]",44.402510656431254
19723804,D,56,"[3, 13, 1, 13, 11, 13, 3, 13, 3, 13, 1, 13, 11, 13, 3, 13, 3, 13, 8, 13, 13, 13, 13, 13, 8, 13, 13, 13, 13, 13, 13, 13, 8, 13, 13, 13, 13, 13, 13, 13, 0, 0, 0, 0, 4, 13, 13, 13, 1, 13, 13, 13, 11, 13, 9, 13, 1, 13, 11, 13, 9, 13, 1, 13]",60.87931041066643
5915841,G,84,"[8, 13, 13, 13, 1, 13, 13, 13, 13, 13, 13, 13, 12, 13, 3, 13, 1, 13, 13, 13, 13, 13, 13, 13, 13, 13, 13, 13, 1, 13, 3, 13, 5, 13, 13, 13, 13, 13, 13, 13, 13, 13, 13, 13, 3, 6, 0, 5, 1, 13, 13, 13, 13, 13, 1, 13, 12, 8, 0, 1, 12, 8, 0, 5]",127.27920717362807
5915841,G,192,"[7, 13, 13, 13, 13, 13, 13, 13, 13, 13, 13, 13, 5, 8, 0, 7, 3, 13, 13, 13, 13, 13, 3, 13, 2, 10, 0, 3, 2, 10, 0, 7, 10, 13, 13, 13, 3, 13, 13, 13, 13, 13, 13, 13, 2, 13, 5, 13, 3, 13, 13, 13, 13, 13, 13, 13, 13, 13, 13, 13, 3, 13, 5, 13]",161.7987888854005
5915841,G,24,"[1, 13, 13, 13, 13, 13, 13, 13, 13, 13, 13, 13, 1, 13, 3, 13, 5, 13, 13, 13, 13, 13, 13, 13, 13, 13, 13, 13, 3, 6, 0, 5, 1, 13, 13, 13, 13, 13, 1, 13, 12, 8, 0, 1, 12, 8, 0, 5, 8, 13, 13, 13, 1, 13, 13, 13, 13, 13, 13, 13, 12, 13, 3, 13]",143.86727522375725
5072127,E-,308,"[1, 13, 13, 13, 10, 13, 8, 13, 1, 13, 13, 13, 3, 13, 5, 13, 5, 13, 0, 0, 0, 0, 0, 0, 0, 0, 0, 0, 5, 13, 5, 13, 5, 13, 5, 13, 5, 13, 3, 13, 3, 13, 3, 13, 3, 13, 1, 1, 1, 13, 13, 13, 13, 13, 13, 13, 0, 0, 0, 0, 8, 13, 10, 13]",63.198193651165774
5072127,E-,192,"[1, 13, 5, 5, 5, 13, 13, 1, 1, 1, 5, 13, 5, 13, 3, 1, 1, 13, 5, 5, 5, 13, 13, 1, 1, 5, 5, 13, 5, 13, 3, 1, 1, 13, 5, 13, 3, 13, 3, 13, 3, 13, 3, 13, 3, 13, 1, 1, 1, 13, 13, 13, 0, 0, 0, 0, 0, 0, 0, 1, 1, 1, 1, 1]",91.11744395864163
5072127,E-,312,"[5, 13, 0, 0, 0, 0, 0, 0, 0, 0, 0, 0, 5, 13, 5, 13, 5, 13, 5, 13, 5, 13, 3, 13, 3, 13, 3, 13, 3, 13, 1, 1, 1, 13, 13, 13, 13, 13, 13, 13, 0, 0, 0, 0, 8, 13, 10, 13, 1, 13, 13, 13, 10, 13, 8, 13, 1, 13, 13, 13, 3, 13, 5, 13]",74.02801915113787
5072127,E-,232,"[5, 13, 5, 13, 3, 13, 3, 13, 3, 13, 3, 13, 3, 13, 1, 1, 1, 13, 0, 0, 0, 0, 0, 0, 0, 0, 1, 13, 1, 13, 13, 13, 1, 13, 5, 13, 3, 13, 1, 13, 1, 13, 13, 13, 0, 0, 0, 0, 0, 0, 0, 0, 0, 0, 0, 0, 0, 0, 1, 13, 1, 13, 1, 13]",92.65658322674754
5072127,E-,136,"[1, 13, 5, 13, 3, 13, 3, 13, 3, 13, 3, 13, 3, 13, 1, 1, 1, 13, 13, 13, 13, 13, 13, 13, 13, 13, 13, 13, 0, 0, 0, 0, 1, 13, 13, 13, 10, 13, 8, 13, 1, 13, 13, 13, 3, 13, 5, 13, 0, 0, 0, 0, 0, 0, 0, 0, 0, 0, 8, 13, 8, 13, 8, 13]",95.41621014514612
5072127,E-,272,"[0, 0, 0, 0, 0, 0, 0, 0, 0, 0, 0, 0, 1, 1, 1, 1, 1, 13, 5, 5, 5, 13, 13, 1, 1, 1, 5, 13, 5, 13, 3, 1, 1, 13, 5, 5, 5, 13, 13, 1, 1, 5, 5, 13, 5, 13, 3, 1, 1, 13, 5, 13, 3, 13, 3, 13, 3, 13, 3, 13, 3, 13, 1, 1]",95.79504189186697
5072127,E-,244,"[0, 0, 0, 0, 0, 0, 0, 0, 0, 0, 1, 13, 1, 13, 1, 13, 1, 13, 5, 13, 3, 13, 1, 13, 1, 13, 13, 13, 12, 13, 10, 13, 10, 13, 13, 13, 0, 0, 0, 0, 0, 0, 1, 13, 1, 13, 13, 13, 1, 13, 5, 13, 3, 13, 1, 13, 1, 13, 1, 13, 1, 12, 10, 13]",60.332060893117664
5072127,E-,84,"[10, 13, 13, 13, 0, 0, 0, 0, 0, 0, 1, 13, 1, 13, 1, 13, 1, 13, 5, 13, 3, 13, 1, 13, 1, 13, 13, 13, 12, 13, 10, 13, 10, 13, 13, 13, 0, 0, 0, 0, 0, 0, 1, 13, 1, 13, 13, 13, 1, 13, 5, 13, 3, 13, 1, 13, 1, 13, 1, 13, 1, 12, 10, 13]",96.81767113272946
5072127,E-,128,"[1, 13, 5, 5, 5, 13, 13, 1, 1, 1, 5, 13, 5, 13, 3, 1, 1, 13, 5, 5, 5, 13, 13, 1, 1, 5, 5, 13, 5, 13, 3, 1, 1, 13, 5, 13, 3, 13, 3, 13, 3, 13, 3, 13, 3, 13, 1, 1, 1, 13, 13, 13, 13, 13, 13, 13, 13, 13, 13, 13, 0, 0, 0, 0]",94.88368094689851
5072127,E-,132,"[1, 13, 5, 5, 5, 13, 13, 1, 1, 5, 5, 13, 5, 13, 3, 1, 1, 13, 5, 13, 3, 13, 3, 13, 3, 13, 3, 13, 3, 13, 1, 1, 1, 13, 13, 13, 13, 13, 13, 13, 13, 13, 13, 13, 0, 0, 0, 0, 1, 13, 13, 13, 10, 13, 8, 13, 1, 13, 13, 13, 3, 13, 5, 13]",85.78912132219179
5072127,E-,132,"[1, 13, 5, 5, 5, 13, 13, 1, 1, 5, 5, 13, 5, 13, 3, 1, 1, 13, 5, 13, 3, 13, 3, 13, 3, 13, 3, 13, 3, 13, 1, 1, 1, 13, 13, 13, 13, 13, 13, 13, 13, 13, 13, 13, 0, 0, 0, 0, 1, 13, 13, 13, 10, 13, 8, 13, 1, 13, 13, 13, 3, 13, 5, 13]",93.80260337939909
5072127,E-,68,"[0, 0, 0, 0, 0, 0, 0, 0, 0, 0, 8, 13, 8, 13, 8, 13, 8, 13, 13, 13, 5, 13, 3, 13, 3, 13, 5, 13, 3, 13, 3, 13, 3, 1, 12, 13, 12, 13, 1, 13, 0, 0, 1, 13, 1, 13, 13, 13, 1, 13, 5, 13, 3, 13, 1, 13, 1, 13, 13, 13, 1, 12, 10, 13]",75.44506635915774
5072127,E-,64,"[1, 13, 13, 13, 10, 13, 8, 13, 1, 13, 13, 13, 3, 13, 5, 13, 0, 0, 0, 0, 0, 0, 0, 0, 0, 0, 8, 13, 8, 13, 8, 13, 8, 13, 13, 13, 5, 13, 3, 13, 3, 13, 5, 13, 3, 13, 3, 13, 3, 1, 12, 13, 12, 13, 1, 13, 0, 0, 1, 13, 1, 13, 13, 13]",63.148837286450146
5072127,E-,100,"[10, 13, 13, 13, 0, 0, 0, 0, 0, 0, 0, 0, 0, 0, 1, 13, 1, 13, 5, 13, 3, 13, 1, 13, 1, 13, 13, 13, 3, 13, 3, 13, 3, 13, 13, 13, 13, 13, 13, 13, 0, 0, 0, 0, 1, 1, 1, 1, 1, 13, 5, 5, 5, 13, 13, 1, 1, 1, 5, 13, 5, 13, 3, 1]",72.12563435674764
5072127,E-,132,"[1, 13, 5, 5, 5, 13, 13, 1, 1, 5, 5, 13, 5, 13, 3, 1, 1, 13, 5, 13, 3, 13, 3, 13, 3, 13, 3, 13, 3, 13, 1, 1, 1, 13, 13, 13, 13, 13, 13, 13, 13, 13, 13, 13, 0, 0, 0, 0, 1, 13, 13, 13, 10, 13, 8, 13, 1, 13, 13, 13, 3, 13, 5, 13]",73.14609884477171
5072127,E-,244,"[0, 0, 0, 0, 0, 0, 0, 0, 0, 0, 1, 13, 1, 13, 1, 13, 1, 13, 5, 13, 3, 13, 1, 13, 1, 13, 13, 13, 12, 13, 10, 13, 10, 13, 13, 13, 0, 0, 0, 0, 0, 0, 1, 13, 1, 13, 13, 13, 1, 13, 5, 13, 3, 13, 1, 13, 1, 13, 1, 13, 1, 12, 10, 13]",81.14962303892237
5072127,E-,248,"[1, 13, 5, 13, 3, 13, 1, 13, 1, 13, 13, 13, 12, 13, 10, 13, 10, 13, 13, 13, 0, 0, 0, 0, 0, 0, 1, 13, 1, 13, 13, 13, 1, 13, 5, 13, 3, 13, 1, 13, 1, 13, 1, 13, 1, 12, 10, 13, 10, 13, 13, 13, 0, 0, 0, 0, 0, 0, 0, 0, 0, 0, 1, 13]",65.37766680887182
5072127,E-,312,"[5, 13, 0, 0, 0, 0, 0, 0, 0, 0, 0, 0, 5, 13, 5, 13, 5, 13, 5, 13, 5, 13, 3, 13, 3, 13, 3, 13, 3, 13, 1, 1, 1, 13, 13, 13, 13, 13, 13, 13, 0, 0, 0, 0, 8, 13, 10, 13, 1, 13, 13, 13, 10, 13, 8, 13, 1, 13, 13, 13, 3, 13, 5, 13]",65.37030664922126
5072127,E-,312,"[5, 13, 0, 0, 0, 0, 0, 0, 0, 0, 0, 0, 5, 13, 5, 13, 5, 13, 5, 13, 5, 13, 3, 13, 3, 13, 3, 13, 3, 13, 1, 1, 1, 13, 13, 13, 13, 13, 13, 13, 0, 0, 0, 0, 8, 13, 10, 13, 1, 13, 13, 13, 10, 13, 8, 13, 1, 13, 13, 13, 3, 13, 5, 13]",93.73333128857014
5072127,E-,236,"[1, 13, 0, 0, 0, 0, 0, 0, 0, 0, 1, 13, 1, 13, 13, 13, 1, 13, 5, 13, 3, 13, 1, 13, 1, 13, 13, 13, 0, 0, 0, 0, 0, 0, 0, 0, 0, 0, 0, 0, 0, 0, 1, 13, 1, 13, 1, 13, 1, 13, 5, 13, 3, 13, 1, 13, 1, 13, 13, 13, 12, 13, 10, 13]",92.48253709853978
5072127,E-,152,"[8, 13, 13, 13, 5, 13, 3, 13, 3, 13, 5, 13, 3, 13, 3, 13, 3, 13, 1, 12, 12, 13, 1, 13, 1, 3, 5, 13, 0, 0, 1, 13, 1, 13, 13, 13, 10, 13, 8, 13, 1, 13, 13, 13, 3, 13, 5, 13, 0, 0, 0, 0, 0, 0, 0, 0, 0, 0, 8, 13, 8, 13, 8, 13]",97.92385983315438
5072127,E-,304,"[1, 13, 13, 13, 13, 13, 13, 13, 0, 0, 0, 0, 8, 13, 10, 13, 1, 13, 13, 13, 10, 13, 8, 13, 1, 13, 13, 13, 3, 13, 5, 13, 5, 13, 0, 0, 0, 0, 0, 0, 0, 0, 0, 0, 5, 13, 5, 13, 5, 13, 5, 13, 5, 13, 3, 13, 3, 13, 3, 13, 3, 13, 1, 1]",66.58733069497251
5072127,E-,88,"[1, 13, 5, 13, 3, 13, 1, 13, 1, 13, 13, 13, 12, 13, 10, 13, 10, 13, 13, 13, 0, 0, 0, 0, 0, 0, 1, 13, 1, 13, 13, 13, 1, 13, 5, 13, 3, 13, 1, 13, 1, 13, 1, 13, 1, 12, 10, 13, 10, 13, 13, 13, 0, 0, 0, 0, 0, 0, 0, 0, 0, 0, 1, 13]",91.44518753837615
5072127,E-,92,"[10, 13, 13, 13, 0, 0, 0, 0, 0, 0, 1, 13, 1, 13, 13, 13, 1, 13, 5, 13, 3, 13, 1, 13, 1, 13, 1, 13, 1, 12, 10, 13, 10, 13, 13, 13, 0, 0, 0, 0, 0, 0, 0, 0, 0, 0, 1, 13, 1, 13, 5, 13, 3, 13, 1, 13, 1, 13, 13, 13, 3, 13, 3, 13]",63.739814811334675
5072127,E-,12,"[0, 0, 0, 0, 0, 0, 0, 0, 0, 0, 0, 0, 0, 0, 1, 13, 1, 13, 13, 13, 10, 13, 8, 13, 1, 13, 13, 13, 3, 13, 5, 13, 0, 0, 0, 0, 0, 0, 0, 0, 0, 0, 0, 0, 8, 8, 8, 13, 8, 13, 13, 13, 5, 13, 3, 13, 3, 13, 3, 13, 5, 13, 3, 13]",90.84468510100263
5072127,E-,128,"[1, 13, 5, 5, 5, 13, 13, 1, 1, 1, 5, 13, 5, 13, 3, 1, 1, 13, 5, 5, 5, 13, 13, 1, 1, 5, 5, 13, 5, 13, 3, 1, 1, 13, 5, 13, 3, 13, 3, 13, 3, 13, 3, 13, 3, 13, 1, 1, 1, 13, 13, 13, 13, 13, 13, 13, 13, 13, 13, 13, 0, 0, 0, 0]",99.85481936501155
5072127,E-,72,"[8, 13, 13, 13, 5, 13, 3, 13, 3, 13, 5, 13, 3, 13, 3, 13, 3, 1, 12, 13, 12, 13, 1, 13, 0, 0, 1, 13, 1, 13, 13, 13, 1, 13, 5, 13, 3, 13, 1, 13, 1, 13, 13, 13, 1, 12, 10, 13, 10, 13, 13, 13, 0, 0, 0, 0, 0, 0, 1, 13, 1, 13, 1, 13]",101.40911190298627
5072127,E-,240,"[1, 13, 5, 13, 3, 13, 1, 13, 1, 13, 13, 13, 0, 0, 0, 0, 0, 0, 0, 0, 0, 0, 0, 0, 0, 0, 1, 13, 1, 13, 1, 13, 1, 13, 5, 13, 3, 13, 1, 13, 1, 13, 13, 13, 12, 13, 10, 13, 10, 13, 13, 13, 0, 0, 0, 0, 0, 0, 1, 13, 1, 13, 13, 13]",67.30862634072902
5072127,E-,136,"[1, 13, 5, 13, 3, 13, 3, 13, 3, 13, 3, 13, 3, 13, 1, 1, 1, 13, 13, 13, 13, 13, 13, 13, 13, 13, 13, 13, 0, 0, 0, 0, 1, 13, 13, 13, 10, 13, 8, 13, 1, 13, 13, 13, 3, 13, 5, 13, 0, 0, 0, 0, 0, 0, 0, 0, 0, 0, 8, 13, 8, 13, 8, 13]",66.108920317685
5072127,E-,132,"[1, 13, 5, 5, 5, 13, 13, 1, 1, 5, 5, 13, 5, 13, 3, 1, 1, 13, 5, 13, 3, 13, 3, 13, 3, 13, 3, 13, 3, 13, 1, 1, 1, 13, 13, 13, 13, 13, 13, 13, 13, 13, 13, 13, 0, 0, 0, 0, 1, 13, 13, 13, 10, 13, 8, 13, 1, 13, 13, 13, 3, 13, 5, 13]",71.77710914976444
5072127,E-,52,"[0, 0, 0, 0, 0, 0, 0, 0, 0, 0, 8, 13, 8, 8, 8, 13, 8, 13, 13, 13, 5, 13, 3, 13, 3, 13, 5, 13, 3, 13, 3, 13, 3, 13, 13, 5, 0, 0, 0, 0, 0, 0, 1, 13, 1, 1, 1, 13, 1, 13, 13, 13, 10, 13, 8, 13, 1, 13, 13, 13, 3, 13, 5, 13]",98.17627001411239
5072127,E-,220,"[1, 13, 13, 13, 13, 13, 13, 13, 0, 0, 0, 0, 8, 13, 10, 13, 1, 13, 13, 13, 10, 13, 8, 13, 1, 13, 13, 13, 3, 13, 5, 13, 5, 13, 0, 0, 0, 0, 0, 0, 0, 0, 0, 0, 5, 13, 5, 13, 5, 13, 5, 13, 3, 13, 3, 13, 3, 13, 3, 13, 3, 13, 1, 1]",79.82349545011552
5072127,E-,152,"[8, 13, 13, 13, 5, 13, 3, 13, 3, 13, 5, 13, 3, 13, 3, 13, 3, 13, 1, 12, 12, 13, 1, 13, 1, 3, 5, 13, 0, 0, 1, 13, 1, 13, 13, 13, 10, 13, 8, 13, 1, 13, 13, 13, 3, 13, 5, 13, 0, 0, 0, 0, 0, 0, 0, 0, 0, 0, 8, 13, 8, 13, 8, 13]",90.12642010921986
5072127,E-,212,"[1, 13, 5, 5, 5, 13, 13, 1, 1, 5, 5, 13, 5, 13, 3, 1, 1, 13, 5, 13, 3, 13, 3, 13, 3, 13, 3, 13, 3, 13, 1, 1, 1, 13, 13, 13, 13, 13, 13, 13, 0, 0, 0, 0, 8, 13, 10, 13, 1, 13, 13, 13, 10, 13, 8, 13, 1, 13, 13, 13, 3, 13, 5, 13]",90.01774951673195
5072127,E-,52,"[0, 0, 0, 0, 0, 0, 0, 0, 0, 0, 8, 13, 8, 8, 8, 13, 8, 13, 13, 13, 5, 13, 3, 13, 3, 13, 5, 13, 3, 13, 3, 13, 3, 13, 13, 5, 0, 0, 0, 0, 0, 0, 1, 13, 1, 1, 1, 13, 1, 13, 13, 13, 10, 13, 8, 13, 1, 13, 13, 13, 3, 13, 5, 13]",62.431438195802755
5072127,E-,244,"[0, 0, 0, 0, 0, 0, 0, 0, 0, 0, 1, 13, 1, 13, 1, 13, 1, 13, 5, 13, 3, 13, 1, 13, 1, 13, 13, 13, 12, 13, 10, 13, 10, 13, 13, 13, 0, 0, 0, 0, 0, 0, 1, 13, 1, 13, 13, 13, 1, 13, 5, 13, 3, 13, 1, 13, 1, 13, 1, 13, 1, 12, 10, 13]",84.16166013827896
5072127,E-,132,"[1, 13, 5, 5, 5, 13, 13, 1, 1, 5, 5, 13, 5, 13, 3, 1, 1, 13, 5, 13, 3, 13, 3, 13, 3, 13, 3, 13, 3, 13, 1, 1, 1, 13, 13, 13, 13, 13, 13, 13, 13, 13, 13, 13, 0, 0, 0, 0, 1, 13, 13, 13, 10, 13, 8, 13, 1, 13, 13, 13, 3, 13, 5, 13]",86.96588096514868
5072127,E-,108,"[3, 13, 13, 13, 13, 13, 13, 13, 0, 0, 0, 0, 1, 1, 1, 1, 1, 13, 5, 5, 5, 13, 13, 1, 1, 1, 5, 13, 5, 13, 3, 1, 1, 13, 5, 5, 5, 13, 13, 1, 1, 5, 5, 13, 5, 13, 3, 1, 1, 13, 5, 13, 3, 13, 3, 13, 3, 13, 3, 13, 3, 13, 1, 1]",94.35504830376003
5072127,E-,240,"[1, 13, 5, 13, 3, 13, 1, 13, 1, 13, 13, 13, 0, 0, 0, 0, 0, 0, 0, 0, 0, 0, 0, 0, 0, 0, 1, 13, 1, 13, 1, 13, 1, 13, 5, 13, 3, 13, 1, 13, 1, 13, 13, 13, 12, 13, 10, 13, 10, 13, 13, 13, 0, 0, 0, 0, 0, 0, 1, 13, 1, 13, 13, 13]",79.49921547492247
5072127,E-,20,"[0, 0, 0, 0, 0, 0, 0, 0, 0, 0, 0, 0, 8, 8, 8, 13, 8, 13, 13, 13, 5, 13, 3, 13, 3, 13, 3, 13, 5, 13, 3, 13, 3, 13, 13, 13, 1, 13, 12, 13, 12, 13, 13, 13, 0, 0, 1, 13, 1, 13, 13, 13, 10, 13, 8, 13, 1, 13, 13, 13, 3, 13, 5, 13]",82.81908042790023
6063106,B,268,"[8, 13, 6, 13, 4, 13, 3, 13, 4, 13, 4, 13, 1, 13, 1, 13, 4, 13, 4, 13, 6, 13, 6, 13, 4, 3, 0, 0, 0, 0, 0, 0, 0, 0, 8, 13, 4, 13, 3, 13, 1, 13, 13, 13, 13, 13, 13, 13, 8, 13, 6, 13, 4, 13, 3, 13, 4, 13, 0, 0, 0, 0, 0, 0]",131.1709998265124
6063106,B,228,"[4, 13, 13, 13, 1, 13, 1, 13, 0, 0, 0, 0, 1, 1, 0, 1, 4, 4, 0, 4, 4, 4, 0, 4, 6, 6, 0, 6, 4, 4, 0, 3, 4, 13, 13, 13, 1, 13, 1, 13, 0, 0, 0, 0, 0, 0, 0, 0, 4, 13, 13, 13, 1, 13, 1, 13, 0, 0, 1, 13, 1, 13, 1, 13]",120.18747687501354
6063106,B,196,"[4, 13, 13, 13, 1, 13, 1, 13, 0, 0, 0, 0, 0, 0, 0, 0, 4, 4, 0, 4, 4, 4, 0, 4, 6, 6, 0, 6, 4, 4, 0, 3, 4, 13, 13, 13, 1, 13, 1, 13, 0, 0, 0, 0, 0, 0, 0, 0, 4, 13, 13, 13, 1, 13, 1, 13, 0, 0, 0, 0, 0, 0, 0, 0]",134.3605466586182
6063106,B,140,"[4, 13, 4, 13, 4, 13, 6, 13, 3, 13, 0, 0, 1, 13, 0, 0, 0, 0, 8, 13, 4, 13, 3, 13, 1, 13, 13, 13, 13, 13, 13, 13, 8, 13, 6, 13, 4, 13, 3, 13, 4, 13, 0, 0, 1, 13, 0, 0, 0, 0, 8, 13, 4, 13, 3, 13, 1, 13, 13, 13, 13, 13, 13, 13]",139.54512970659798
6063106,B,36,"[4, 13, 4, 13, 4, 13, 4, 13, 6, 13, 6, 13, 4, 13, 3, 13, 4, 13, 3, 1, 0, 0, 1, 0, 0, 0, 1, 13, 4, 13, 3, 13, 3, 13, 13, 13, 0, 0, 0, 0, 0, 0, 0, 0, 0, 0, 1, 13, 4, 13, 4, 1, 1, 13, 0, 0, 0, 0, 1, 13, 1, 13, 1, 13]",128.81271808435412
6063106,B,140,"[4, 13, 4, 13, 4, 13, 6, 13, 3, 13, 0, 0, 1, 13, 0, 0, 0, 0, 8, 13, 4, 13, 3, 13, 1, 13, 13, 13, 13, 13, 13, 13, 8, 13, 6, 13, 4, 13, 3, 13, 4, 13, 0, 0, 1, 13, 0, 0, 0, 0, 8, 13, 4, 13, 3, 13, 1, 13, 13, 13, 13, 13, 13, 13]",147.04080288485886
6063106,B,156,"[8, 13, 6, 13, 4, 13, 3, 13, 4, 13, 0, 0, 1, 13, 0, 0, 0, 0, 8, 13, 4, 13, 3, 13, 1, 13, 13, 13, 13, 13, 13, 13, 8, 13, 6, 13, 4, 13, 3, 13, 4, 13, 0, 0, 1, 13, 0, 0, 0, 0, 8, 13, 4, 13, 3, 13, 1, 13, 13, 13, 13, 13, 13, 13]",117.90496148219944
6063106,B,252,"[8, 13, 6, 13, 4, 13, 3, 13, 4, 13, 0, 0, 1, 13, 1, 13, 4, 13, 4, 13, 6, 13, 6, 13, 4, 3, 0, 0, 0, 0, 0, 0, 8, 13, 6, 13, 4, 13, 3, 13, 4, 13, 0, 0, 1, 13, 1, 13, 8, 13, 6, 13, 4, 13, 3, 13, 4, 13, 0, 0, 0, 0, 0, 0]",116.44288741514073
6063106,B,136,"[8, 13, 6, 13, 4, 13, 3, 13, 4, 13, 3, 13, 1, 13, 1, 13, 4, 13, 4, 13, 4, 13, 6, 13, 3, 13, 0, 0, 1, 13, 0, 0, 0, 0, 8, 13, 4, 13, 3, 13, 1, 13, 13, 13, 13, 13, 13, 13, 8, 13, 6, 13, 4, 13, 3, 13, 4, 13, 0, 0, 1, 13, 0, 0]",119.4012386441049
6063106,B,280,"[8, 13, 6, 13, 4, 13, 3, 13, 4, 13, 0, 0, 0, 0, 0, 0, 0, 0, 8, 13, 4, 13, 3, 13, 1, 13, 13, 13, 13, 13, 13, 13, 8, 13, 6, 13, 4, 13, 3, 13, 4, 13, 13, 13, 0, 0, 0, 0, 0, 0, 8, 13, 4, 13, 3, 13, 1, 13, 13, 13, 13, 13, 13, 13]",152.2847001606109
6063106,B,8,"[0, 0, 8, 13, 4, 13, 3, 13, 1, 13, 13, 13, 13, 13, 13, 13, 8, 13, 6, 13, 4, 13, 3, 13, 3, 13, 13, 13, 1, 13, 3, 13, 4, 13, 3, 1, 0, 0, 1, 0, 0, 0, 11, 13, 1, 13, 1, 13, 4, 13, 4, 13, 4, 13, 4, 13, 6, 13, 6, 13, 4, 13, 3, 13]",145.50209656732062
6063106,B,88,"[0, 1, 1, 13, 1, 1, 1, 1, 1, 1, 1, 1, 1, 1, 1, 1, 4, 13, 3, 13, 1, 13, 11, 13, 4, 13, 3, 13, 1, 13, 11, 13, 0, 0, 1, 13, 1, 13, 11, 13, 1, 13, 11, 13, 1, 13, 3, 13, 4, 13, 3, 13, 1, 13, 11, 13, 3, 13, 3, 13, 1, 13, 11, 13]",152.7830262640117
6063106,B,120,"[8, 13, 6, 13, 4, 13, 3, 13, 4, 13, 0, 0, 1, 13, 1, 13, 4, 13, 4, 13, 4, 13, 6, 13, 3, 13, 0, 0, 0, 0, 0, 0, 8, 13, 6, 13, 4, 13, 3, 13, 4, 13, 0, 0, 1, 13, 1, 13, 8, 13, 6, 13, 4, 13, 3, 13, 4, 1, 0, 0, 0, 0, 0, 0]",138.50648129473132
6063106,B,16,"[4, 13, 3, 1, 0, 0, 1, 0, 0, 0, 11, 13, 1, 13, 1, 13, 4, 13, 4, 13, 4, 13, 4, 13, 6, 13, 6, 13, 4, 13, 3, 13, 4, 13, 3, 1, 0, 0, 1, 0, 0, 0, 11, 13, 1, 13, 1, 13, 4, 13, 4, 13, 4, 13, 4, 13, 6, 13, 6, 13, 4, 13, 3, 13]",135.22558189284484
6063106,B,224,"[4, 4, 0, 4, 4, 4, 0, 4, 6, 6, 0, 6, 4, 4, 0, 3, 4, 13, 13, 13, 1, 13, 1, 13, 0, 0, 0, 0, 1, 1, 0, 1, 4, 4, 0, 4, 4, 4, 0, 4, 6, 6, 0, 6, 4, 4, 0, 3, 4, 13, 13, 13, 1, 13, 1, 13, 0, 0, 0, 0, 0, 0, 0, 0]",144.35737526637212
6063106,B,228,"[4, 13, 13, 13, 1, 13, 1, 13, 0, 0, 0, 0, 1, 1, 0, 1, 4, 4, 0, 4, 4, 4, 0, 4, 6, 6, 0, 6, 4, 4, 0, 3, 4, 13, 13, 13, 1, 13, 1, 13, 0, 0, 0, 0, 0, 0, 0, 0, 4, 13, 13, 13, 1, 13, 1, 13, 0, 0, 1, 13, 1, 13, 1, 13]",116.23810179662763
6063106,B,56,"[4, 13, 3, 1, 1, 13, 0, 0, 0, 0, 1, 13, 1, 13, 1, 13, 4, 13, 4, 13, 4, 13, 4, 13, 6, 13, 6, 13, 4, 13, 3, 13, 4, 13, 3, 1, 0, 0, 1, 0, 0, 0, 1, 13, 1, 13, 1, 13, 4, 13, 4, 13, 4, 13, 4, 13, 6, 13, 6, 13, 4, 13, 3, 13]",157.44417207566522
6063106,B,84,"[4, 13, 3, 13, 1, 13, 11, 13, 4, 13, 3, 13, 1, 13, 11, 13, 0, 1, 1, 13, 1, 1, 1, 1, 1, 1, 1, 1, 1, 1, 1, 1, 4, 13, 3, 13, 1, 13, 11, 13, 4, 13, 3, 13, 1, 13, 11, 13, 0, 0, 1, 13, 1, 13, 11, 13, 1, 13, 11, 13, 1, 13, 3, 13]",131.9611346125302
6063106,B,196,"[4, 13, 13, 13, 1, 13, 1, 13, 0, 0, 0, 0, 0, 0, 0, 0, 4, 4, 0, 4, 4, 4, 0, 4, 6, 6, 0, 6, 4, 4, 0, 3, 4, 13, 13, 13, 1, 13, 1, 13, 0, 0, 0, 0, 0, 0, 0, 0, 4, 13, 13, 13, 1, 13, 1, 13, 0, 0, 0, 0, 0, 0, 0, 0]",119.98485600933886
6063106,B,72,"[4, 13, 3, 1, 1, 13, 0, 0, 0, 0, 1, 13, 4, 13, 3, 13, 3, 13, 1, 13, 4, 13, 3, 13, 3, 13, 13, 13, 13, 13, 0, 0, 0, 1, 1, 13, 1, 1, 1, 1, 1, 1, 1, 1, 1, 1, 1, 1, 4, 13, 3, 13, 1, 13, 11, 13, 4, 13, 3, 13, 1, 13, 11, 13]",114.94314664869383
6063106,B,12,"[8, 13, 6, 13, 4, 13, 3, 13, 3, 13, 13, 13, 1, 13, 3, 13, 4, 13, 3, 1, 0, 0, 1, 0, 0, 0, 11, 13, 1, 13, 1, 13, 4, 13, 4, 13, 4, 13, 4, 13, 6, 13, 6, 13, 4, 13, 3, 13, 4, 13, 3, 1, 0, 0, 1, 0, 0, 0, 11, 13, 1, 13, 1, 13]",114.99553366738321
6063106,B,48,"[4, 13, 4, 1, 1, 13, 0, 0, 0, 0, 1, 13, 1, 13, 1, 13, 4, 13, 4, 13, 4, 13, 4, 13, 6, 13, 6, 13, 4, 13, 3, 13, 4, 13, 3, 1, 1, 13, 0, 0, 0, 0, 1, 13, 1, 13, 1, 13, 4, 13, 4, 13, 4, 13, 4, 13, 6, 13, 6, 13, 4, 13, 3, 13]",129.958305286438
6063106,B,188,"[4, 13, 13, 13, 1, 13, 1, 13, 0, 0, 0, 0, 0, 0, 0, 0, 4, 4, 0, 4, 4, 4, 0, 4, 6, 6, 0, 6, 4, 4, 0, 3, 4, 13, 13, 13, 1, 13, 1, 13, 0, 0, 0, 0, 0, 0, 0, 0, 4, 4, 0, 4, 4, 4, 0, 4, 6, 6, 0, 6, 4, 4, 0, 3]",134.04579159591415
6063106,B,176,"[0, 0, 0, 0, 0, 0, 0, 0, 0, 0, 0, 0, 3, 3, 3, 13, 4, 13, 13, 13, 1, 13, 1, 13, 0, 0, 0, 0, 1, 1, 0, 1, 4, 4, 0, 4, 4, 4, 0, 4, 6, 6, 0, 6, 4, 4, 0, 3, 4, 13, 13, 13, 1, 13, 1, 13, 0, 0, 0, 0, 0, 0, 0, 0]",134.90693027503164
6063106,B,164,"[8, 13, 6, 13, 4, 13, 3, 13, 4, 13, 0, 0, 1, 13, 0, 0, 0, 0, 8, 13, 4, 13, 3, 13, 1, 13, 13, 13, 13, 13, 13, 13, 8, 13, 6, 13, 4, 13, 3, 13, 4, 13, 0, 0, 4, 13, 0, 0, 0, 0, 0, 0, 0, 0, 0, 0, 0, 0, 0, 0, 3, 3, 3, 13]",151.16205933861414
6063106,B,212,"[4, 13, 13, 13, 1, 13, 1, 13, 0, 0, 0, 0, 1, 1, 0, 1, 4, 4, 0, 4, 4, 4, 0, 4, 6, 6, 0, 6, 4, 4, 0, 3, 4, 13, 13, 13, 1, 13, 1, 13, 0, 0, 0, 0, 1, 13, 13, 13, 4, 4, 0, 4, 4, 4, 0, 4, 6, 6, 0, 6, 4, 4, 0, 3]",127.1073257982587
6063106,B,20,"[4, 13, 4, 13, 4, 13, 4, 13, 6, 13, 6, 13, 4, 13, 3, 13, 4, 13, 3, 1, 0, 0, 1, 0, 0, 0, 11, 13, 1, 13, 1, 13, 4, 13, 4, 13, 4, 13, 4, 13, 6, 13, 6, 13, 4, 13, 3, 13, 4, 13, 3, 1, 0, 0, 1, 0, 0, 0, 11, 13, 1, 13, 1, 13]",126.67653998341613
6063106,B,116,"[8, 13, 6, 13, 4, 13, 3, 13, 4, 13, 0, 0, 0, 0, 0, 0, 8, 13, 6, 13, 4, 13, 3, 13, 4, 13, 0, 0, 1, 13, 1, 13, 4, 13, 4, 13, 4, 13, 6, 13, 3, 13, 0, 0, 0, 0, 0, 0, 8, 13, 6, 13, 4, 13, 3, 13, 4, 13, 0, 0, 1, 13, 1, 13]",121.64002602958325
6063106,B,4,"[8, 13, 6, 13, 4, 13, 3, 13, 4, 13, 6, 13, 9, 13, 3, 13, 0, 0, 8, 13, 4, 13, 3, 13, 1, 13, 13, 13, 13, 13, 13, 13, 8, 13, 6, 13, 4, 13, 3, 13, 3, 13, 13, 13, 1, 13, 3, 13, 4, 13, 3, 1, 0, 0, 1, 0, 0, 0, 11, 13, 1, 13, 1, 13]",146.98841586616945
6063106,B,136,"[8, 13, 6, 13, 4, 13, 3, 13, 4, 13, 3, 13, 1, 13, 1, 13, 4, 13, 4, 13, 4, 13, 6, 13, 3, 13, 0, 0, 1, 13, 0, 0, 0, 0, 8, 13, 4, 13, 3, 13, 1, 13, 13, 13, 13, 13, 13, 13, 8, 13, 6, 13, 4, 13, 3, 13, 4, 13, 0, 0, 1, 13, 0, 0]",141.73239597452232
6063106,B,276,"[0, 0, 8, 13, 4, 13, 3, 13, 1, 13, 13, 13, 13, 13, 13, 13, 8, 13, 6, 13, 4, 13, 3, 13, 4, 13, 0, 0, 0, 0, 0, 0, 0, 0, 8, 13, 4, 13, 3, 13, 1, 13, 13, 13, 13, 13, 13, 13, 8, 13, 6, 13, 4, 13, 3, 13, 4, 13, 13, 13, 0, 0, 0, 0]",136.2157398411312
6063106,B,252,"[8, 13, 6, 13, 4, 13, 3, 13, 4, 13, 0, 0, 1, 13, 1, 13, 4, 13, 4, 13, 6, 13, 6, 13, 4, 3, 0, 0, 0, 0, 0, 0, 8, 13, 6, 13, 4, 13, 3, 13, 4, 13, 0, 0, 1, 13, 1, 13, 8, 13, 6, 13, 4, 13, 3, 13, 4, 13, 0, 0, 0, 0, 0, 0]",120.42256903326434
6063106,B,208,"[4, 13, 13, 13, 1, 13, 1, 13, 0, 0, 0, 0, 0, 0, 0, 0, 4, 13, 13, 13, 1, 13, 1, 13, 0, 0, 0, 0, 1, 1, 0, 1, 4, 4, 0, 4, 4, 4, 0, 4, 6, 6, 0, 6, 4, 4, 0, 3, 4, 13, 13, 13, 1, 13, 1, 13, 0, 0, 0, 0, 1, 13, 13, 13]",155.2971702105352
6063106,B,84,"[4, 13, 3, 13, 1, 13, 11, 13, 4, 13, 3, 13, 1, 13, 11, 13, 0, 1, 1, 13, 1, 1, 1, 1, 1, 1, 1, 1, 1, 1, 1, 1, 4, 13, 3, 13, 1, 13, 11, 13, 4, 13, 3, 13, 1, 13, 11, 13, 0, 0, 1, 13, 1, 13, 11, 13, 1, 13, 11, 13, 1, 13, 3, 13]",144.80331435108351
6063106,B,176,"[0, 0, 0, 0, 0, 0, 0, 0, 0, 0, 0, 0, 3, 3, 3, 13, 4, 13, 13, 13, 1, 13, 1, 13, 0, 0, 0, 0, 1, 1, 0, 1, 4, 4, 0, 4, 4, 4, 0, 4, 6, 6, 0, 6, 4, 4, 0, 3, 4, 13, 13, 13, 1, 13, 1, 13, 0, 0, 0, 0, 0, 0, 0, 0]",142.70350409783074
6063106,B,144,"[0, 0, 8, 13, 4, 13, 3, 13, 1, 13, 13, 13, 13, 13, 13, 13, 8, 13, 6, 13, 4, 13, 3, 13, 4, 13, 0, 0, 1, 13, 0, 0, 0, 0, 8, 13, 4, 13, 3, 13, 1, 13, 13, 13, 13, 13, 13, 13, 8, 13, 6, 13, 4, 13, 3, 13, 4, 13, 0, 0, 1, 13, 0, 0]",117.77810696586887
6063106,B,180,"[4, 13, 13, 13, 1, 13, 1, 13, 0, 0, 0, 0, 1, 1, 0, 1, 4, 4, 0, 4, 4, 4, 0, 4, 6, 6, 0, 6, 4, 4, 0, 3, 4, 13, 13, 13, 1, 13, 1, 13, 0, 0, 0, 0, 0, 0, 0, 0, 4, 4, 0, 4, 4, 4, 0, 4, 6, 6, 0, 6, 4, 4, 0, 3]",141.67741125242685
6063106,B,180,"[4, 13, 13, 13, 1, 13, 1, 13, 0, 0, 0, 0, 1, 1, 0, 1, 4, 4, 0, 4, 4, 4, 0, 4, 6, 6, 0, 6, 4, 4, 0, 3, 4, 13, 13, 13, 1, 13, 1, 13, 0, 0, 0, 0, 0, 0, 0, 0, 4, 4, 0, 4, 4, 4, 0, 4, 6, 6, 0, 6, 4, 4, 0, 3]",141.85189033120224
4830441,B,16,"[3, 13, 13, 13, 0, 0, 0, 0, 0, 0, 0, 0, 0, 0, 0, 0, 1, 13, 13, 13, 0, 8, 1, 3, 4, 6, 0, 4, 3, 1, 0, 11, 9, 13, 13, 4, 13, 13, 6, 13, 4, 13, 0, 0, 0, 0, 0, 0, 4, 13, 11, 13, 4, 13, 11, 13, 4, 13, 11, 13, 4, 13, 6, 3]",164.383503774456
4830441,B,156,"[8, 8, 8, 8, 8, 8, 8, 4, 9, 13, 8, 0, 8, 8, 8, 8, 4, 9, 9, 8, 11, 11, 4, 4, 4, 13, 4, 0, 8, 8, 8, 8, 6, 6, 0, 6, 6, 6, 0, 4, 6, 13, 0, 0, 0, 0, 0, 0, 11, 8, 13, 8, 8, 0, 0, 0, 0, 0, 0, 0, 0, 0, 0, 0]",165.29573062055982
4830441,B,100,"[8, 6, 8, 6, 8, 13, 6, 13, 13, 8, 8, 6, 8, 6, 6, 8, 9, 9, 4, 13, 0, 0, 0, 0, 9, 9, 9, 9, 9, 9, 11, 11, 11, 13, 13, 13, 8, 13, 13, 13, 13, 13, 0, 0, 0, 0, 8, 8, 8, 6, 8, 11, 9, 8, 0, 0, 0, 0, 0, 0, 0, 0, 0, 0]",135.72174324340722
4830441,B,164,"[6, 6, 0, 6, 6, 6, 0, 4, 6, 13, 0, 0, 0, 0, 0, 0, 11, 8, 13, 8, 8, 0, 0, 0, 0, 0, 0, 0, 0, 0, 0, 0, 4, 13, 4, 13, 8, 8, 8, 8, 4, 13, 4, 0, 8, 8, 8, 8, 1, 13, 9, 9, 4, 13, 4, 4, 1, 13, 1, 0, 6, 6, 6, 4]",127.38138350760076
4830441,B,108,"[11, 13, 13, 13, 8, 13, 13, 13, 13, 13, 0, 0, 0, 0, 8, 8, 8, 6, 8, 11, 9, 8, 0, 0, 0, 0, 0, 0, 0, 0, 0, 0, 8, 6, 8, 6, 8, 6, 8, 13, 8, 6, 0, 8, 6, 8, 0, 9, 9, 13, 4, 13, 0, 0, 0, 0, 9, 9, 9, 9, 9, 13, 11, 11]",161.3511179984184
4830441,B,140,"[6, 6, 6, 6, 6, 8, 6, 4, 4, 13, 4, 0, 4, 6, 6, 4, 6, 6, 6, 6, 6, 8, 6, 4, 4, 13, 0, 0, 0, 0, 0, 0, 4, 8, 6, 8, 4, 0, 0, 0, 0, 0, 0, 0, 0, 0, 0, 0, 8, 8, 8, 8, 8, 8, 8, 4, 9, 13, 8, 0, 8, 0, 8, 8]",138.02980271971455
4830441,B,156,"[8, 8, 8, 8, 8, 8, 8, 4, 9, 13, 8, 0, 8, 8, 8, 8, 4, 9, 9, 8, 11, 11, 4, 4, 4, 13, 4, 0, 8, 8, 8, 8, 6, 6, 0, 6, 6, 6, 0, 4, 6, 13, 0, 0, 0, 0, 0, 0, 11, 8, 13, 8, 8, 0, 0, 0, 0, 0, 0, 0, 0, 0, 0, 0]",137.86354970172505
4830441,B,168,"[11, 8, 13, 8, 8, 0, 0, 0, 0, 0, 0, 0, 0, 0, 0, 0, 4, 13, 4, 13, 8, 8, 8, 8, 4, 13, 4, 0, 8, 8, 8, 8, 1, 13, 9, 9, 4, 13, 4, 4, 1, 13, 1, 0, 6, 6, 6, 4, 6, 13, 4, 13, 6, 6, 6, 4, 6, 13, 4, 0, 4, 4, 4, 4]",128.2589743082901
4830441,B,124,"[11, 8, 13, 13, 0, 0, 0, 0, 8, 8, 8, 8, 8, 11, 9, 8, 8, 6, 13, 13, 0, 0, 0, 0, 0, 4, 4, 4, 4, 4, 4, 1, 4, 1, 0, 1, 3, 4, 3, 1, 4, 13, 13, 13, 1, 13, 13, 13, 4, 1, 3, 4, 1, 1, 13, 13, 0, 1, 3, 4, 3, 1, 4, 1]",150.17233434089542
4830441,B,160,"[4, 9, 9, 8, 11, 11, 4, 4, 4, 13, 4, 0, 8, 8, 8, 8, 6, 6, 0, 6, 6, 6, 0, 4, 6, 13, 0, 0, 0, 0, 0, 0, 11, 8, 13, 8, 8, 0, 0, 0, 0, 0, 0, 0, 0, 0, 0, 0, 4, 13, 4, 13, 8, 8, 8, 8, 4, 13, 4, 0, 8, 8, 8, 8]",159.69767978044473
4830441,B,56,"[1, 13, 0, 0, 1, 1, 1, 3, 4, 3, 4, 3, 4, 13, 6, 11, 11, 13, 0, 0, 11, 11, 11, 11, 4, 3, 4, 3, 4, 13, 6, 6, 3, 13, 13, 13, 13, 13, 0, 0, 0, 0, 4, 13, 13, 13, 3, 13, 1, 13, 8, 13, 0, 8, 8, 8, 8, 8, 1, 1, 1, 1, 13, 11]",126.51115286656201
4830441,B,28,"[4, 13, 11, 13, 4, 13, 11, 13, 4, 13, 11, 13, 4, 13, 6, 3, 3, 13, 13, 13, 0, 0, 0, 0, 0, 0, 0, 0, 0, 0, 0, 0, 1, 13, 13, 13, 1, 1, 1, 3, 4, 3, 4, 13, 3, 4, 0, 3, 1, 13, 0, 0, 1, 1, 1, 3, 4, 3, 4, 13, 3, 4, 0, 6]",143.98676958043717
4830441,B,184,"[3, 3, 0, 3, 3, 3, 4, 1, 4, 13, 0, 0, 0, 0, 0, 0, 11, 8, 13, 8, 8, 0, 0, 0, 0, 0, 0, 0, 0, 0, 0, 0, 1, 13, 1, 13, 4, 4, 4, 4, 1, 13, 1, 0, 4, 4, 4, 4, 1, 13, 9, 9, 4, 13, 4, 4, 1, 13, 1, 0, 6, 6, 6, 4]",140.46774736632617
4830441,B,92,"[4, 11, 0, 0, 11, 11, 11, 11, 11, 4, 4, 4, 4, 6, 13, 6, 6, 3, 13, 13, 0, 0, 0, 0, 0, 0, 0, 0, 0, 0, 0, 0, 8, 6, 8, 6, 8, 13, 6, 13, 13, 8, 8, 6, 8, 6, 6, 8, 9, 9, 4, 13, 0, 0, 0, 0, 9, 9, 9, 9, 9, 9, 11, 11]",142.74593325346348
4830441,B,180,"[6, 13, 4, 13, 6, 6, 6, 4, 6, 13, 4, 0, 4, 4, 4, 4, 3, 3, 0, 3, 3, 3, 4, 1, 4, 13, 0, 0, 0, 0, 0, 0, 11, 8, 13, 8, 8, 0, 0, 0, 0, 0, 0, 0, 0, 0, 0, 0, 1, 13, 1, 13, 4, 4, 4, 4, 1, 13, 1, 0, 4, 4, 4, 4]",145.81641867945703
4830441,B,52,"[1, 13, 13, 13, 1, 1, 1, 3, 4, 3, 4, 3, 3, 4, 0, 3, 1, 13, 0, 0, 1, 1, 1, 3, 4, 3, 4, 3, 4, 13, 6, 11, 11, 13, 0, 0, 11, 11, 11, 11, 4, 3, 4, 3, 4, 13, 6, 6, 3, 13, 13, 13, 13, 13, 0, 0, 0, 0, 4, 13, 13, 13, 3, 13]",165.14766152641295
4830441,B,152,"[8, 8, 8, 8, 8, 8, 8, 4, 9, 13, 8, 0, 8, 0, 8, 8, 8, 8, 8, 8, 8, 8, 8, 4, 9, 13, 8, 0, 8, 8, 8, 8, 4, 9, 9, 8, 11, 11, 4, 4, 4, 13, 4, 0, 8, 8, 8, 8, 6, 6, 0, 6, 6, 6, 0, 4, 6, 13, 0, 0, 0, 0, 0, 0]",139.9023139249348
4830441,B,100,"[8, 6, 8, 6, 8, 13, 6, 13, 13, 8, 8, 6, 8, 6, 6, 8, 9, 9, 4, 13, 0, 0, 0, 0, 9, 9, 9, 9, 9, 9, 11, 11, 11, 13, 13, 13, 8, 13, 13, 13, 13, 13, 0, 0, 0, 0, 8, 8, 8, 6, 8, 11, 9, 8, 0, 0, 0, 0, 0, 0, 0, 0, 0, 0]",132.04252931925424
4830441,B,100,"[8, 6, 8, 6, 8, 13, 6, 13, 13, 8, 8, 6, 8, 6, 6, 8, 9, 9, 4, 13, 0, 0, 0, 0, 9, 9, 9, 9, 9, 9, 11, 11, 11, 13, 13, 13, 8, 13, 13, 13, 13, 13, 0, 0, 0, 0, 8, 8, 8, 6, 8, 11, 9, 8, 0, 0, 0, 0, 0, 0, 0, 0, 0, 0]",160.56834337205117
4830441,B,92,"[4, 11, 0, 0, 11, 11, 11, 11, 11, 4, 4, 4, 4, 6, 13, 6, 6, 3, 13, 13, 0, 0, 0, 0, 0, 0, 0, 0, 0, 0, 0, 0, 8, 6, 8, 6, 8, 13, 6, 13, 13, 8, 8, 6, 8, 6, 6, 8, 9, 9, 4, 13, 0, 0, 0, 0, 9, 9, 9, 9, 9, 9, 11, 11]",141.3890661743513
4830441,B,104,"[9, 13, 4, 13, 0, 0, 0, 0, 9, 9, 9, 9, 9, 9, 11, 11, 11, 13, 13, 13, 8, 13, 13, 13, 13, 13, 0, 0, 0, 0, 8, 8, 8, 6, 8, 11, 9, 8, 0, 0, 0, 0, 0, 0, 0, 0, 0, 0, 8, 6, 8, 6, 8, 6, 8, 13, 8, 6, 0, 8, 6, 8, 0, 9]",125.19887969592095
4830441,B,128,"[8, 6, 13, 13, 0, 0, 0, 0, 0, 4, 4, 4, 4, 4, 4, 1, 4, 1, 0, 1, 3, 4, 3, 1, 4, 13, 13, 13, 1, 13, 13, 13, 4, 1, 3, 4, 1, 1, 13, 13, 0, 1, 3, 4, 3, 1, 4, 1, 6, 6, 6, 6, 6, 8, 6, 4, 4, 13, 4, 0, 4, 6, 6, 4]",147.18540837446432
4830441,B,96,"[6, 3, 13, 13, 0, 0, 0, 0, 0, 0, 0, 0, 0, 0, 0, 0, 8, 6, 8, 6, 8, 13, 6, 13, 13, 8, 8, 6, 8, 6, 6, 8, 9, 9, 4, 13, 0, 0, 0, 0, 9, 9, 9, 9, 9, 9, 11, 11, 11, 13, 13, 13, 8, 13, 13, 13, 13, 13, 0, 0, 0, 0, 8, 8]",136.68462530592973
4830441,B,4,"[1, 13, 13, 13, 0, 8, 1, 3, 4, 6, 0, 4, 3, 1, 0, 11, 9, 13, 13, 4, 13, 13, 4, 13, 13, 13, 0, 0, 0, 0, 0, 0, 4, 13, 11, 13, 4, 13, 11, 13, 4, 13, 11, 13, 4, 13, 6, 3, 3, 13, 13, 13, 0, 0, 0, 0, 0, 0, 0, 0, 0, 0, 0, 0]",141.25788215234394
4830441,B,180,"[6, 13, 4, 13, 6, 6, 6, 4, 6, 13, 4, 0, 4, 4, 4, 4, 3, 3, 0, 3, 3, 3, 4, 1, 4, 13, 0, 0, 0, 0, 0, 0, 11, 8, 13, 8, 8, 0, 0, 0, 0, 0, 0, 0, 0, 0, 0, 0, 1, 13, 1, 13, 4, 4, 4, 4, 1, 13, 1, 0, 4, 4, 4, 4]",134.4700831522415
7633928,G,8,"[0, 0, 0, 0, 5, 13, 6, 8, 8, 13, 13, 13, 13, 13, 1, 13, 8, 13, 8, 13, 10, 13, 8, 13, 13, 13, 13, 13, 1, 13, 3, 13, 0, 0, 0, 1, 5, 13, 8, 1, 13, 13, 1, 13, 1, 13, 1, 13, 10, 13, 10, 13, 0, 0, 0, 0, 10, 13, 8, 13, 1, 13, 3, 5]",215.45348683696938
7633928,G,28,"[5, 13, 13, 13, 0, 0, 0, 0, 10, 13, 12, 13, 1, 13, 10, 13, 3, 13, 13, 13, 13, 13, 8, 13, 8, 13, 13, 13, 13, 13, 13, 13, 8, 13, 13, 13, 8, 13, 13, 13, 8, 13, 8, 13, 13, 13, 13, 13, 8, 13, 13, 13, 1, 13, 13, 13, 12, 13, 1, 13, 13, 13, 8, 13]",207.00792011321644
7633928,G,28,"[5, 13, 13, 13, 0, 0, 0, 0, 10, 13, 12, 13, 1, 13, 10, 13, 3, 13, 13, 13, 13, 13, 8, 13, 8, 13, 13, 13, 13, 13, 13, 13, 8, 13, 13, 13, 8, 13, 13, 13, 8, 13, 8, 13, 13, 13, 13, 13, 8, 13, 13, 13, 1, 13, 13, 13, 12, 13, 1, 13, 13, 13, 8, 13]",206.00780430187336
7633928,G,68,"[10, 13, 11, 10, 13, 13, 6, 8, 13, 6, 3, 13, 0, 0, 0, 0, 0, 0, 0, 0, 8, 13, 10, 13, 12, 13, 8, 13, 10, 13, 12, 13, 3, 13, 13, 13, 13, 13, 1, 13, 1, 13, 13, 13, 13, 13, 13, 13, 3, 13, 13, 13, 13, 13, 13, 13, 13, 13, 13, 13, 13, 13, 13, 13]",190.0366908106896
7633928,G,124,"[8, 13, 8, 13, 10, 13, 8, 13, 13, 13, 13, 13, 1, 13, 3, 5, 0, 0, 0, 0, 5, 13, 8, 1, 13, 13, 1, 13, 1, 13, 1, 13, 1, 13, 10, 13, 0, 0, 0, 0, 10, 13, 8, 13, 1, 13, 3, 5, 5, 13, 13, 13, 1, 13, 10, 13, 12, 13, 13, 13, 5, 13, 5, 13]",221.90834685052516
7633928,G,124,"[8, 13, 8, 13, 10, 13, 8, 13, 13, 13, 13, 13, 1, 13, 3, 5, 0, 0, 0, 0, 5, 13, 8, 1, 13, 13, 1, 13, 1, 13, 1, 13, 1, 13, 10, 13, 0, 0, 0, 0, 10, 13, 8, 13, 1, 13, 3, 5, 5, 13, 13, 13, 1, 13, 10, 13, 12, 13, 13, 13, 5, 13, 5, 13]",202.88233415378437
7633928,G,16,"[0, 0, 0, 1, 5, 13, 8, 1, 13, 13, 1, 13, 1, 13, 1, 13, 10, 13, 10, 13, 0, 0, 0, 0, 10, 13, 8, 13, 1, 13, 3, 5, 5, 13, 13, 13, 1, 13, 1, 13, 12, 13, 13, 13, 5, 13, 5, 13, 5, 13, 13, 13, 0, 0, 0, 0, 10, 13, 12, 13, 1, 13, 10, 13]",219.2145284184141
7633928,G,56,"[0, 0, 0, 0, 3, 13, 3, 3, 3, 13, 13, 13, 0, 0, 0, 0, 1, 13, 1, 13, 1, 13, 12, 1, 13, 12, 8, 13, 8, 10, 13, 13, 11, 13, 13, 13, 0, 0, 3, 13, 1, 13, 8, 13, 13, 8, 8, 13, 10, 13, 11, 10, 13, 13, 6, 8, 13, 6, 3, 13, 0, 0, 0, 0]",201.03320227921887
7633928,G,40,"[8, 13, 13, 13, 1, 13, 13, 13, 12, 13, 1, 13, 13, 13, 8, 13, 3, 13, 13, 13, 13, 13, 8, 13, 8, 13, 13, 13, 13, 13, 8, 13, 6, 13, 13, 13, 5, 13, 13, 13, 3, 13, 1, 13, 0, 0, 0, 0, 6, 13, 13, 13, 5, 13, 13, 13, 3, 13, 1, 13, 13, 13, 3, 13]",225.70099382341056
7633928,G,44,"[3, 13, 13, 13, 13, 13, 8, 13, 8, 13, 13, 13, 13, 13, 8, 13, 6, 13, 13, 13, 5, 13, 13, 13, 3, 13, 1, 13, 0, 0, 0, 0, 6, 13, 13, 13, 5, 13, 13, 13, 3, 13, 1, 13, 13, 13, 3, 13, 0, 0, 0, 0, 3, 13, 3, 3, 3, 13, 13, 13, 0, 0, 0, 0]",201.57352458768474
7633928,G,108,"[3, 13, 13, 13, 13, 13, 8, 13, 8, 13, 13, 13, 13, 13, 8, 13, 6, 13, 13, 13, 5, 13, 13, 13, 3, 13, 1, 13, 0, 0, 0, 0, 6, 13, 13, 13, 5, 13, 13, 13, 3, 13, 1, 13, 13, 13, 8, 13, 8, 13, 13, 13, 5, 13, 6, 8, 8, 13, 13, 13, 13, 13, 13, 13]",197.84928380449293
7633928,G,112,"[6, 13, 13, 13, 5, 13, 13, 13, 3, 13, 1, 13, 0, 0, 0, 0, 6, 13, 13, 13, 5, 13, 13, 13, 3, 13, 1, 13, 13, 13, 8, 13, 8, 13, 13, 13, 5, 13, 6, 8, 8, 13, 13, 13, 13, 13, 13, 13, 8, 13, 8, 13, 10, 13, 8, 13, 13, 13, 13, 13, 1, 13, 3, 5]",211.4785676750903
7633928,G,12,"[8, 13, 8, 13, 10, 13, 8, 13, 13, 13, 13, 13, 1, 13, 3, 13, 0, 0, 0, 1, 5, 13, 8, 1, 13, 13, 1, 13, 1, 13, 1, 13, 10, 13, 10, 13, 0, 0, 0, 0, 10, 13, 8, 13, 1, 13, 3, 5, 5, 13, 13, 13, 1, 13, 1, 13, 12, 13, 13, 13, 5, 13, 5, 13]",222.96907574134354
7633928,G,24,"[5, 13, 13, 13, 1, 13, 1, 13, 12, 13, 13, 13, 5, 13, 5, 13, 5, 13, 13, 13, 0, 0, 0, 0, 10, 13, 12, 13, 1, 13, 10, 13, 3, 13, 13, 13, 13, 13, 8, 13, 8, 13, 13, 13, 13, 13, 13, 13, 8, 13, 13, 13, 8, 13, 13, 13, 8, 13, 8, 13, 13, 13, 13, 13]",203.67117008809913
7633928,G,128,"[0, 0, 0, 0, 5, 13, 8, 1, 13, 13, 1, 13, 1, 13, 1, 13, 1, 13, 10, 13, 0, 0, 0, 0, 10, 13, 8, 13, 1, 13, 3, 5, 5, 13, 13, 13, 1, 13, 10, 13, 12, 13, 13, 13, 5, 13, 5, 13, 5, 13, 13, 13, 0, 0, 0, 0, 10, 13, 12, 13, 1, 13, 10, 13]",189.6942269116539
7836608,C,72,"[6, 13, 13, 13, 10, 13, 13, 13, 8, 13, 13, 13, 13, 13, 13, 13, 8, 13, 13, 13, 13, 13, 13, 13, 0, 0, 0, 0, 0, 0, 0, 0, 12, 13, 13, 13, 10, 13, 13, 13, 8, 13, 13, 13, 13, 13, 13, 13, 8, 13, 13, 13, 13, 13, 13, 13, 0, 0, 0, 0, 0, 0, 0, 0]",1.032553440124147
7836608,C,68,"[5, 13, 13, 13, 13, 13, 13, 13, 0, 0, 0, 0, 0, 0, 0, 0, 6, 13, 13, 13, 10, 13, 13, 13, 8, 13, 13, 13, 13, 13, 13, 13, 8, 13, 13, 13, 13, 13, 13, 13, 0, 0, 0, 0, 0, 0, 0, 0, 12, 13, 13, 13, 10, 13, 13, 13, 8, 13, 13, 13, 13, 13, 13, 13]",1.731768606928938
7836608,C,44,"[8, 13, 13, 13, 5, 13, 13, 13, 8, 13, 13, 13, 5, 13, 13, 13, 1, 12, 10, 8, 1, 12, 10, 8, 5, 8, 1, 8, 5, 1, 12, 13, 1, 13, 13, 13, 13, 13, 13, 13, 13, 13, 13, 13, 13, 13, 13, 13, 5, 13, 13, 13, 10, 13, 13, 13, 8, 13, 13, 13, 13, 13, 13, 13]",3.9896058173852538
7836608,C,64,"[1, 13, 13, 13, 6, 13, 13, 13, 5, 13, 13, 13, 13, 13, 13, 13, 5, 13, 13, 13, 13, 13, 13, 13, 0, 0, 0, 0, 0, 0, 0, 0, 6, 13, 13, 13, 10, 13, 13, 13, 8, 13, 13, 13, 13, 13, 13, 13, 8, 13, 13, 13, 13, 13, 13, 13, 0, 0, 0, 0, 0, 0, 0, 0]",11.329416791280963
7836608,C,40,"[5, 13, 1, 13, 5, 13, 13, 13, 1, 13, 13, 13, 5, 13, 13, 13, 8, 13, 13, 13, 5, 13, 13, 13, 8, 13, 13, 13, 5, 13, 13, 13, 1, 12, 10, 8, 1, 12, 10, 8, 5, 8, 1, 8, 5, 1, 12, 13, 1, 13, 13, 13, 13, 13, 13, 13, 13, 13, 13, 13, 13, 13, 13, 13]",32.01709376678137
7836608,C,40,"[5, 13, 1, 13, 5, 13, 13, 13, 1, 13, 13, 13, 5, 13, 13, 13, 8, 13, 13, 13, 5, 13, 13, 13, 8, 13, 13, 13, 5, 13, 13, 13, 1, 12, 10, 8, 1, 12, 10, 8, 5, 8, 1, 8, 5, 1, 12, 13, 1, 13, 13, 13, 13, 13, 13, 13, 13, 13, 13, 13, 13, 13, 13, 13]",-1.5885292966165139
7836608,C,68,"[5, 13, 13, 13, 13, 13, 13, 13, 0, 0, 0, 0, 0, 0, 0, 0, 6, 13, 13, 13, 10, 13, 13, 13, 8, 13, 13, 13, 13, 13, 13, 13, 8, 13, 13, 13, 13, 13, 13, 13, 0, 0, 0, 0, 0, 0, 0, 0, 12, 13, 13, 13, 10, 13, 13, 13, 8, 13, 13, 13, 13, 13, 13, 13]",1.6863087973224253
7836608,C,32,"[1, 13, 8, 13, 1, 13, 13, 13, 8, 13, 13, 13, 1, 13, 13, 13, 5, 13, 13, 13, 1, 13, 13, 13, 5, 13, 13, 13, 1, 13, 13, 13, 5, 13, 1, 13, 5, 13, 13, 13, 1, 13, 13, 13, 5, 13, 13, 13, 8, 13, 13, 13, 5, 13, 13, 13, 8, 13, 13, 13, 5, 13, 13, 13]",-4.927444074572264
10929730,D,0,"[4, 13, 13, 13, 6, 13, 13, 13, 0, 0, 0, 0, 0, 0, 0, 0, 11, 13, 0, 0, 3, 13, 0, 0, 1, 13, 13, 13, 1, 13, 13, 13, 11, 13, 13, 13, 3, 13, 13, 13, 10, 13, 8, 13, 1, 13, 13, 13, 3, 13, 13, 13, 1, 13, 13, 13, 1, 13, 13, 13, 1, 13, 10, 13]",-26.41781140255324
10929730,D,0,"[4, 13, 13, 13, 6, 13, 13, 13, 0, 0, 0, 0, 0, 0, 0, 0, 11, 13, 0, 0, 3, 13, 0, 0, 1, 13, 13, 13, 1, 13, 13, 13, 11, 13, 13, 13, 3, 13, 13, 13, 10, 13, 8, 13, 1, 13, 13, 13, 3, 13, 13, 13, 1, 13, 13, 13, 1, 13, 13, 13, 1, 13, 10, 13]",-34.06458432893473
8756394,F#,236,"[0, 0, 0, 0, 10, 13, 12, 13, 10, 13, 8, 13, 8, 13, 5, 8, 8, 3, 5, 13, 13, 13, 0, 0, 0, 0, 0, 0, 0, 0, 3, 13, 3, 13, 5, 13, 12, 13, 13, 13, 13, 13, 10, 8, 10, 8, 10, 13, 10, 13, 5, 8, 8, 13, 13, 13, 0, 0, 3, 3, 3, 13, 5, 10]",230.0872160245866
8756394,F#,232,"[10, 13, 10, 12, 12, 13, 13, 13, 13, 13, 13, 13, 0, 0, 0, 0, 0, 0, 0, 0, 10, 13, 12, 13, 10, 13, 8, 13, 8, 13, 5, 8, 8, 3, 5, 13, 13, 13, 0, 0, 0, 0, 0, 0, 0, 0, 3, 13, 3, 13, 5, 13, 12, 13, 13, 13, 13, 13, 10, 8, 10, 8, 10, 13]",203.96167991901305
8756394,F#,120,"[0, 0, 0, 0, 0, 0, 0, 0, 0, 12, 12, 12, 10, 8, 8, 5, 8, 13, 0, 0, 0, 0, 0, 0, 0, 10, 12, 12, 10, 8, 8, 8, 1, 13, 12, 13, 0, 0, 0, 0, 0, 0, 0, 0, 0, 0, 3, 13, 5, 13, 13, 13, 0, 0, 3, 13, 5, 13, 3, 13, 5, 13, 8, 13]",220.4705180152566
8756394,F#,80,"[0, 0, 0, 0, 0, 0, 0, 0, 0, 0, 0, 0, 0, 0, 12, 13, 12, 13, 12, 10, 12, 13, 8, 13, 4, 13, 0, 0, 0, 0, 0, 0, 0, 0, 0, 0, 0, 0, 0, 0, 0, 12, 12, 12, 10, 8, 8, 5, 8, 13, 0, 0, 0, 0, 0, 0, 0, 10, 12, 12, 10, 8, 8, 8]",214.56723702492644
8756394,F#,80,"[0, 0, 0, 0, 0, 0, 0, 0, 0, 0, 0, 0, 0, 0, 12, 13, 12, 13, 12, 10, 12, 13, 8, 13, 4, 13, 0, 0, 0, 0, 0, 0, 0, 0, 0, 0, 0, 0, 0, 0, 0, 12, 12, 12, 10, 8, 8, 5, 8, 13, 0, 0, 0, 0, 0, 0, 0, 10, 12, 12, 10, 8, 8, 8]",223.12666974797943
8756394,F#,240,"[8, 3, 5, 13, 13, 13, 0, 0, 0, 0, 0, 0, 0, 0, 3, 13, 3, 13, 5, 13, 12, 13, 13, 13, 13, 13, 10, 8, 10, 8, 10, 13, 10, 13, 5, 8, 8, 13, 13, 13, 0, 0, 3, 3, 3, 13, 5, 10, 10, 13, 0, 0, 0, 0, 0, 0, 0, 0, 10, 10, 10, 13, 12, 5]",220.80951830975084
8756394,F#,184,"[0, 0, 0, 0, 0, 0, 0, 0, 0, 0, 10, 12, 10, 8, 8, 13, 8, 13, 0, 0, 0, 0, 0, 0, 0, 8, 10, 12, 10, 8, 8, 13, 1, 13, 12, 13, 0, 0, 0, 0, 0, 0, 0, 0, 0, 0, 0, 0, 0, 0, 8, 8, 3, 3, 3, 3, 3, 13, 12, 12, 10, 12, 13, 5]",206.14288487898983
8756394,F#,228,"[5, 13, 13, 13, 13, 13, 3, 13, 5, 13, 3, 13, 5, 13, 8, 13, 10, 13, 10, 12, 12, 13, 13, 13, 13, 13, 13, 13, 0, 0, 0, 0, 0, 0, 0, 0, 10, 13, 12, 13, 10, 13, 8, 13, 8, 13, 5, 8, 8, 3, 5, 13, 13, 13, 0, 0, 0, 0, 0, 0, 0, 0, 3, 13]",241.11489993398894
8756394,F#,268,"[8, 3, 13, 0, 0, 3, 12, 13, 10, 13, 0, 10, 12, 13, 5, 13, 5, 13, 0, 0, 0, 0, 0, 0, 0, 0, 0, 0, 0, 0, 3, 13, 0, 0, 0, 0, 10, 13, 8, 13, 10, 13, 8, 13, 12, 13, 8, 5, 5, 13, 0, 0, 0, 0, 0, 0, 0, 5, 8, 13, 8, 5, 8, 8]",236.0182058512484
8756394,F#,228,"[5, 13, 13, 13, 13, 13, 3, 13, 5, 13, 3, 13, 5, 13, 8, 13, 10, 13, 10, 12, 12, 13, 13, 13, 13, 13, 13, 13, 0, 0, 0, 0, 0, 0, 0, 0, 10, 13, 12, 13, 10, 13, 8, 13, 8, 13, 5, 8, 8, 3, 5, 13, 13, 13, 0, 0, 0, 0, 0, 0, 0, 0, 3, 13]",226.9478914583318
8756394,F#,104,"[0, 0, 0, 0, 0, 0, 0, 0, 0, 0, 0, 0, 0, 0, 12, 10, 12, 10, 12, 10, 12, 13, 3, 13, 5, 13, 10, 13, 10, 13, 12, 13, 5, 13, 0, 0, 0, 0, 0, 0, 0, 0, 0, 0, 0, 0, 12, 13, 12, 10, 12, 10, 12, 13, 3, 13, 5, 13, 10, 13, 0, 0, 0, 0]",200.69463493529236
8756394,F#,236,"[0, 0, 0, 0, 10, 13, 12, 13, 10, 13, 8, 13, 8, 13, 5, 8, 8, 3, 5, 13, 13, 13, 0, 0, 0, 0, 0, 0, 0, 0, 3, 13, 3, 13, 5, 13, 12, 13, 13, 13, 13, 13, 10, 8, 10, 8, 10, 13, 10, 13, 5, 8, 8, 13, 13, 13, 0, 0, 3, 3, 3, 13, 5, 10]",214.55294965619294
8756394,F#,276,"[0, 0, 0, 0, 10, 13, 8, 13, 10, 13, 8, 13, 12, 13, 8, 5, 5, 13, 0, 0, 0, 0, 0, 0, 0, 5, 8, 13, 8, 5, 8, 8, 8, 3, 13, 0, 0, 0, 12, 13, 10, 13, 13, 13, 12, 13, 5, 13, 5, 13, 0, 0, 0, 0, 3, 3, 13, 13, 5, 12, 13, 13, 10, 12]",218.26766552689577
8756394,F#,112,"[5, 13, 0, 0, 0, 0, 0, 0, 0, 0, 0, 0, 0, 0, 12, 13, 12, 10, 12, 10, 12, 13, 3, 13, 5, 13, 10, 13, 0, 0, 0, 0, 0, 0, 0, 0, 0, 0, 0, 0, 0, 12, 12, 12, 10, 8, 8, 5, 8, 13, 0, 0, 0, 0, 0, 0, 0, 10, 12, 12, 10, 8, 8, 8]",243.10690549588912
8756394,F#,244,"[3, 13, 5, 13, 12, 13, 13, 13, 13, 13, 10, 8, 10, 8, 10, 13, 10, 13, 5, 8, 8, 13, 13, 13, 0, 0, 3, 3, 3, 13, 5, 10, 10, 13, 0, 0, 0, 0, 0, 0, 0, 0, 10, 10, 10, 13, 12, 5, 5, 13, 0, 0, 0, 0, 0, 0, 3, 3, 3, 13, 3, 13, 3, 3]",221.44205908913273
8756394,F#,248,"[10, 13, 5, 8, 8, 13, 13, 13, 0, 0, 3, 3, 3, 13, 5, 10, 10, 13, 0, 0, 0, 0, 0, 0, 0, 0, 10, 10, 10, 13, 12, 5, 5, 13, 0, 0, 0, 0, 0, 0, 3, 3, 3, 13, 3, 13, 3, 3, 3, 5, 13, 0, 0, 0, 0, 0, 0, 0, 0, 0, 0, 0, 12, 13]",242.26178598777585
8756394,F#,232,"[10, 13, 10, 12, 12, 13, 13, 13, 13, 13, 13, 13, 0, 0, 0, 0, 0, 0, 0, 0, 10, 13, 12, 13, 10, 13, 8, 13, 8, 13, 5, 8, 8, 3, 5, 13, 13, 13, 0, 0, 0, 0, 0, 0, 0, 0, 3, 13, 3, 13, 5, 13, 12, 13, 13, 13, 13, 13, 10, 8, 10, 8, 10, 13]",232.0948078069233
8756394,F#,112,"[5, 13, 0, 0, 0, 0, 0, 0, 0, 0, 0, 0, 0, 0, 12, 13, 12, 10, 12, 10, 12, 13, 3, 13, 5, 13, 10, 13, 0, 0, 0, 0, 0, 0, 0, 0, 0, 0, 0, 0, 0, 12, 12, 12, 10, 8, 8, 5, 8, 13, 0, 0, 0, 0, 0, 0, 0, 10, 12, 12, 10, 8, 8, 8]",205.72985003742218
8756394,F#,132,"[5, 13, 13, 13, 0, 0, 3, 13, 5, 13, 3, 13, 5, 13, 8, 13, 10, 13, 10, 12, 12, 13, 13, 13, 0, 0, 0, 0, 0, 0, 0, 0, 0, 0, 0, 0, 10, 13, 12, 13, 10, 13, 8, 13, 8, 13, 5, 8, 8, 3, 5, 13, 13, 13, 0, 0, 0, 0, 0, 0, 0, 0, 3, 13]",208.9622589757284
8756394,F#,80,"[0, 0, 0, 0, 0, 0, 0, 0, 0, 0, 0, 0, 0, 0, 12, 13, 12, 13, 12, 10, 12, 13, 8, 13, 4, 13, 0, 0, 0, 0, 0, 0, 0, 0, 0, 0, 0, 0, 0, 0, 0, 12, 12, 12, 10, 8, 8, 5, 8, 13, 0, 0, 0, 0, 0, 0, 0, 10, 12, 12, 10, 8, 8, 8]",221.24593248197328
8756394,F#,132,"[5, 13, 13, 13, 0, 0, 3, 13, 5, 13, 3, 13, 5, 13, 8, 13, 10, 13, 10, 12, 12, 13, 13, 13, 0, 0, 0, 0, 0, 0, 0, 0, 0, 0, 0, 0, 10, 13, 12, 13, 10, 13, 8, 13, 8, 13, 5, 8, 8, 3, 5, 13, 13, 13, 0, 0, 0, 0, 0, 0, 0, 0, 3, 13]",235.37440835710674
8756394,F#,116,"[12, 10, 12, 10, 12, 13, 3, 13, 5, 13, 10, 13, 0, 0, 0, 0, 0, 0, 0, 0, 0, 0, 0, 0, 0, 12, 12, 12, 10, 8, 8, 5, 8, 13, 0, 0, 0, 0, 0, 0, 0, 10, 12, 12, 10, 8, 8, 8, 1, 13, 12, 13, 0, 0, 0, 0, 0, 0, 0, 0, 0, 0, 3, 13]",219.68081617980653
8756394,F#,196,"[0, 0, 8, 8, 3, 3, 3, 3, 3, 13, 12, 12, 10, 12, 13, 5, 0, 0, 5, 5, 3, 13, 3, 13, 3, 13, 12, 12, 10, 12, 13, 5, 0, 5, 5, 5, 3, 3, 13, 3, 3, 13, 10, 10, 10, 13, 12, 5, 0, 5, 12, 12, 10, 8, 13, 8, 13, 0, 0, 0, 0, 0, 0, 0]",209.83119076506412
8756394,F#,232,"[10, 13, 10, 12, 12, 13, 13, 13, 13, 13, 13, 13, 0, 0, 0, 0, 0, 0, 0, 0, 10, 13, 12, 13, 10, 13, 8, 13, 8, 13, 5, 8, 8, 3, 5, 13, 13, 13, 0, 0, 0, 0, 0, 0, 0, 0, 3, 13, 3, 13, 5, 13, 12, 13, 13, 13, 13, 13, 10, 8, 10, 8, 10, 13]",210.93088520697384
2518256,E-,372,"[0, 0, 0, 0, 0, 0, 0, 0, 5, 13, 13, 13, 1, 13, 13, 13, 1, 13, 1, 13, 1, 13, 13, 13, 1, 13, 0, 0, 0, 0, 0, 0, 0, 0, 0, 0, 1, 13, 13, 13, 6, 13, 13, 13, 6, 13, 5, 13, 5, 13, 13, 13, 5, 13, 0, 0, 0, 0, 0, 0, 0, 0, 0, 0]",104.25619483605642
2518256,E-,480,"[0, 0, 5, 13, 13, 13, 1, 13, 13, 13, 13, 13, 1, 13, 1, 13, 1, 13, 1, 13, 0, 0, 0, 0, 0, 0, 0, 0, 0, 0, 8, 13, 8, 13, 8, 13, 13, 13, 6, 13, 5, 13, 13, 13, 13, 13, 8, 13, 8, 13, 13, 13, 13, 13, 6, 13, 5, 13, 13, 13, 13, 13, 8, 13]",113.8092491119373
2518256,E-,300,"[5, 13, 13, 13, 8, 13, 8, 13, 13, 13, 13, 13, 6, 13, 6, 13, 6, 13, 13, 13, 5, 13, 5, 13, 13, 13, 3, 13, 13, 13, 1, 13, 1, 13, 3, 13, 3, 13, 5, 13, 13, 13, 13, 13, 13, 13, 8, 13, 8, 13, 8, 13, 8, 13, 13, 13, 13, 13, 6, 13, 5, 13, 13, 13]",105.36671304215817
2518256,E-,364,"[1, 13, 0, 0, 0, 0, 0, 0, 0, 0, 0, 0, 5, 13, 13, 13, 1, 13, 13, 13, 13, 13, 1, 13, 1, 13, 13, 13, 13, 13, 0, 0, 0, 0, 0, 0, 0, 0, 0, 0, 5, 13, 13, 13, 1, 13, 13, 13, 1, 13, 1, 13, 1, 13, 13, 13, 1, 13, 0, 0, 0, 0, 0, 0]",135.54683121406413
2518256,E-,288,"[1, 13, 3, 13, 3, 13, 13, 13, 13, 13, 8, 13, 13, 13, 13, 13, 0, 0, 0, 0, 8, 13, 8, 13, 8, 13, 13, 13, 6, 13, 5, 13, 5, 13, 13, 13, 8, 13, 8, 13, 13, 13, 13, 13, 6, 13, 5, 13, 5, 13, 13, 13, 8, 13, 8, 13, 13, 13, 13, 13, 6, 13, 6, 13]",101.58359098176172
2518256,E-,308,"[1, 13, 3, 13, 3, 13, 5, 13, 13, 13, 13, 13, 13, 13, 8, 13, 8, 13, 8, 13, 8, 13, 13, 13, 13, 13, 6, 13, 5, 13, 13, 13, 5, 13, 8, 13, 8, 13, 13, 13, 13, 13, 6, 13, 6, 13, 13, 13, 5, 13, 5, 13, 5, 13, 3, 13, 3, 13, 13, 13, 13, 13, 0, 0]",128.6694114464517
2518256,E-,176,"[5, 13, 3, 13, 3, 13, 13, 13, 13, 13, 0, 0, 8, 13, 8, 13, 8, 13, 13, 13, 13, 13, 5, 13, 5, 13, 5, 13, 6, 13, 13, 13, 6, 13, 13, 13, 5, 13, 5, 13, 13, 13, 5, 13, 5, 13, 13, 13, 5, 13, 1, 13, 13, 13, 13, 13, 0, 0, 0, 0, 0, 0, 1, 13]",121.05424391151088
2518256,E-,308,"[1, 13, 3, 13, 3, 13, 5, 13, 13, 13, 13, 13, 13, 13, 8, 13, 8, 13, 8, 13, 8, 13, 13, 13, 13, 13, 6, 13, 5, 13, 13, 13, 5, 13, 8, 13, 8, 13, 13, 13, 13, 13, 6, 13, 6, 13, 13, 13, 5, 13, 5, 13, 5, 13, 3, 13, 3, 13, 13, 13, 13, 13, 0, 0]",127.99617331370777
2518256,E-,552,"[1, 13, 1, 13, 5, 13, 3, 13, 1, 13, 3, 13, 13, 13, 13, 13, 1, 13, 12, 13, 13, 13, 13, 13, 13, 13, 1, 13, 12, 13, 13, 13, 12, 13, 1, 13, 1, 13, 13, 13, 13, 13, 13, 13, 13, 13, 13, 13, 1, 13, 13, 13, 0, 0, 0, 0, 0, 0, 0, 0, 0, 0, 0, 0]",107.82327456318005
2518256,E-,524,"[6, 13, 5, 13, 5, 13, 13, 13, 5, 13, 5, 13, 13, 13, 5, 13, 1, 13, 13, 13, 13, 13, 0, 0, 5, 13, 8, 13, 13, 13, 8, 13, 8, 13, 8, 13, 13, 13, 13, 13, 5, 13, 5, 13, 5, 13, 6, 13, 6, 13, 13, 13, 5, 13, 5, 13, 5, 13, 13, 13, 5, 13, 13, 13]",118.41194659695384
2518256,E-,140,"[0, 0, 0, 0, 1, 13, 13, 13, 5, 13, 3, 13, 1, 13, 3, 13, 3, 13, 13, 13, 13, 13, 5, 13, 0, 0, 0, 0, 0, 0, 0, 0, 8, 13, 8, 13, 8, 13, 13, 13, 6, 13, 5, 13, 13, 13, 13, 13, 8, 13, 8, 13, 13, 13, 13, 13, 6, 13, 5, 13, 13, 13, 13, 13]",113.37629854425631
2518256,E-,12,"[0, 0, 0, 0, 1, 13, 1, 13, 1, 13, 1, 13, 12, 13, 13, 13, 12, 13, 1, 13, 12, 13, 13, 13, 8, 13, 10, 13, 13, 13, 13, 13, 10, 13, 13, 13, 13, 13, 0, 0, 0, 0, 0, 0, 8, 13, 8, 13, 8, 13, 13, 13, 1, 13, 1, 13, 13, 13, 13, 13, 13, 13, 1, 13]",113.83868975053961
2518256,E-,152,"[8, 13, 8, 13, 13, 13, 13, 13, 6, 13, 5, 13, 13, 13, 13, 13, 8, 13, 8, 13, 13, 13, 13, 13, 6, 13, 6, 13, 13, 13, 13, 13, 5, 13, 5, 13, 13, 13, 3, 13, 13, 13, 1, 13, 13, 13, 3, 13, 3, 13, 5, 13, 13, 13, 13, 13, 13, 13, 8, 13, 13, 13, 8, 13]",120.32472220496842
2518256,E-,152,"[8, 13, 8, 13, 13, 13, 13, 13, 6, 13, 5, 13, 13, 13, 13, 13, 8, 13, 8, 13, 13, 13, 13, 13, 6, 13, 6, 13, 13, 13, 13, 13, 5, 13, 5, 13, 13, 13, 3, 13, 13, 13, 1, 13, 13, 13, 3, 13, 3, 13, 5, 13, 13, 13, 13, 13, 13, 13, 8, 13, 13, 13, 8, 13]",125.34002158098492
2518256,E-,452,"[0, 0, 0, 0, 0, 0, 0, 0, 1, 13, 13, 13, 5, 13, 3, 13, 1, 13, 3, 13, 3, 13, 13, 13, 13, 13, 8, 13, 13, 13, 13, 13, 1, 13, 13, 13, 6, 13, 6, 13, 6, 13, 5, 13, 5, 13, 13, 13, 0, 0, 0, 0, 0, 0, 0, 0, 0, 0, 1, 13, 13, 13, 6, 13]",108.51642842203731
2518256,E-,176,"[5, 13, 3, 13, 3, 13, 13, 13, 13, 13, 0, 0, 8, 13, 8, 13, 8, 13, 13, 13, 13, 13, 5, 13, 5, 13, 5, 13, 6, 13, 13, 13, 6, 13, 13, 13, 5, 13, 5, 13, 13, 13, 5, 13, 5, 13, 13, 13, 5, 13, 1, 13, 13, 13, 13, 13, 0, 0, 0, 0, 0, 0, 1, 13]",102.69151148445734
2518256,E-,300,"[5, 13, 13, 13, 8, 13, 8, 13, 13, 13, 13, 13, 6, 13, 6, 13, 6, 13, 13, 13, 5, 13, 5, 13, 13, 13, 3, 13, 13, 13, 1, 13, 1, 13, 3, 13, 3, 13, 5, 13, 13, 13, 13, 13, 13, 13, 8, 13, 8, 13, 8, 13, 8, 13, 13, 13, 13, 13, 6, 13, 5, 13, 13, 13]",128.14510830899002
2518256,E-,320,"[5, 13, 5, 13, 5, 13, 3, 13, 3, 13, 13, 13, 13, 13, 0, 0, 8, 13, 8, 13, 8, 13, 13, 13, 13, 13, 5, 13, 5, 13, 5, 13, 6, 13, 13, 13, 6, 13, 13, 13, 5, 13, 5, 13, 13, 13, 5, 13, 5, 13, 13, 13, 5, 13, 1, 13, 13, 13, 13, 13, 0, 0, 0, 0]",120.81092569247419
2518256,E-,180,"[8, 13, 13, 13, 13, 13, 5, 13, 5, 13, 5, 13, 6, 13, 13, 13, 6, 13, 13, 13, 5, 13, 5, 13, 13, 13, 5, 13, 5, 13, 13, 13, 5, 13, 1, 13, 13, 13, 13, 13, 0, 0, 0, 0, 0, 0, 1, 13, 1, 13, 5, 13, 3, 13, 1, 13, 3, 13, 13, 13, 10, 13, 10, 13]",123.88703947584756
2518256,E-,548,"[10, 13, 13, 13, 0, 0, 0, 0, 0, 0, 0, 0, 0, 0, 0, 0, 1, 13, 1, 13, 5, 13, 3, 13, 1, 13, 3, 13, 13, 13, 13, 13, 1, 13, 12, 13, 13, 13, 13, 13, 13, 13, 1, 13, 12, 13, 13, 13, 12, 13, 1, 13, 1, 13, 13, 13, 13, 13, 13, 13, 13, 13, 13, 13]",135.68970490139884
2518256,E-,312,"[8, 13, 8, 13, 8, 13, 13, 13, 13, 13, 6, 13, 5, 13, 13, 13, 5, 13, 8, 13, 8, 13, 13, 13, 13, 13, 6, 13, 6, 13, 13, 13, 5, 13, 5, 13, 5, 13, 3, 13, 3, 13, 13, 13, 13, 13, 0, 0, 8, 13, 8, 13, 8, 13, 13, 13, 13, 13, 5, 13, 5, 13, 5, 13]",112.64720978828156
2518256,E-,304,"[6, 13, 13, 13, 5, 13, 5, 13, 13, 13, 3, 13, 13, 13, 1, 13, 1, 13, 3, 13, 3, 13, 5, 13, 13, 13, 13, 13, 13, 13, 8, 13, 8, 13, 8, 13, 8, 13, 13, 13, 13, 13, 6, 13, 5, 13, 13, 13, 5, 13, 8, 13, 8, 13, 13, 13, 13, 13, 6, 13, 6, 13, 13, 13]",123.31121522083185
2518256,E-,288,"[1, 13, 3, 13, 3, 13, 13, 13, 13, 13, 8, 13, 13, 13, 13, 13, 0, 0, 0, 0, 8, 13, 8, 13, 8, 13, 13, 13, 6, 13, 5, 13, 5, 13, 13, 13, 8, 13, 8, 13, 13, 13, 13, 13, 6, 13, 5, 13, 5, 13, 13, 13, 8, 13, 8, 13, 13, 13, 13, 13, 6, 13, 6, 13]",122.99732605926313
2518256,E-,304,"[6, 13, 13, 13, 5, 13, 5, 13, 13, 13, 3, 13, 13, 13, 1, 13, 1, 13, 3, 13, 3, 13, 5, 13, 13, 13, 13, 13, 13, 13, 8, 13, 8, 13, 8, 13, 8, 13, 13, 13, 13, 13, 6, 13, 5, 13, 13, 13, 5, 13, 8, 13, 8, 13, 13, 13, 13, 13, 6, 13, 6, 13, 13, 13]",131.75461719174638
2518256,E-,548,"[10, 13, 13, 13, 0, 0, 0, 0, 0, 0, 0, 0, 0, 0, 0, 0, 1, 13, 1, 13, 5, 13, 3, 13, 1, 13, 3, 13, 13, 13, 13, 13, 1, 13, 12, 13, 13, 13, 13, 13, 13, 13, 1, 13, 12, 13, 13, 13, 12, 13, 1, 13, 1, 13, 13, 13, 13, 13, 13, 13, 13, 13, 13, 13]",104.20986912531457
2518256,E-,156,"[8, 13, 8, 13, 13, 13, 13, 13, 6, 13, 6, 13, 13, 13, 13, 13, 5, 13, 5, 13, 13, 13, 3, 13, 13, 13, 1, 13, 13, 13, 3, 13, 3, 13, 5, 13, 13, 13, 13, 13, 13, 13, 8, 13, 13, 13, 8, 13, 8, 13, 13, 13, 13, 13, 6, 13, 5, 13, 13, 13, 13, 13, 8, 13]",99.23613300379543
2518256,E-,500,"[5, 13, 13, 13, 3, 13, 13, 13, 1, 13, 13, 13, 3, 13, 3, 13, 5, 13, 13, 13, 13, 13, 13, 13, 8, 13, 13, 13, 8, 13, 8, 13, 8, 13, 13, 13, 6, 13, 5, 13, 13, 13, 13, 13, 8, 13, 8, 13, 8, 13, 13, 13, 6, 13, 6, 13, 13, 13, 5, 13, 5, 13, 5, 13]",104.90042528076573
2518256,E-,552,"[1, 13, 1, 13, 5, 13, 3, 13, 1, 13, 3, 13, 13, 13, 13, 13, 1, 13, 12, 13, 13, 13, 13, 13, 13, 13, 1, 13, 12, 13, 13, 13, 12, 13, 1, 13, 1, 13, 13, 13, 13, 13, 13, 13, 13, 13, 13, 13, 1, 13, 13, 13, 0, 0, 0, 0, 0, 0, 0, 0, 0, 0, 0, 0]",111.73584884331311
2518256,E-,172,"[8, 13, 13, 13, 13, 13, 6, 13, 6, 13, 13, 13, 5, 13, 5, 13, 5, 13, 3, 13, 3, 13, 13, 13, 13, 13, 0, 0, 8, 13, 8, 13, 8, 13, 13, 13, 13, 13, 5, 13, 5, 13, 5, 13, 6, 13, 13, 13, 6, 13, 13, 13, 5, 13, 5, 13, 13, 13, 5, 13, 5, 13, 13, 13]",130.12369240329213
2518256,E-,16,"[12, 13, 1, 13, 12, 13, 13, 13, 8, 13, 10, 13, 13, 13, 13, 13, 10, 13, 13, 13, 13, 13, 0, 0, 0, 0, 0, 0, 8, 13, 8, 13, 8, 13, 13, 13, 1, 13, 1, 13, 13, 13, 13, 13, 13, 13, 1, 13, 1, 13, 0, 0, 0, 0, 0, 0, 0, 0, 1, 13, 1, 13, 1, 13]",130.97227551594688
2518256,E-,536,"[6, 13, 13, 13, 5, 13, 5, 13, 5, 13, 13, 13, 5, 13, 13, 13, 1, 13, 13, 13, 0, 0, 0, 0, 0, 0, 0, 0, 0, 0, 0, 0, 1, 13, 1, 13, 5, 13, 3, 13, 1, 13, 3, 13, 13, 13, 10, 13, 10, 13, 13, 13, 0, 0, 0, 0, 0, 0, 0, 0, 0, 0, 0, 0]",112.39350075562051
2518256,E-,324,"[8, 13, 8, 13, 8, 13, 13, 13, 13, 13, 5, 13, 5, 13, 5, 13, 6, 13, 13, 13, 6, 13, 13, 13, 5, 13, 5, 13, 13, 13, 5, 13, 5, 13, 13, 13, 5, 13, 1, 13, 13, 13, 13, 13, 0, 0, 0, 0, 0, 0, 1, 13, 1, 13, 5, 13, 3, 13, 1, 13, 3, 13, 13, 13]",126.17475027547388
2518256,E-,180,"[8, 13, 13, 13, 13, 13, 5, 13, 5, 13, 5, 13, 6, 13, 13, 13, 6, 13, 13, 13, 5, 13, 5, 13, 13, 13, 5, 13, 5, 13, 13, 13, 5, 13, 1, 13, 13, 13, 13, 13, 0, 0, 0, 0, 0, 0, 1, 13, 1, 13, 5, 13, 3, 13, 1, 13, 3, 13, 13, 13, 10, 13, 10, 13]",111.60942727755024
2518256,E-,324,"[8, 13, 8, 13, 8, 13, 13, 13, 13, 13, 5, 13, 5, 13, 5, 13, 6, 13, 13, 13, 6, 13, 13, 13, 5, 13, 5, 13, 13, 13, 5, 13, 5, 13, 13, 13, 5, 13, 1, 13, 13, 13, 13, 13, 0, 0, 0, 0, 0, 0, 1, 13, 1, 13, 5, 13, 3, 13, 1, 13, 3, 13, 13, 13]",125.41578793032912
2518256,E-,528,"[1, 13, 13, 13, 13, 13, 0, 0, 5, 13, 8, 13, 13, 13, 8, 13, 8, 13, 8, 13, 13, 13, 13, 13, 5, 13, 5, 13, 5, 13, 6, 13, 6, 13, 13, 13, 5, 13, 5, 13, 5, 13, 13, 13, 5, 13, 13, 13, 1, 13, 13, 13, 0, 0, 0, 0, 0, 0, 0, 0, 0, 0, 0, 0]",111.60509777187345
2518256,E-,476,"[1, 13, 1, 13, 13, 13, 13, 13, 0, 0, 0, 0, 0, 0, 0, 0, 0, 0, 5, 13, 13, 13, 1, 13, 13, 13, 13, 13, 1, 13, 1, 13, 1, 13, 1, 13, 0, 0, 0, 0, 0, 0, 0, 0, 0, 0, 8, 13, 8, 13, 8, 13, 13, 13, 6, 13, 5, 13, 13, 13, 13, 13, 8, 13]",108.6597350599397
2518256,E-,412,"[1, 13, 3, 13, 13, 13, 5, 13, 13, 13, 1, 13, 13, 13, 3, 13, 5, 13, 13, 13, 1, 13, 13, 13, 10, 13, 13, 13, 8, 13, 13, 13, 1, 13, 1, 13, 13, 13, 10, 13, 10, 13, 5, 13, 5, 13, 3, 13, 3, 13, 13, 13, 13, 13, 0, 0, 0, 0, 0, 0, 0, 0, 0, 0]",124.72349997260723
7016155,C,180,"[5, 13, 13, 13, 13, 13, 13, 13, 13, 13, 13, 13, 13, 13, 13, 13, 5, 13, 13, 13, 13, 13, 13, 13, 13, 13, 13, 13, 13, 13, 13, 13, 10, 13, 13, 13, 13, 13, 13, 13, 13, 13, 13, 13, 13, 13, 13, 13, 10, 13, 13, 13, 13, 13, 13, 13, 13, 13, 13, 13, 13, 13, 13, 13]",15.874098900228248
7016155,C,148,"[10, 13, 13, 13, 13, 13, 13, 13, 13, 13, 13, 13, 13, 13, 13, 13, 5, 13, 13, 13, 13, 13, 13, 13, 13, 13, 13, 13, 13, 13, 13, 13, 5, 13, 13, 13, 13, 13, 13, 13, 13, 13, 13, 13, 13, 13, 13, 13, 12, 13, 13, 13, 13, 13, 13, 13, 13, 13, 13, 13, 13, 13, 13, 13]",34.44161694579488
7016155,C,20,"[5, 13, 13, 13, 13, 13, 13, 13, 13, 13, 13, 13, 13, 13, 13, 13, 5, 13, 13, 13, 13, 13, 13, 13, 13, 13, 13, 13, 13, 13, 13, 13, 12, 13, 13, 13, 13, 13, 13, 13, 13, 13, 13, 13, 13, 13, 13, 13, 10, 13, 13, 13, 13, 13, 13, 13, 13, 13, 13, 13, 13, 13, 13, 13]",19.967646517651943
7016155,C,232,"[9, 13, 13, 13, 13, 13, 13, 13, 13, 13, 13, 13, 13, 13, 13, 13, 9, 13, 13, 13, 13, 13, 13, 13, 13, 13, 13, 13, 13, 13, 13, 13, 4, 13, 13, 13, 13, 13, 13, 13, 13, 13, 13, 13, 13, 13, 13, 13, 4, 13, 13, 13, 13, 13, 13, 13, 13, 13, 13, 13, 13, 13, 13, 13]",32.189841043286094
7016155,C,92,"[4, 13, 13, 13, 13, 13, 13, 13, 13, 13, 13, 13, 13, 13, 13, 13, 4, 13, 13, 13, 13, 13, 13, 13, 13, 13, 13, 13, 13, 13, 13, 13, 9, 13, 13, 13, 13, 13, 13, 13, 13, 13, 13, 13, 13, 13, 13, 13, 9, 13, 13, 13, 13, 13, 13, 13, 13, 13, 13, 13, 13, 13, 13, 13]",14.321971115091927
7016155,C,260,"[4, 13, 13, 13, 13, 13, 13, 13, 13, 13, 13, 13, 13, 13, 13, 13, 4, 13, 13, 13, 13, 13, 13, 13, 13, 13, 13, 13, 13, 13, 13, 13, 4, 13, 13, 13, 13, 13, 13, 13, 13, 13, 13, 13, 13, 13, 13, 13, 4, 13, 13, 13, 13, 13, 13, 13, 13, 13, 13, 13, 13, 13, 13, 13]",36.33274502542541
7016155,C,208,"[10, 13, 13, 13, 13, 13, 13, 13, 13, 13, 13, 13, 13, 13, 13, 13, 5, 13, 13, 13, 13, 13, 13, 13, 13, 13, 13, 13, 13, 13, 13, 13, 5, 13, 13, 13, 13, 13, 13, 13, 13, 13, 13, 13, 13, 13, 13, 13, 4, 13, 13, 13, 13, 13, 13, 13, 13, 13, 13, 13, 13, 13, 13, 13]",17.310195933226055
7016155,C,304,"[4, 13, 13, 13, 13, 13, 13, 13, 13, 13, 13, 13, 13, 13, 13, 13, 5, 13, 13, 13, 13, 13, 13, 13, 13, 13, 13, 13, 13, 13, 13, 13, 5, 13, 13, 13, 13, 13, 13, 13, 13, 13, 13, 13, 13, 13, 13, 13, 5, 13, 13, 13, 13, 13, 13, 13, 13, 13, 13, 13, 13, 13, 13, 13]",14.13883302496285
7016155,C,148,"[10, 13, 13, 13, 13, 13, 13, 13, 13, 13, 13, 13, 13, 13, 13, 13, 5, 13, 13, 13, 13, 13, 13, 13, 13, 13, 13, 13, 13, 13, 13, 13, 5, 13, 13, 13, 13, 13, 13, 13, 13, 13, 13, 13, 13, 13, 13, 13, 12, 13, 13, 13, 13, 13, 13, 13, 13, 13, 13, 13, 13, 13, 13, 13]",7.676179901188831
7016155,C,240,"[4, 13, 13, 13, 13, 13, 13, 13, 13, 13, 13, 13, 13, 13, 13, 13, 4, 13, 13, 13, 13, 13, 13, 13, 13, 13, 13, 13, 13, 13, 13, 13, 11, 13, 13, 13, 13, 13, 13, 13, 13, 13, 13, 13, 13, 13, 13, 13, 9, 13, 13, 13, 13, 13, 13, 13, 13, 13, 13, 13, 13, 13, 13, 13]",26.395663596011488
7016155,C,224,"[4, 13, 13, 13, 13, 13, 13, 13, 13, 13, 13, 13, 13, 13, 13, 13, 4, 13, 13, 13, 13, 13, 13, 13, 13, 13, 13, 13, 13, 13, 13, 13, 9, 13, 13, 13, 13, 13, 13, 13, 13, 13, 13, 13, 13, 13, 13, 13, 9, 13, 13, 13, 13, 13, 13, 13, 13, 13, 13, 13, 13, 13, 13, 13]",24.39846262729911
7016155,C,252,"[9, 13, 13, 13, 13, 13, 13, 13, 13, 13, 13, 13, 13, 13, 13, 13, 4, 13, 13, 13, 13, 13, 13, 13, 13, 13, 13, 13, 13, 13, 13, 13, 4, 13, 13, 13, 13, 13, 13, 13, 13, 13, 13, 13, 13, 13, 13, 13, 4, 13, 13, 13, 13, 13, 13, 13, 13, 13, 13, 13, 13, 13, 13, 13]",19.955956852324547
7016155,C,224,"[4, 13, 13, 13, 13, 13, 13, 13, 13, 13, 13, 13, 13, 13, 13, 13, 4, 13, 13, 13, 13, 13, 13, 13, 13, 13, 13, 13, 13, 13, 13, 13, 9, 13, 13, 13, 13, 13, 13, 13, 13, 13, 13, 13, 13, 13, 13, 13, 9, 13, 13, 13, 13, 13, 13, 13, 13, 13, 13, 13, 13, 13, 13, 13]",29.234520468295685
7016155,C,316,"[5, 13, 13, 13, 13, 13, 13, 13, 13, 13, 13, 13, 13, 13, 13, 13, 12, 13, 13, 13, 13, 13, 13, 13, 13, 13, 13, 13, 13, 13, 13, 13, 10, 13, 13, 13, 13, 13, 13, 13, 13, 13, 13, 13, 13, 13, 13, 13, 5, 13, 13, 13, 13, 13, 13, 13, 13, 13, 13, 13, 13, 13, 13, 13]",35.704533751720305
7016155,C,304,"[4, 13, 13, 13, 13, 13, 13, 13, 13, 13, 13, 13, 13, 13, 13, 13, 5, 13, 13, 13, 13, 13, 13, 13, 13, 13, 13, 13, 13, 13, 13, 13, 5, 13, 13, 13, 13, 13, 13, 13, 13, 13, 13, 13, 13, 13, 13, 13, 5, 13, 13, 13, 13, 13, 13, 13, 13, 13, 13, 13, 13, 13, 13, 13]",11.633781040360702
7016155,C,72,"[11, 13, 13, 13, 13, 13, 13, 13, 13, 13, 13, 13, 13, 13, 13, 13, 10, 13, 13, 13, 13, 13, 13, 13, 13, 13, 13, 13, 13, 13, 13, 13, 4, 13, 13, 13, 13, 13, 13, 13, 13, 13, 13, 13, 13, 13, 13, 13, 4, 13, 13, 13, 13, 13, 13, 13, 13, 13, 13, 13, 13, 13, 13, 13]",9.362522362306251
7016155,C,256,"[4, 13, 13, 13, 13, 13, 13, 13, 13, 13, 13, 13, 13, 13, 13, 13, 4, 13, 13, 13, 13, 13, 13, 13, 13, 13, 13, 13, 13, 13, 13, 13, 4, 13, 13, 13, 13, 13, 13, 13, 13, 13, 13, 13, 13, 13, 13, 13, 4, 13, 13, 13, 13, 13, 13, 13, 13, 13, 13, 13, 13, 13, 13, 13]",9.298012727721783
7016155,C,4,"[5, 13, 13, 13, 13, 13, 13, 13, 13, 13, 13, 13, 13, 13, 13, 13, 5, 13, 13, 13, 13, 13, 13, 13, 13, 13, 13, 13, 13, 13, 13, 13, 10, 13, 13, 13, 13, 13, 13, 13, 13, 13, 13, 13, 13, 13, 13, 13, 10, 13, 13, 13, 13, 13, 13, 13, 13, 13, 13, 13, 13, 13, 13, 13]",17.625816897065505
7016155,C,328,"[5, 13, 13, 13, 13, 13, 13, 13, 13, 13, 13, 13, 13, 13, 13, 13, 5, 13, 13, 13, 13, 13, 13, 13, 13, 13, 13, 13, 13, 13, 13, 13, 5, 13, 13, 13, 13, 13, 13, 13, 13, 13, 13, 13, 13, 13, 13, 13, 5, 13, 13, 13, 13, 13, 13, 13, 13, 13, 13, 13, 13, 13, 13, 13]",9.933151210509791
7016155,C,0,"[5, 13, 13, 13, 13, 13, 13, 13, 13, 13, 13, 13, 13, 13, 13, 13, 5, 13, 13, 13, 13, 13, 13, 13, 13, 13, 13, 13, 13, 13, 13, 13, 5, 13, 13, 13, 13, 13, 13, 13, 13, 13, 13, 13, 13, 13, 13, 13, 10, 13, 13, 13, 13, 13, 13, 13, 13, 13, 13, 13, 13, 13, 13, 13]",3.764038571623473
7016155,C,24,"[5, 13, 13, 13, 13, 13, 13, 13, 13, 13, 13, 13, 13, 13, 13, 13, 12, 13, 13, 13, 13, 13, 13, 13, 13, 13, 13, 13, 13, 13, 13, 13, 10, 13, 13, 13, 13, 13, 13, 13, 13, 13, 13, 13, 13, 13, 13, 13, 5, 13, 13, 13, 13, 13, 13, 13, 13, 13, 13, 13, 13, 13, 13, 13]",4.01082039520162
7016155,C,140,"[5, 13, 13, 13, 13, 13, 13, 13, 13, 13, 13, 13, 13, 13, 13, 13, 10, 13, 13, 13, 13, 13, 13, 13, 13, 13, 13, 13, 13, 13, 13, 13, 10, 13, 13, 13, 13, 13, 13, 13, 13, 13, 13, 13, 13, 13, 13, 13, 5, 13, 13, 13, 13, 13, 13, 13, 13, 13, 13, 13, 13, 13, 13, 13]",30.26624167107947
7016155,C,288,"[4, 13, 13, 13, 13, 13, 13, 13, 13, 13, 13, 13, 13, 13, 13, 13, 11, 13, 13, 13, 13, 13, 13, 13, 13, 13, 13, 13, 13, 13, 13, 13, 9, 13, 13, 13, 13, 13, 13, 13, 13, 13, 13, 13, 13, 13, 13, 13, 4, 13, 13, 13, 13, 13, 13, 13, 13, 13, 13, 13, 13, 13, 13, 13]",26.714748164392375
7016155,C,36,"[5, 13, 13, 13, 13, 13, 13, 13, 13, 13, 13, 13, 13, 13, 13, 13, 5, 13, 13, 13, 13, 13, 13, 13, 13, 13, 13, 13, 13, 13, 13, 13, 4, 13, 13, 13, 13, 13, 13, 13, 13, 13, 13, 13, 13, 13, 13, 13, 4, 13, 13, 13, 13, 13, 13, 13, 13, 13, 13, 13, 13, 13, 13, 13]",12.332563256597808
7016155,C,132,"[5, 13, 13, 13, 13, 13, 13, 13, 13, 13, 13, 13, 13, 13, 13, 13, 5, 13, 13, 13, 13, 13, 13, 13, 13, 13, 13, 13, 13, 13, 13, 13, 5, 13, 13, 13, 13, 13, 13, 13, 13, 13, 13, 13, 13, 13, 13, 13, 10, 13, 13, 13, 13, 13, 13, 13, 13, 13, 13, 13, 13, 13, 13, 13]",34.21691560116845
7016155,C,36,"[5, 13, 13, 13, 13, 13, 13, 13, 13, 13, 13, 13, 13, 13, 13, 13, 5, 13, 13, 13, 13, 13, 13, 13, 13, 13, 13, 13, 13, 13, 13, 13, 4, 13, 13, 13, 13, 13, 13, 13, 13, 13, 13, 13, 13, 13, 13, 13, 4, 13, 13, 13, 13, 13, 13, 13, 13, 13, 13, 13, 13, 13, 13, 13]",25.157424972443877
7016155,C,260,"[4, 13, 13, 13, 13, 13, 13, 13, 13, 13, 13, 13, 13, 13, 13, 13, 4, 13, 13, 13, 13, 13, 13, 13, 13, 13, 13, 13, 13, 13, 13, 13, 4, 13, 13, 13, 13, 13, 13, 13, 13, 13, 13, 13, 13, 13, 13, 13, 4, 13, 13, 13, 13, 13, 13, 13, 13, 13, 13, 13, 13, 13, 13, 13]",21.02967426017338
7016155,C,172,"[5, 13, 13, 13, 13, 13, 13, 13, 13, 13, 13, 13, 13, 13, 13, 13, 5, 13, 13, 13, 13, 13, 13, 13, 13, 13, 13, 13, 13, 13, 13, 13, 5, 13, 13, 13, 13, 13, 13, 13, 13, 13, 13, 13, 13, 13, 13, 13, 5, 13, 13, 13, 13, 13, 13, 13, 13, 13, 13, 13, 13, 13, 13, 13]",37.71948569370761
7016155,C,272,"[4, 13, 13, 13, 13, 13, 13, 13, 13, 13, 13, 13, 13, 13, 13, 13, 9, 13, 13, 13, 13, 13, 13, 13, 13, 13, 13, 13, 13, 13, 13, 13, 9, 13, 13, 13, 13, 13, 13, 13, 13, 13, 13, 13, 13, 13, 13, 13, 4, 13, 13, 13, 13, 13, 13, 13, 13, 13, 13, 13, 13, 13, 13, 13]",3.14708401267805
7016155,C,316,"[5, 13, 13, 13, 13, 13, 13, 13, 13, 13, 13, 13, 13, 13, 13, 13, 12, 13, 13, 13, 13, 13, 13, 13, 13, 13, 13, 13, 13, 13, 13, 13, 10, 13, 13, 13, 13, 13, 13, 13, 13, 13, 13, 13, 13, 13, 13, 13, 5, 13, 13, 13, 13, 13, 13, 13, 13, 13, 13, 13, 13, 13, 13, 13]",29.21243998934395
7016155,C,8,"[5, 13, 13, 13, 13, 13, 13, 13, 13, 13, 13, 13, 13, 13, 13, 13, 10, 13, 13, 13, 13, 13, 13, 13, 13, 13, 13, 13, 13, 13, 13, 13, 10, 13, 13, 13, 13, 13, 13, 13, 13, 13, 13, 13, 13, 13, 13, 13, 5, 13, 13, 13, 13, 13, 13, 13, 13, 13, 13, 13, 13, 13, 13, 13]",4.480138810567809
7016155,C,100,"[9, 13, 13, 13, 13, 13, 13, 13, 13, 13, 13, 13, 13, 13, 13, 13, 9, 13, 13, 13, 13, 13, 13, 13, 13, 13, 13, 13, 13, 13, 13, 13, 4, 13, 13, 13, 13, 13, 13, 13, 13, 13, 13, 13, 13, 13, 13, 13, 4, 13, 13, 13, 13, 13, 13, 13, 13, 13, 13, 13, 13, 13, 13, 13]",26.26751022797791
7016155,C,76,"[10, 13, 13, 13, 13, 13, 13, 13, 13, 13, 13, 13, 13, 13, 13, 13, 4, 13, 13, 13, 13, 13, 13, 13, 13, 13, 13, 13, 13, 13, 13, 13, 4, 13, 13, 13, 13, 13, 13, 13, 13, 13, 13, 13, 13, 13, 13, 13, 4, 13, 13, 13, 13, 13, 13, 13, 13, 13, 13, 13, 13, 13, 13, 13]",43.76434151966948
7016155,C,308,"[5, 13, 13, 13, 13, 13, 13, 13, 13, 13, 13, 13, 13, 13, 13, 13, 5, 13, 13, 13, 13, 13, 13, 13, 13, 13, 13, 13, 13, 13, 13, 13, 5, 13, 13, 13, 13, 13, 13, 13, 13, 13, 13, 13, 13, 13, 13, 13, 12, 13, 13, 13, 13, 13, 13, 13, 13, 13, 13, 13, 13, 13, 13, 13]",30.143716660425753
7016155,C,184,"[5, 13, 13, 13, 13, 13, 13, 13, 13, 13, 13, 13, 13, 13, 13, 13, 10, 13, 13, 13, 13, 13, 13, 13, 13, 13, 13, 13, 13, 13, 13, 13, 10, 13, 13, 13, 13, 13, 13, 13, 13, 13, 13, 13, 13, 13, 13, 13, 5, 13, 13, 13, 13, 13, 13, 13, 13, 13, 13, 13, 13, 13, 13, 13]",15.768458961714074
7016155,C,320,"[12, 13, 13, 13, 13, 13, 13, 13, 13, 13, 13, 13, 13, 13, 13, 13, 10, 13, 13, 13, 13, 13, 13, 13, 13, 13, 13, 13, 13, 13, 13, 13, 5, 13, 13, 13, 13, 13, 13, 13, 13, 13, 13, 13, 13, 13, 13, 13, 5, 13, 13, 13, 13, 13, 13, 13, 13, 13, 13, 13, 13, 13, 13, 13]",19.12469176237707
7016155,C,220,"[4, 13, 13, 13, 13, 13, 13, 13, 13, 13, 13, 13, 13, 13, 13, 13, 4, 13, 13, 13, 13, 13, 13, 13, 13, 13, 13, 13, 13, 13, 13, 13, 4, 13, 13, 13, 13, 13, 13, 13, 13, 13, 13, 13, 13, 13, 13, 13, 9, 13, 13, 13, 13, 13, 13, 13, 13, 13, 13, 13, 13, 13, 13, 13]",28.088933266211825
7016155,C,336,"[5, 13, 13, 13, 13, 13, 13, 13, 13, 13, 13, 13, 13, 13, 13, 13, 5, 13, 13, 13, 13, 13, 13, 13, 13, 13, 13, 13, 13, 13, 13, 13, 5, 13, 13, 13, 13, 13, 13, 13, 13, 13, 13, 13, 13, 13, 13, 13, 1, 13, 13, 13, 13, 13, 13, 13, 13, 13, 13, 13, 13, 13, 13, 13]",4.164084896160688
7016155,C,220,"[4, 13, 13, 13, 13, 13, 13, 13, 13, 13, 13, 13, 13, 13, 13, 13, 4, 13, 13, 13, 13, 13, 13, 13, 13, 13, 13, 13, 13, 13, 13, 13, 4, 13, 13, 13, 13, 13, 13, 13, 13, 13, 13, 13, 13, 13, 13, 13, 9, 13, 13, 13, 13, 13, 13, 13, 13, 13, 13, 13, 13, 13, 13, 13]",24.407121638652754
7016155,C,200,"[5, 13, 13, 13, 13, 13, 13, 13, 13, 13, 13, 13, 13, 13, 13, 13, 11, 13, 13, 13, 13, 13, 13, 13, 13, 13, 13, 13, 13, 13, 13, 13, 10, 13, 13, 13, 13, 13, 13, 13, 13, 13, 13, 13, 13, 13, 13, 13, 5, 13, 13, 13, 13, 13, 13, 13, 13, 13, 13, 13, 13, 13, 13, 13]",36.685599738085415
7016155,C,48,"[4, 13, 13, 13, 13, 13, 13, 13, 13, 13, 13, 13, 13, 13, 13, 13, 4, 13, 13, 13, 13, 13, 13, 13, 13, 13, 13, 13, 13, 13, 13, 13, 10, 13, 13, 13, 13, 13, 13, 13, 13, 13, 13, 13, 13, 13, 13, 13, 10, 13, 13, 13, 13, 13, 13, 13, 13, 13, 13, 13, 13, 13, 13, 13]",20.435666081315063
7016155,C,208,"[10, 13, 13, 13, 13, 13, 13, 13, 13, 13, 13, 13, 13, 13, 13, 13, 5, 13, 13, 13, 13, 13, 13, 13, 13, 13, 13, 13, 13, 13, 13, 13, 5, 13, 13, 13, 13, 13, 13, 13, 13, 13, 13, 13, 13, 13, 13, 13, 4, 13, 13, 13, 13, 13, 13, 13, 13, 13, 13, 13, 13, 13, 13, 13]",25.196390523535158
7016155,C,204,"[11, 13, 13, 13, 13, 13, 13, 13, 13, 13, 13, 13, 13, 13, 13, 13, 10, 13, 13, 13, 13, 13, 13, 13, 13, 13, 13, 13, 13, 13, 13, 13, 5, 13, 13, 13, 13, 13, 13, 13, 13, 13, 13, 13, 13, 13, 13, 13, 5, 13, 13, 13, 13, 13, 13, 13, 13, 13, 13, 13, 13, 13, 13, 13]",14.241009358935557
7016155,C,64,"[4, 13, 13, 13, 13, 13, 13, 13, 13, 13, 13, 13, 13, 13, 13, 13, 4, 13, 13, 13, 13, 13, 13, 13, 13, 13, 13, 13, 13, 13, 13, 13, 11, 13, 13, 13, 13, 13, 13, 13, 13, 13, 13, 13, 13, 13, 13, 13, 10, 13, 13, 13, 13, 13, 13, 13, 13, 13, 13, 13, 13, 13, 13, 13]",19.148071093031845
6026592,G#,112,"[0, 0, 0, 0, 4, 13, 3, 13, 4, 13, 13, 13, 6, 13, 13, 13, 0, 0, 0, 0, 4, 13, 3, 13, 4, 13, 8, 13, 6, 13, 13, 13, 0, 0, 0, 0, 4, 13, 3, 13, 1, 13, 6, 13, 3, 13, 11, 13, 8, 13, 4, 13, 1, 13, 13, 13, 13, 13, 13, 13, 0, 0, 0, 0]",172.69745352563393
6026592,G#,64,"[5, 13, 13, 13, 5, 13, 13, 3, 3, 13, 13, 13, 13, 13, 13, 13, 3, 13, 13, 13, 13, 13, 3, 13, 5, 13, 13, 13, 5, 13, 13, 13, 5, 13, 13, 13, 13, 13, 7, 13, 3, 13, 13, 13, 3, 13, 13, 13, 3, 13, 13, 13, 13, 13, 3, 13, 2, 13, 3, 13, 5, 13, 13, 13]",192.5551642628899
6026592,G#,8,"[0, 0, 0, 0, 3, 13, 2, 13, 3, 13, 13, 13, 5, 13, 13, 13, 0, 0, 0, 0, 3, 13, 2, 13, 3, 13, 7, 13, 5, 13, 13, 13, 0, 0, 0, 0, 3, 13, 2, 13, 12, 13, 5, 13, 3, 13, 2, 13, 3, 13, 13, 13, 0, 0, 0, 0, 0, 0, 0, 0, 0, 0, 0, 0]",169.95644348164558
6026592,G#,136,"[4, 13, 13, 13, 13, 13, 4, 13, 6, 13, 13, 13, 6, 13, 13, 13, 6, 13, 13, 13, 13, 13, 8, 13, 4, 13, 13, 13, 4, 13, 13, 13, 4, 13, 13, 13, 13, 13, 4, 13, 3, 13, 4, 13, 6, 13, 13, 13, 6, 13, 13, 13, 6, 13, 13, 4, 4, 13, 13, 13, 13, 13, 13, 13]",202.33465168566792
6026592,G#,208,"[6, 13, 13, 13, 13, 13, 13, 13, 4, 13, 13, 13, 13, 13, 13, 13, 4, 13, 13, 13, 13, 13, 13, 13, 6, 13, 13, 13, 13, 13, 13, 13, 6, 13, 13, 13, 13, 13, 13, 13, 0, 0, 0, 0, 0, 0, 0, 0, 4, 13, 13, 13, 0, 0, 0, 0, 0, 0, 0, 0, 0, 0, 0, 0]",167.42108495730577
6026592,G#,52,"[3, 13, 13, 13, 13, 13, 3, 13, 5, 13, 13, 13, 5, 13, 13, 13, 5, 13, 13, 13, 13, 13, 7, 13, 3, 13, 13, 13, 3, 13, 13, 13, 3, 13, 13, 13, 13, 13, 3, 13, 2, 13, 3, 13, 5, 13, 13, 13, 5, 13, 13, 13, 5, 13, 13, 3, 3, 13, 13, 13, 13, 13, 13, 13]",163.6868863110573
6026592,G#,116,"[0, 0, 0, 0, 4, 13, 3, 13, 4, 13, 8, 13, 6, 13, 13, 13, 0, 0, 0, 0, 4, 13, 3, 13, 1, 13, 6, 13, 3, 13, 11, 13, 8, 13, 4, 13, 1, 13, 13, 13, 13, 13, 13, 13, 0, 0, 0, 0, 11, 13, 13, 13, 0, 0, 0, 0, 0, 0, 0, 0, 0, 0, 0, 0]",162.20619536958833
6026592,G#,208,"[6, 13, 13, 13, 13, 13, 13, 13, 4, 13, 13, 13, 13, 13, 13, 13, 4, 13, 13, 13, 13, 13, 13, 13, 6, 13, 13, 13, 13, 13, 13, 13, 6, 13, 13, 13, 13, 13, 13, 13, 0, 0, 0, 0, 0, 0, 0, 0, 4, 13, 13, 13, 0, 0, 0, 0, 0, 0, 0, 0, 0, 0, 0, 0]",171.1946821052132
6026592,G#,32,"[0, 0, 0, 0, 3, 13, 2, 13, 3, 13, 7, 13, 5, 13, 13, 13, 0, 0, 0, 0, 3, 13, 2, 13, 12, 13, 5, 13, 2, 13, 10, 13, 7, 13, 3, 13, 12, 13, 13, 13, 13, 13, 13, 13, 0, 0, 0, 0, 10, 13, 13, 13, 0, 0, 0, 0, 0, 0, 0, 0, 0, 0, 0, 0]",195.00782922880262
6026592,G#,52,"[3, 13, 13, 13, 13, 13, 3, 13, 5, 13, 13, 13, 5, 13, 13, 13, 5, 13, 13, 13, 13, 13, 7, 13, 3, 13, 13, 13, 3, 13, 13, 13, 3, 13, 13, 13, 13, 13, 3, 13, 2, 13, 3, 13, 5, 13, 13, 13, 5, 13, 13, 13, 5, 13, 13, 3, 3, 13, 13, 13, 13, 13, 13, 13]",181.18804710842565
6026592,G#,140,"[6, 13, 13, 13, 13, 13, 8, 13, 4, 13, 13, 13, 4, 13, 13, 13, 4, 13, 13, 13, 13, 13, 4, 13, 3, 13, 4, 13, 6, 13, 13, 13, 6, 13, 13, 13, 6, 13, 13, 4, 4, 13, 13, 13, 13, 13, 13, 13, 4, 13, 13, 13, 13, 13, 4, 13, 6, 13, 13, 13, 6, 13, 13, 13]",181.1720279374215
6026592,G#,140,"[6, 13, 13, 13, 13, 13, 8, 13, 4, 13, 13, 13, 4, 13, 13, 13, 4, 13, 13, 13, 13, 13, 4, 13, 3, 13, 4, 13, 6, 13, 13, 13, 6, 13, 13, 13, 6, 13, 13, 4, 4, 13, 13, 13, 13, 13, 13, 13, 4, 13, 13, 13, 13, 13, 4, 13, 6, 13, 13, 13, 6, 13, 13, 13]",164.4809176521842
6026592,G#,108,"[0, 0, 0, 0, 9, 13, 8, 13, 6, 13, 13, 13, 9, 13, 13, 13, 0, 0, 0, 0, 4, 13, 3, 13, 4, 13, 13, 13, 6, 13, 13, 13, 0, 0, 0, 0, 4, 13, 3, 13, 4, 13, 8, 13, 6, 13, 13, 13, 0, 0, 0, 0, 4, 13, 3, 13, 1, 13, 6, 13, 3, 13, 11, 13]",172.08915797804212
6026592,G#,148,"[6, 13, 13, 13, 6, 13, 13, 4, 4, 13, 13, 13, 13, 13, 13, 13, 4, 13, 13, 13, 13, 13, 4, 13, 6, 13, 13, 13, 6, 13, 13, 13, 6, 13, 13, 13, 13, 13, 8, 13, 4, 13, 13, 13, 4, 13, 13, 13, 4, 13, 13, 13, 13, 13, 4, 13, 3, 13, 4, 13, 6, 13, 13, 13]",202.5420350075871
11741824,A,260,"[10, 10, 13, 13, 10, 13, 8, 6, 6, 13, 13, 13, 0, 0, 0, 0, 8, 1, 1, 1, 1, 1, 13, 12, 12, 13, 0, 0, 12, 12, 13, 1, 1, 10, 13, 13, 10, 13, 13, 13, 1, 13, 13, 13, 10, 13, 12, 13, 1, 8, 13, 8, 8, 1, 13, 12, 12, 13, 13, 13, 0, 12, 1, 13]",36.32668371747788
11741824,A,80,"[5, 13, 13, 13, 0, 0, 0, 0, 0, 0, 0, 0, 0, 0, 0, 0, 8, 1, 1, 1, 1, 1, 13, 12, 12, 13, 0, 0, 12, 12, 13, 1, 1, 10, 13, 13, 10, 13, 13, 13, 1, 13, 13, 13, 10, 13, 12, 13, 1, 8, 13, 8, 8, 1, 13, 12, 12, 13, 13, 13, 0, 12, 1, 13]",61.543889532056724
11741824,A,276,"[10, 13, 13, 13, 13, 13, 13, 13, 1, 13, 13, 13, 5, 13, 5, 13, 5, 5, 13, 13, 0, 8, 13, 5, 5, 13, 0, 0, 6, 5, 3, 1, 5, 5, 13, 13, 5, 5, 13, 3, 10, 13, 13, 13, 1, 1, 13, 1, 1, 13, 13, 8, 8, 13, 13, 8, 10, 8, 13, 8, 10, 13, 13, 10]",66.66223114318132
11741824,A,192,"[10, 13, 13, 13, 13, 13, 13, 13, 1, 13, 13, 13, 5, 13, 5, 13, 5, 5, 13, 13, 0, 8, 13, 5, 5, 13, 0, 0, 6, 5, 3, 1, 5, 5, 13, 13, 5, 5, 13, 3, 10, 13, 13, 13, 1, 1, 13, 1, 1, 13, 13, 8, 8, 13, 13, 8, 10, 8, 13, 8, 3, 13, 13, 3]",65.4646898729757
11741824,A,296,"[1, 13, 13, 8, 8, 13, 13, 8, 10, 8, 13, 8, 3, 13, 3, 13, 1, 13, 13, 13, 13, 13, 13, 13, 0, 0, 0, 0, 0, 0, 0, 0, 5, 13, 13, 13, 5, 3, 1, 13, 0, 0, 0, 0, 0, 0, 0, 0, 3, 0, 0, 0, 0, 0, 0, 0, 5, 0, 0, 0, 0, 0, 0, 0]",59.354458511294006
11741824,A,148,"[8, 0, 0, 1, 8, 13, 13, 5, 5, 13, 13, 13, 5, 13, 13, 13, 10, 13, 13, 5, 5, 3, 5, 13, 0, 0, 0, 0, 1, 13, 1, 13, 6, 13, 13, 13, 5, 13, 13, 3, 1, 13, 13, 13, 1, 13, 13, 1, 5, 5, 5, 5, 5, 3, 3, 1, 3, 13, 3, 1, 3, 1, 1, 1]",51.11237855435113
11741824,A,244,"[10, 13, 13, 13, 13, 13, 13, 13, 1, 13, 13, 13, 5, 13, 5, 13, 5, 5, 13, 13, 0, 8, 13, 5, 5, 13, 0, 0, 6, 5, 3, 1, 5, 5, 13, 13, 5, 5, 13, 3, 10, 13, 13, 13, 1, 1, 13, 1, 1, 13, 13, 8, 8, 13, 13, 8, 10, 8, 13, 8, 0, 10, 13, 10]",67.89614026107212
11741824,A,256,"[1, 13, 13, 8, 8, 13, 13, 8, 10, 8, 13, 8, 0, 10, 13, 10, 10, 10, 13, 13, 10, 13, 8, 6, 6, 13, 13, 13, 0, 0, 0, 0, 8, 1, 1, 1, 1, 1, 13, 12, 12, 13, 0, 0, 12, 12, 13, 1, 1, 10, 13, 13, 10, 13, 13, 13, 1, 13, 13, 13, 10, 13, 12, 13]",66.16433799034817
11741824,A,284,"[5, 5, 13, 13, 5, 5, 13, 3, 10, 13, 13, 13, 1, 1, 13, 1, 1, 13, 13, 8, 8, 13, 13, 8, 10, 8, 13, 8, 10, 13, 13, 10, 10, 10, 13, 13, 10, 13, 13, 13, 1, 13, 13, 13, 1, 1, 0, 1, 1, 13, 13, 8, 8, 13, 13, 8, 10, 8, 13, 8, 3, 13, 3, 13]",39.78162924757212
11741824,A,232,"[8, 1, 1, 1, 1, 1, 13, 12, 12, 13, 0, 0, 12, 12, 13, 1, 1, 10, 13, 13, 10, 13, 13, 13, 1, 13, 13, 13, 10, 13, 12, 13, 1, 8, 13, 8, 8, 1, 13, 12, 12, 13, 13, 13, 0, 12, 1, 13, 10, 13, 13, 13, 13, 13, 13, 13, 1, 13, 13, 13, 5, 13, 5, 13]",27.801021138703945
11741824,A,260,"[10, 10, 13, 13, 10, 13, 8, 6, 6, 13, 13, 13, 0, 0, 0, 0, 8, 1, 1, 1, 1, 1, 13, 12, 12, 13, 0, 0, 12, 12, 13, 1, 1, 10, 13, 13, 10, 13, 13, 13, 1, 13, 13, 13, 10, 13, 12, 13, 1, 8, 13, 8, 8, 1, 13, 12, 12, 13, 13, 13, 0, 12, 1, 13]",35.55126925076124
11741824,A,292,"[10, 10, 13, 13, 10, 13, 13, 13, 1, 13, 13, 13, 1, 1, 0, 1, 1, 13, 13, 8, 8, 13, 13, 8, 10, 8, 13, 8, 3, 13, 3, 13, 1, 13, 13, 13, 13, 13, 13, 13, 0, 0, 0, 0, 0, 0, 0, 0, 5, 13, 13, 13, 5, 3, 1, 13, 0, 0, 0, 0, 0, 0, 0, 0]",63.38392944470091
11741824,A,164,"[1, 13, 3, 1, 3, 1, 3, 13, 3, 1, 3, 1, 3, 1, 1, 1, 3, 5, 5, 5, 5, 13, 0, 3, 3, 1, 3, 1, 3, 1, 3, 5, 10, 13, 13, 13, 0, 1, 3, 1, 3, 13, 13, 13, 5, 13, 13, 13, 5, 13, 13, 13, 13, 13, 13, 13, 3, 0, 0, 0, 0, 0, 0, 0]",47.93322253586967
11741824,A,272,"[1, 8, 13, 8, 8, 1, 13, 12, 12, 13, 13, 13, 0, 12, 1, 13, 10, 13, 13, 13, 13, 13, 13, 13, 1, 13, 13, 13, 5, 13, 5, 13, 5, 5, 13, 13, 0, 8, 13, 5, 5, 13, 0, 0, 6, 5, 3, 1, 5, 5, 13, 13, 5, 5, 13, 3, 10, 13, 13, 13, 1, 1, 13, 1]",64.2082673255655
11741824,A,112,"[10, 10, 13, 13, 10, 13, 13, 13, 1, 0, 0, 0, 1, 1, 13, 1, 1, 13, 8, 8, 13, 13, 8, 13, 8, 6, 13, 5, 5, 13, 13, 1, 1, 1, 13, 13, 1, 13, 13, 13, 0, 0, 0, 0, 0, 0, 0, 0, 5, 13, 13, 13, 0, 0, 0, 0, 0, 0, 0, 0, 0, 0, 0, 0]",56.41299235446941
11741824,A,108,"[1, 13, 13, 8, 8, 13, 13, 8, 10, 8, 13, 8, 10, 13, 13, 10, 10, 10, 13, 13, 10, 13, 13, 13, 1, 0, 0, 0, 1, 1, 13, 1, 1, 13, 8, 8, 13, 13, 8, 13, 8, 6, 13, 5, 5, 13, 13, 1, 1, 1, 13, 13, 1, 13, 13, 13, 0, 0, 0, 0, 0, 0, 0, 0]",43.899422096785955
11741824,A,140,"[6, 13, 13, 13, 6, 6, 13, 6, 5, 13, 13, 13, 5, 3, 1, 13, 1, 13, 13, 8, 8, 13, 5, 13, 5, 13, 13, 13, 0, 3, 1, 13, 8, 0, 0, 1, 8, 13, 13, 5, 5, 13, 13, 13, 5, 13, 13, 13, 10, 13, 13, 5, 5, 3, 5, 13, 0, 0, 0, 0, 1, 13, 1, 13]",53.465464889697266
11741824,A,36,"[10, 13, 13, 13, 5, 13, 13, 13, 1, 13, 13, 13, 0, 3, 13, 1, 1, 13, 10, 1, 1, 13, 13, 13, 0, 0, 0, 0, 0, 10, 10, 10, 3, 1, 3, 13, 13, 13, 3, 5, 5, 13, 13, 13, 0, 0, 0, 0, 8, 13, 13, 13, 5, 13, 13, 13, 0, 0, 0, 0, 10, 8, 8, 8]",41.128971414195334
11741824,A,232,"[8, 1, 1, 1, 1, 1, 13, 12, 12, 13, 0, 0, 12, 12, 13, 1, 1, 10, 13, 13, 10, 13, 13, 13, 1, 13, 13, 13, 10, 13, 12, 13, 1, 8, 13, 8, 8, 1, 13, 12, 12, 13, 13, 13, 0, 12, 1, 13, 10, 13, 13, 13, 13, 13, 13, 13, 1, 13, 13, 13, 5, 13, 5, 13]",63.292576874920215
11741824,A,148,"[8, 0, 0, 1, 8, 13, 13, 5, 5, 13, 13, 13, 5, 13, 13, 13, 10, 13, 13, 5, 5, 3, 5, 13, 0, 0, 0, 0, 1, 13, 1, 13, 6, 13, 13, 13, 5, 13, 13, 3, 1, 13, 13, 13, 1, 13, 13, 1, 5, 5, 5, 5, 5, 3, 3, 1, 3, 13, 3, 1, 3, 1, 1, 1]",62.133135254670556
11741824,A,80,"[5, 13, 13, 13, 0, 0, 0, 0, 0, 0, 0, 0, 0, 0, 0, 0, 8, 1, 1, 1, 1, 1, 13, 12, 12, 13, 0, 0, 12, 12, 13, 1, 1, 10, 13, 13, 10, 13, 13, 13, 1, 13, 13, 13, 10, 13, 12, 13, 1, 8, 13, 8, 8, 1, 13, 12, 12, 13, 13, 13, 0, 12, 1, 13]",60.74466278411763
11741824,A,32,"[1, 13, 13, 8, 8, 13, 13, 5, 5, 13, 13, 13, 3, 1, 13, 13, 10, 13, 13, 13, 5, 13, 13, 13, 1, 13, 13, 13, 0, 3, 13, 1, 1, 13, 10, 1, 1, 13, 13, 13, 0, 0, 0, 0, 0, 10, 10, 10, 3, 1, 3, 13, 13, 13, 3, 5, 5, 13, 13, 13, 0, 0, 0, 0]",52.68788567014224
11741824,A,56,"[10, 13, 10, 1, 1, 13, 13, 10, 10, 13, 13, 13, 0, 8, 10, 13, 1, 3, 13, 13, 3, 3, 1, 3, 3, 13, 5, 13, 0, 0, 0, 1, 5, 5, 5, 5, 5, 3, 3, 1, 3, 13, 3, 1, 3, 1, 1, 1, 1, 13, 3, 1, 3, 1, 3, 13, 3, 1, 3, 1, 3, 1, 1, 1]",39.424445029235315
11741824,A,148,"[8, 0, 0, 1, 8, 13, 13, 5, 5, 13, 13, 13, 5, 13, 13, 13, 10, 13, 13, 5, 5, 3, 5, 13, 0, 0, 0, 0, 1, 13, 1, 13, 6, 13, 13, 13, 5, 13, 13, 3, 1, 13, 13, 13, 1, 13, 13, 1, 5, 5, 5, 5, 5, 3, 3, 1, 3, 13, 3, 1, 3, 1, 1, 1]",50.767316951909386
11741824,A,112,"[10, 10, 13, 13, 10, 13, 13, 13, 1, 0, 0, 0, 1, 1, 13, 1, 1, 13, 8, 8, 13, 13, 8, 13, 8, 6, 13, 5, 5, 13, 13, 1, 1, 1, 13, 13, 1, 13, 13, 13, 0, 0, 0, 0, 0, 0, 0, 0, 5, 13, 13, 13, 0, 0, 0, 0, 0, 0, 0, 0, 0, 0, 0, 0]",47.04740567439438
11741824,A,264,"[8, 1, 1, 1, 1, 1, 13, 12, 12, 13, 0, 0, 12, 12, 13, 1, 1, 10, 13, 13, 10, 13, 13, 13, 1, 13, 13, 13, 10, 13, 12, 13, 1, 8, 13, 8, 8, 1, 13, 12, 12, 13, 13, 13, 0, 12, 1, 13, 10, 13, 13, 13, 13, 13, 13, 13, 1, 13, 13, 13, 5, 13, 5, 13]",45.42990235353823
11741824,A,52,"[8, 13, 13, 8, 5, 13, 13, 13, 0, 0, 0, 0, 5, 5, 13, 13, 10, 13, 10, 1, 1, 13, 13, 10, 10, 13, 13, 13, 0, 8, 10, 13, 1, 3, 13, 13, 3, 3, 1, 3, 3, 13, 5, 13, 0, 0, 0, 1, 5, 5, 5, 5, 5, 3, 3, 1, 3, 13, 3, 1, 3, 1, 1, 1]",45.94987598532309
11741824,A,212,"[1, 1, 13, 8, 5, 13, 3, 13, 1, 1, 13, 8, 5, 13, 13, 5, 6, 5, 0, 5, 5, 13, 5, 13, 6, 5, 0, 5, 5, 13, 13, 13, 1, 1, 0, 8, 3, 13, 1, 13, 1, 13, 0, 0, 5, 5, 13, 13, 5, 13, 13, 13, 3, 13, 13, 13, 3, 13, 0, 0, 5, 13, 13, 13]",30.68880142513612
11741824,A,176,"[5, 13, 13, 13, 13, 13, 13, 13, 3, 0, 0, 0, 0, 0, 0, 0, 8, 1, 1, 1, 1, 1, 13, 12, 12, 13, 0, 0, 12, 12, 13, 1, 1, 10, 13, 13, 10, 13, 13, 13, 1, 13, 13, 13, 10, 13, 12, 13, 1, 8, 13, 8, 8, 1, 13, 12, 12, 13, 13, 13, 0, 12, 1, 13]",67.74114395784233
11741824,A,260,"[10, 10, 13, 13, 10, 13, 8, 6, 6, 13, 13, 13, 0, 0, 0, 0, 8, 1, 1, 1, 1, 1, 13, 12, 12, 13, 0, 0, 12, 12, 13, 1, 1, 10, 13, 13, 10, 13, 13, 13, 1, 13, 13, 13, 10, 13, 12, 13, 1, 8, 13, 8, 8, 1, 13, 12, 12, 13, 13, 13, 0, 12, 1, 13]",65.63613829777736
11741824,A,84,"[8, 1, 1, 1, 1, 1, 13, 12, 12, 13, 0, 0, 12, 12, 13, 1, 1, 10, 13, 13, 10, 13, 13, 13, 1, 13, 13, 13, 10, 13, 12, 13, 1, 8, 13, 8, 8, 1, 13, 12, 12, 13, 13, 13, 0, 12, 1, 13, 10, 13, 13, 13, 13, 13, 13, 13, 1, 13, 13, 13, 5, 13, 5, 13]",59.357056214700094
11741824,A,288,"[1, 13, 13, 8, 8, 13, 13, 8, 10, 8, 13, 8, 10, 13, 13, 10, 10, 10, 13, 13, 10, 13, 13, 13, 1, 13, 13, 13, 1, 1, 0, 1, 1, 13, 13, 8, 8, 13, 13, 8, 10, 8, 13, 8, 3, 13, 3, 13, 1, 13, 13, 13, 13, 13, 13, 13, 0, 0, 0, 0, 0, 0, 0, 0]",32.34310554424515
11741824,A,240,"[1, 8, 13, 8, 8, 1, 13, 12, 12, 13, 13, 13, 0, 12, 1, 13, 10, 13, 13, 13, 13, 13, 13, 13, 1, 13, 13, 13, 5, 13, 5, 13, 5, 5, 13, 13, 0, 8, 13, 5, 5, 13, 0, 0, 6, 5, 3, 1, 5, 5, 13, 13, 5, 5, 13, 3, 10, 13, 13, 13, 1, 1, 13, 1]",47.47169723072174
11741824,A,56,"[10, 13, 10, 1, 1, 13, 13, 10, 10, 13, 13, 13, 0, 8, 10, 13, 1, 3, 13, 13, 3, 3, 1, 3, 3, 13, 5, 13, 0, 0, 0, 1, 5, 5, 5, 5, 5, 3, 3, 1, 3, 13, 3, 1, 3, 1, 1, 1, 1, 13, 3, 1, 3, 1, 3, 13, 3, 1, 3, 1, 3, 1, 1, 1]",29.572654861654527
11741824,A,164,"[1, 13, 3, 1, 3, 1, 3, 13, 3, 1, 3, 1, 3, 1, 1, 1, 3, 5, 5, 5, 5, 13, 0, 3, 3, 1, 3, 1, 3, 1, 3, 5, 10, 13, 13, 13, 0, 1, 3, 1, 3, 13, 13, 13, 5, 13, 13, 13, 5, 13, 13, 13, 13, 13, 13, 13, 3, 0, 0, 0, 0, 0, 0, 0]",44.518108458002075
11741824,A,40,"[1, 13, 10, 1, 1, 13, 13, 13, 0, 0, 0, 0, 0, 10, 10, 10, 3, 1, 3, 13, 13, 13, 3, 5, 5, 13, 13, 13, 0, 0, 0, 0, 8, 13, 13, 13, 5, 13, 13, 13, 0, 0, 0, 0, 10, 8, 8, 8, 8, 13, 13, 8, 5, 13, 13, 13, 0, 0, 0, 0, 5, 5, 13, 13]",69.3123215679566
11741824,A,108,"[1, 13, 13, 8, 8, 13, 13, 8, 10, 8, 13, 8, 10, 13, 13, 10, 10, 10, 13, 13, 10, 13, 13, 13, 1, 0, 0, 0, 1, 1, 13, 1, 1, 13, 8, 8, 13, 13, 8, 13, 8, 6, 13, 5, 5, 13, 13, 1, 1, 1, 13, 13, 1, 13, 13, 13, 0, 0, 0, 0, 0, 0, 0, 0]",69.20841343171318
11741824,A,40,"[1, 13, 10, 1, 1, 13, 13, 13, 0, 0, 0, 0, 0, 10, 10, 10, 3, 1, 3, 13, 13, 13, 3, 5, 5, 13, 13, 13, 0, 0, 0, 0, 8, 13, 13, 13, 5, 13, 13, 13, 0, 0, 0, 0, 10, 8, 8, 8, 8, 13, 13, 8, 5, 13, 13, 13, 0, 0, 0, 0, 5, 5, 13, 13]",39.361667196921566
7080619,C,40,"[6, 13, 0, 0, 5, 13, 13, 13, 0, 0, 0, 0, 9, 13, 0, 0, 6, 13, 13, 13, 5, 13, 13, 13, 0, 0, 0, 0, 9, 13, 0, 0, 10, 13, 13, 13, 13, 13, 13, 13, 0, 0, 0, 0, 0, 0, 0, 0, 6, 13, 0, 0, 5, 13, 13, 13, 0, 0, 0, 0, 5, 13, 0, 0]",104.85193481718545
7080619,C,196,"[0, 0, 0, 0, 0, 0, 0, 0, 0, 0, 0, 0, 0, 0, 8, 13, 1, 13, 13, 13, 13, 13, 13, 13, 13, 13, 13, 13, 13, 13, 13, 13, 0, 0, 0, 0, 5, 13, 5, 13, 5, 13, 5, 13, 6, 13, 8, 13, 5, 13, 13, 13, 3, 13, 13, 13, 13, 13, 13, 13, 13, 13, 13, 13]",77.3721293359058
7080619,C,40,"[6, 13, 0, 0, 5, 13, 13, 13, 0, 0, 0, 0, 9, 13, 0, 0, 6, 13, 13, 13, 5, 13, 13, 13, 0, 0, 0, 0, 9, 13, 0, 0, 10, 13, 13, 13, 13, 13, 13, 13, 0, 0, 0, 0, 0, 0, 0, 0, 6, 13, 0, 0, 5, 13, 13, 13, 0, 0, 0, 0, 5, 13, 0, 0]",106.83311661489363
7080619,C,36,"[6, 13, 0, 0, 5, 13, 0, 0, 8, 13, 13, 13, 13, 13, 13, 13, 6, 13, 0, 0, 5, 13, 13, 13, 0, 0, 0, 0, 9, 13, 0, 0, 6, 13, 13, 13, 5, 13, 13, 13, 8, 13, 0, 0, 9, 13, 0, 0, 10, 13, 13, 13, 13, 13, 13, 13, 0, 0, 0, 0, 0, 0, 0, 0]",113.3200149704578
7080619,C,60,"[5, 13, 13, 13, 13, 13, 13, 13, 0, 0, 0, 0, 0, 0, 0, 0, 3, 13, 13, 13, 13, 13, 13, 13, 0, 0, 0, 0, 3, 13, 5, 13, 6, 13, 13, 13, 5, 13, 0, 0, 5, 13, 13, 13, 6, 13, 5, 13, 9, 13, 13, 13, 5, 13, 13, 13, 13, 13, 13, 13, 0, 0, 0, 0]",81.59599507420147
7080619,C,68,"[6, 13, 13, 13, 5, 13, 0, 0, 5, 13, 13, 13, 6, 13, 5, 13, 9, 13, 13, 13, 5, 13, 13, 13, 13, 13, 13, 13, 0, 0, 0, 0, 3, 13, 5, 13, 5, 13, 1, 13, 1, 13, 13, 13, 13, 13, 13, 13, 1, 13, 13, 13, 13, 13, 13, 13, 0, 0, 0, 0, 5, 13, 1, 13]",100.10463184256348
7080619,C,68,"[6, 13, 13, 13, 5, 13, 0, 0, 5, 13, 13, 13, 6, 13, 5, 13, 9, 13, 13, 13, 5, 13, 13, 13, 13, 13, 13, 13, 0, 0, 0, 0, 3, 13, 5, 13, 5, 13, 1, 13, 1, 13, 13, 13, 13, 13, 13, 13, 1, 13, 13, 13, 13, 13, 13, 13, 0, 0, 0, 0, 5, 13, 1, 13]",109.73475131949158
7080619,C,196,"[0, 0, 0, 0, 0, 0, 0, 0, 0, 0, 0, 0, 0, 0, 8, 13, 1, 13, 13, 13, 13, 13, 13, 13, 13, 13, 13, 13, 13, 13, 13, 13, 0, 0, 0, 0, 5, 13, 5, 13, 5, 13, 5, 13, 6, 13, 8, 13, 5, 13, 13, 13, 3, 13, 13, 13, 13, 13, 13, 13, 13, 13, 13, 13]",92.51760609452194
7080619,C,132,"[8, 13, 13, 13, 13, 13, 13, 13, 0, 0, 0, 0, 0, 0, 0, 0, 8, 13, 13, 13, 13, 13, 13, 13, 0, 0, 0, 0, 0, 0, 0, 0, 9, 13, 13, 13, 13, 13, 13, 13, 8, 13, 13, 0, 0, 0, 8, 13, 5, 13, 13, 13, 8, 13, 13, 0, 0, 0, 0, 0, 0, 0, 5, 13]",74.0137317824044
7080619,C,48,"[10, 13, 13, 13, 13, 13, 13, 13, 0, 0, 0, 0, 0, 0, 0, 0, 6, 13, 0, 0, 5, 13, 13, 13, 0, 0, 0, 0, 5, 13, 0, 0, 8, 13, 13, 13, 13, 13, 13, 13, 4, 13, 0, 0, 5, 13, 0, 0, 5, 13, 13, 13, 13, 13, 13, 13, 6, 13, 0, 0, 5, 13, 0, 0]",96.33146764522371
7080619,C,68,"[6, 13, 13, 13, 5, 13, 0, 0, 5, 13, 13, 13, 6, 13, 5, 13, 9, 13, 13, 13, 5, 13, 13, 13, 13, 13, 13, 13, 0, 0, 0, 0, 3, 13, 5, 13, 5, 13, 1, 13, 1, 13, 13, 13, 13, 13, 13, 13, 1, 13, 13, 13, 13, 13, 13, 13, 0, 0, 0, 0, 5, 13, 1, 13]",94.30482603790904
7080619,C,88,"[5, 13, 3, 13, 13, 13, 5, 13, 13, 13, 0, 0, 0, 0, 3, 13, 3, 13, 13, 13, 13, 13, 13, 13, 13, 13, 13, 13, 13, 13, 13, 13, 3, 13, 13, 13, 0, 0, 0, 0, 0, 0, 0, 0, 0, 0, 8, 13, 3, 13, 13, 13, 0, 0, 0, 0, 0, 0, 3, 13, 3, 13, 0, 0]",77.25306792979353
7080619,C,96,"[3, 13, 13, 13, 0, 0, 0, 0, 0, 0, 0, 0, 0, 0, 8, 13, 3, 13, 13, 13, 0, 0, 0, 0, 0, 0, 3, 13, 3, 13, 0, 0, 5, 13, 13, 13, 13, 13, 13, 13, 5, 13, 5, 13, 5, 13, 5, 13, 0, 0, 0, 0, 0, 0, 0, 0, 0, 0, 0, 0, 8, 13, 8, 13]",86.79313368864398
7080619,C,36,"[6, 13, 0, 0, 5, 13, 0, 0, 8, 13, 13, 13, 13, 13, 13, 13, 6, 13, 0, 0, 5, 13, 13, 13, 0, 0, 0, 0, 9, 13, 0, 0, 6, 13, 13, 13, 5, 13, 13, 13, 8, 13, 0, 0, 9, 13, 0, 0, 10, 13, 13, 13, 13, 13, 13, 13, 0, 0, 0, 0, 0, 0, 0, 0]",97.14801241587006
7080619,C,96,"[3, 13, 13, 13, 0, 0, 0, 0, 0, 0, 0, 0, 0, 0, 8, 13, 3, 13, 13, 13, 0, 0, 0, 0, 0, 0, 3, 13, 3, 13, 0, 0, 5, 13, 13, 13, 13, 13, 13, 13, 5, 13, 5, 13, 5, 13, 5, 13, 0, 0, 0, 0, 0, 0, 0, 0, 0, 0, 0, 0, 8, 13, 8, 13]",75.35154903653863
7080619,C,44,"[6, 13, 0, 0, 5, 13, 13, 13, 0, 0, 0, 0, 0, 0, 0, 0, 10, 13, 13, 13, 13, 13, 13, 13, 0, 0, 0, 0, 0, 0, 0, 0, 6, 13, 0, 0, 5, 13, 13, 13, 0, 0, 0, 0, 5, 13, 0, 0, 8, 13, 13, 13, 13, 13, 13, 13, 4, 13, 0, 0, 5, 13, 0, 0]",96.77524197709673
7080619,C,144,"[5, 13, 13, 13, 0, 0, 0, 0, 0, 0, 0, 0, 0, 0, 0, 0, 1, 13, 13, 13, 13, 13, 13, 13, 1, 13, 0, 0, 0, 0, 1, 13, 13, 13, 13, 13, 13, 13, 0, 0, 0, 0, 0, 0, 0, 0, 0, 0, 11, 13, 13, 13, 0, 0, 0, 0, 1, 13, 0, 0, 11, 13, 1, 13]",79.81310463649116
7080619,C,84,"[1, 13, 1, 13, 13, 13, 13, 13, 0, 0, 0, 0, 1, 13, 1, 13, 5, 13, 3, 13, 13, 13, 5, 13, 13, 13, 0, 0, 0, 0, 3, 13, 3, 13, 13, 13, 13, 13, 13, 13, 13, 13, 13, 13, 13, 13, 13, 13, 3, 13, 13, 13, 0, 0, 0, 0, 0, 0, 0, 0, 0, 0, 8, 13]",76.59931257259524
7080619,C,180,"[0, 0, 0, 0, 0, 0, 5, 13, 13, 13, 0, 0, 0, 0, 0, 0, 5, 13, 5, 13, 0, 0, 0, 0, 5, 13, 0, 0, 3, 13, 5, 13, 3, 13, 13, 13, 6, 13, 0, 0, 0, 0, 8, 13, 12, 13, 0, 0, 1, 13, 1, 13, 13, 13, 13, 13, 3, 13, 13, 13, 13, 13, 12, 13]",96.27518407142519
7080619,C,64,"[3, 13, 13, 13, 13, 13, 13, 13, 0, 0, 0, 0, 3, 13, 5, 13, 6, 13, 13, 13, 5, 13, 0, 0, 5, 13, 13, 13, 6, 13, 5, 13, 9, 13, 13, 13, 5, 13, 13, 13, 13, 13, 13, 13, 0, 0, 0, 0, 3, 13, 5, 13, 5, 13, 1, 13, 1, 13, 13, 13, 13, 13, 13, 13]",89.30121632721992
10638754,D,24,"[8, 13, 13, 13, 5, 13, 3, 13, 1, 13, 13, 13, 13, 13, 13, 13, 3, 13, 13, 13, 3, 13, 13, 13, 8, 13, 13, 13, 8, 13, 13, 13, 5, 13, 13, 13, 3, 13, 13, 13, 1, 13, 13, 13, 8, 13, 13, 13, 3, 13, 13, 13, 3, 13, 13, 13, 8, 13, 13, 13, 8, 13, 13, 13]",50.802385947891544
10638754,D,12,"[3, 13, 13, 13, 13, 13, 13, 13, 8, 13, 13, 13, 10, 13, 13, 13, 8, 13, 13, 13, 5, 13, 13, 13, 8, 13, 13, 13, 10, 13, 13, 13, 8, 13, 13, 13, 5, 13, 13, 13, 1, 13, 3, 13, 5, 13, 6, 13, 8, 13, 13, 13, 5, 13, 3, 13, 1, 13, 13, 13, 13, 13, 13, 13]",71.72515508164273
10638754,D,0,"[8, 13, 13, 13, 10, 13, 13, 13, 8, 13, 13, 13, 5, 13, 13, 13, 8, 13, 13, 13, 10, 13, 13, 13, 8, 13, 13, 13, 5, 13, 13, 13, 1, 13, 3, 13, 5, 13, 6, 13, 8, 13, 13, 13, 6, 13, 5, 13, 3, 13, 13, 13, 13, 13, 13, 13, 8, 13, 13, 13, 10, 13, 13, 13]",63.16225875404825
10638754,D,8,"[1, 13, 3, 13, 5, 13, 6, 13, 8, 13, 13, 13, 6, 13, 5, 13, 3, 13, 13, 13, 13, 13, 13, 13, 8, 13, 13, 13, 10, 13, 13, 13, 8, 13, 13, 13, 5, 13, 13, 13, 8, 13, 13, 13, 10, 13, 13, 13, 8, 13, 13, 13, 5, 13, 13, 13, 1, 13, 3, 13, 5, 13, 6, 13]",50.58461181234801
10638754,D,16,"[8, 13, 13, 13, 5, 13, 13, 13, 8, 13, 13, 13, 10, 13, 13, 13, 8, 13, 13, 13, 5, 13, 13, 13, 1, 13, 3, 13, 5, 13, 6, 13, 8, 13, 13, 13, 5, 13, 3, 13, 1, 13, 13, 13, 13, 13, 13, 13, 3, 13, 13, 13, 3, 13, 13, 13, 8, 13, 13, 13, 8, 13, 13, 13]",84.50975239469447
10638754,D,8,"[1, 13, 3, 13, 5, 13, 6, 13, 8, 13, 13, 13, 6, 13, 5, 13, 3, 13, 13, 13, 13, 13, 13, 13, 8, 13, 13, 13, 10, 13, 13, 13, 8, 13, 13, 13, 5, 13, 13, 13, 8, 13, 13, 13, 10, 13, 13, 13, 8, 13, 13, 13, 5, 13, 13, 13, 1, 13, 3, 13, 5, 13, 6, 13]",57.087962289484054
10638754,D,16,"[8, 13, 13, 13, 5, 13, 13, 13, 8, 13, 13, 13, 10, 13, 13, 13, 8, 13, 13, 13, 5, 13, 13, 13, 1, 13, 3, 13, 5, 13, 6, 13, 8, 13, 13, 13, 5, 13, 3, 13, 1, 13, 13, 13, 13, 13, 13, 13, 3, 13, 13, 13, 3, 13, 13, 13, 8, 13, 13, 13, 8, 13, 13, 13]",62.14915442567475
6508208,D,12,"[10, 13, 10, 13, 0, 0, 0, 0, 0, 0, 0, 0, 0, 0, 0, 0, 10, 13, 10, 13, 0, 0, 10, 13, 10, 13, 10, 13, 0, 0, 10, 13, 10, 13, 10, 13, 0, 0, 0, 0, 0, 0, 0, 0, 0, 0, 0, 0, 10, 13, 10, 13, 0, 0, 10, 13, 10, 13, 10, 13, 0, 0, 10, 13]",183.55801851591139
6508208,D,12,"[10, 13, 10, 13, 0, 0, 0, 0, 0, 0, 0, 0, 0, 0, 0, 0, 10, 13, 10, 13, 0, 0, 10, 13, 10, 13, 10, 13, 0, 0, 10, 13, 10, 13, 10, 13, 0, 0, 0, 0, 0, 0, 0, 0, 0, 0, 0, 0, 10, 13, 10, 13, 0, 0, 10, 13, 10, 13, 10, 13, 0, 0, 10, 13]",168.25754545406545
6508208,D,52,"[10, 13, 13, 13, 13, 13, 13, 13, 0, 0, 0, 0, 0, 0, 0, 0, 10, 13, 13, 13, 13, 13, 13, 13, 13, 13, 13, 13, 13, 13, 13, 13, 9, 13, 13, 13, 13, 13, 13, 13, 0, 0, 0, 0, 0, 0, 0, 0, 9, 13, 13, 13, 13, 13, 13, 13, 0, 0, 0, 0, 0, 0, 0, 0]",199.6871589642987
6508208,D,40,"[12, 13, 13, 13, 13, 13, 13, 13, 13, 13, 13, 13, 13, 13, 13, 13, 12, 13, 13, 13, 13, 13, 13, 13, 0, 0, 0, 0, 0, 0, 0, 0, 10, 13, 13, 13, 13, 13, 13, 13, 13, 13, 13, 13, 13, 13, 13, 13, 10, 13, 13, 13, 13, 13, 13, 13, 0, 0, 0, 0, 0, 0, 0, 0]",204.4773240451211
6508208,D,128,"[12, 13, 13, 13, 0, 0, 0, 0, 1, 13, 13, 12, 13, 10, 13, 13, 10, 13, 13, 13, 0, 0, 8, 13, 10, 13, 13, 10, 13, 8, 13, 13, 10, 13, 13, 13, 13, 13, 13, 13, 10, 13, 13, 9, 13, 10, 13, 13, 1, 13, 13, 13, 13, 13, 13, 13, 13, 13, 13, 13, 13, 13, 13, 13]",200.76737063066275
6508208,D,248,"[10, 13, 10, 13, 0, 0, 0, 0, 0, 0, 0, 0, 0, 0, 0, 0, 10, 13, 10, 13, 0, 0, 10, 13, 10, 13, 10, 13, 0, 0, 10, 13, 10, 13, 10, 13, 0, 0, 0, 0, 0, 0, 0, 0, 0, 0, 0, 0, 10, 13, 10, 13, 0, 0, 10, 13, 10, 13, 10, 13, 0, 0, 10, 13]",196.85652815280042
6508208,D,188,"[1, 13, 13, 13, 13, 13, 13, 13, 13, 13, 13, 13, 13, 13, 13, 13, 1, 13, 13, 13, 13, 13, 13, 13, 0, 0, 0, 0, 0, 0, 0, 0, 12, 13, 13, 13, 13, 13, 13, 13, 13, 13, 13, 13, 13, 13, 13, 13, 12, 13, 13, 13, 13, 13, 13, 13, 0, 0, 0, 0, 0, 0, 0, 0]",206.82088546797826
6508208,D,240,"[10, 13, 10, 13, 0, 0, 0, 0, 0, 0, 0, 0, 0, 0, 0, 0, 10, 13, 10, 13, 0, 0, 10, 13, 10, 13, 10, 13, 0, 0, 10, 13, 10, 13, 10, 13, 0, 0, 0, 0, 0, 0, 0, 0, 0, 0, 0, 0, 10, 13, 10, 13, 0, 0, 10, 13, 10, 13, 10, 13, 0, 0, 10, 13]",187.7372903457359
6508208,D,256,"[10, 13, 10, 13, 0, 0, 0, 0, 0, 0, 0, 0, 0, 0, 0, 0, 10, 13, 10, 13, 0, 0, 10, 13, 10, 13, 10, 13, 0, 0, 10, 13, 10, 13, 10, 13, 0, 0, 0, 0, 0, 0, 0, 0, 0, 0, 0, 0, 1, 13, 13, 13, 0, 0, 0, 0, 0, 0, 0, 0, 0, 0, 0, 0]",179.8376742878287
6508208,D,244,"[10, 13, 10, 13, 0, 0, 10, 13, 10, 13, 10, 13, 0, 0, 10, 13, 10, 13, 10, 13, 0, 0, 0, 0, 0, 0, 0, 0, 0, 0, 0, 0, 10, 13, 10, 13, 0, 0, 10, 13, 10, 13, 10, 13, 0, 0, 10, 13, 10, 13, 10, 13, 0, 0, 0, 0, 0, 0, 0, 0, 0, 0, 0, 0]",207.10836464491842
6508208,D,32,"[1, 13, 13, 13, 13, 13, 13, 13, 13, 13, 13, 13, 13, 13, 13, 13, 1, 13, 13, 13, 13, 13, 13, 13, 0, 0, 0, 0, 0, 0, 0, 0, 12, 13, 13, 13, 13, 13, 13, 13, 13, 13, 13, 13, 13, 13, 13, 13, 12, 13, 13, 13, 13, 13, 13, 13, 0, 0, 0, 0, 0, 0, 0, 0]",175.24363581416577
6508208,D,124,"[12, 13, 13, 13, 0, 0, 10, 13, 12, 13, 10, 13, 13, 13, 12, 13, 12, 13, 13, 13, 0, 0, 0, 0, 1, 13, 13, 12, 13, 10, 13, 13, 10, 13, 13, 13, 0, 0, 8, 13, 10, 13, 13, 10, 13, 8, 13, 13, 10, 13, 13, 13, 13, 13, 13, 13, 10, 13, 13, 9, 13, 10, 13, 13]",182.65012117548434
6508208,D,116,"[1, 13, 13, 13, 0, 0, 12, 13, 1, 13, 13, 13, 0, 0, 12, 13, 1, 13, 1, 13, 13, 13, 13, 13, 3, 13, 13, 1, 13, 12, 13, 13, 12, 13, 13, 13, 0, 0, 10, 13, 12, 13, 10, 13, 13, 13, 12, 13, 12, 13, 13, 13, 0, 0, 0, 0, 1, 13, 13, 12, 13, 10, 13, 13]",207.37462924404224
6508208,D,248,"[10, 13, 10, 13, 0, 0, 0, 0, 0, 0, 0, 0, 0, 0, 0, 0, 10, 13, 10, 13, 0, 0, 10, 13, 10, 13, 10, 13, 0, 0, 10, 13, 10, 13, 10, 13, 0, 0, 0, 0, 0, 0, 0, 0, 0, 0, 0, 0, 10, 13, 10, 13, 0, 0, 10, 13, 10, 13, 10, 13, 0, 0, 10, 13]",205.975765959865
6508208,D,52,"[10, 13, 13, 13, 13, 13, 13, 13, 0, 0, 0, 0, 0, 0, 0, 0, 10, 13, 13, 13, 13, 13, 13, 13, 13, 13, 13, 13, 13, 13, 13, 13, 9, 13, 13, 13, 13, 13, 13, 13, 0, 0, 0, 0, 0, 0, 0, 0, 9, 13, 13, 13, 13, 13, 13, 13, 0, 0, 0, 0, 0, 0, 0, 0]",182.95275362229336
6508208,D,156,"[1, 13, 13, 13, 13, 13, 13, 13, 13, 13, 13, 13, 13, 13, 13, 13, 1, 13, 13, 13, 13, 13, 13, 13, 0, 0, 0, 0, 0, 0, 0, 0, 12, 13, 13, 13, 13, 13, 13, 13, 13, 13, 13, 13, 13, 13, 13, 13, 12, 13, 13, 13, 13, 13, 13, 13, 0, 0, 0, 0, 0, 0, 0, 0]",166.54998841513162
6508208,D,0,"[10, 13, 10, 13, 0, 0, 10, 13, 10, 13, 10, 13, 0, 0, 10, 13, 10, 13, 10, 13, 0, 0, 0, 0, 0, 0, 0, 0, 0, 0, 0, 0, 10, 13, 10, 13, 0, 0, 10, 13, 10, 13, 10, 13, 0, 0, 10, 13, 10, 13, 10, 13, 0, 0, 0, 0, 0, 0, 0, 0, 0, 0, 0, 0]",172.75070644545866
6508208,D,164,"[12, 13, 13, 13, 13, 13, 13, 13, 13, 13, 13, 13, 13, 13, 13, 13, 12, 13, 13, 13, 13, 13, 13, 13, 0, 0, 0, 0, 0, 0, 0, 0, 10, 13, 13, 13, 13, 13, 13, 13, 13, 13, 13, 13, 13, 13, 13, 13, 10, 13, 13, 13, 13, 13, 13, 13, 0, 0, 0, 0, 0, 0, 0, 0]",206.56154807793735
6095205,A,112,"[3, 13, 3, 13, 3, 13, 8, 13, 13, 13, 13, 13, 0, 0, 12, 13, 12, 13, 1, 13, 12, 13, 10, 13, 13, 13, 8, 13, 7, 13, 5, 13, 5, 13, 13, 13, 13, 13, 12, 13, 13, 13, 13, 13, 0, 0, 8, 13, 3, 13, 13, 8, 13, 13, 7, 13, 13, 13, 8, 13, 8, 13, 13, 13]",156.50899884947427
6095205,A,144,"[5, 13, 13, 13, 8, 13, 7, 13, 13, 13, 0, 0, 0, 0, 5, 7, 8, 13, 13, 8, 13, 13, 8, 13, 13, 13, 0, 0, 0, 0, 5, 7, 8, 13, 13, 8, 13, 13, 7, 13, 13, 13, 3, 13, 13, 13, 0, 0, 8, 13, 13, 8, 13, 13, 10, 13, 10, 13, 13, 12, 13, 13, 12, 13]",174.42752399408712
6095205,A,284,"[5, 13, 6, 13, 5, 13, 3, 13, 13, 13, 1, 13, 12, 13, 10, 13, 10, 13, 13, 13, 13, 13, 5, 13, 13, 13, 13, 13, 0, 0, 1, 13, 8, 13, 13, 1, 13, 13, 12, 13, 13, 13, 0, 0, 1, 13, 3, 13, 5, 13, 5, 13, 8, 13, 10, 13, 13, 13, 6, 13, 5, 13, 5, 13]",182.71982621688096
6095205,A,252,"[8, 13, 13, 10, 13, 13, 11, 13, 11, 13, 13, 1, 13, 13, 3, 13, 1, 13, 13, 13, 13, 13, 13, 13, 13, 13, 13, 13, 0, 0, 0, 0, 3, 13, 13, 5, 1, 13, 3, 13, 13, 13, 0, 0, 1, 13, 3, 13, 5, 13, 5, 13, 8, 13, 10, 13, 13, 13, 6, 13, 5, 13, 5, 13]",150.33988621058796
6095205,A,92,"[10, 13, 8, 13, 13, 13, 13, 13, 0, 0, 0, 0, 8, 13, 10, 13, 12, 13, 12, 13, 3, 13, 5, 13, 13, 13, 1, 13, 12, 13, 12, 13, 12, 13, 8, 13, 10, 13, 10, 13, 13, 13, 0, 0, 8, 13, 10, 13, 12, 13, 12, 13, 3, 13, 5, 13, 13, 13, 1, 13, 12, 13, 12, 13]",174.5392252405488
6095205,A,240,"[1, 13, 13, 13, 13, 13, 0, 0, 0, 0, 6, 13, 8, 13, 10, 13, 11, 13, 13, 13, 13, 13, 3, 13, 13, 13, 13, 13, 0, 0, 8, 13, 11, 13, 13, 3, 13, 13, 1, 13, 13, 13, 11, 13, 0, 0, 6, 13, 8, 13, 13, 10, 13, 13, 11, 13, 11, 13, 13, 1, 13, 13, 3, 13]",150.38967552587124
6095205,A,188,"[12, 13, 12, 13, 3, 13, 5, 13, 13, 13, 1, 13, 12, 13, 12, 13, 12, 13, 8, 13, 10, 13, 10, 13, 13, 13, 0, 0, 12, 13, 1, 13, 3, 13, 3, 13, 3, 13, 8, 13, 13, 13, 13, 13, 0, 0, 12, 13, 12, 13, 1, 13, 12, 13, 10, 13, 13, 13, 8, 13, 7, 13, 5, 13]",162.24256321727353
6095205,A,244,"[11, 13, 13, 13, 13, 13, 3, 13, 13, 13, 13, 13, 0, 0, 8, 13, 11, 13, 13, 3, 13, 13, 1, 13, 13, 13, 11, 13, 0, 0, 6, 13, 8, 13, 13, 10, 13, 13, 11, 13, 11, 13, 13, 1, 13, 13, 3, 13, 1, 13, 13, 13, 13, 13, 13, 13, 13, 13, 13, 13, 0, 0, 0, 0]",154.0771155108102
6095205,A,48,"[8, 13, 13, 8, 13, 13, 8, 13, 13, 13, 0, 0, 0, 0, 5, 7, 8, 13, 13, 8, 13, 13, 7, 13, 13, 13, 3, 13, 0, 0, 7, 13, 8, 13, 13, 8, 13, 13, 8, 13, 8, 13, 13, 12, 13, 13, 5, 13, 5, 13, 13, 13, 8, 13, 7, 13, 13, 13, 0, 0, 0, 0, 5, 7]",160.6454085730984
6095205,A,60,"[5, 13, 13, 13, 8, 13, 7, 13, 13, 13, 0, 0, 0, 0, 5, 7, 8, 13, 13, 8, 13, 13, 8, 13, 13, 13, 0, 0, 0, 0, 5, 7, 8, 13, 13, 8, 13, 13, 7, 13, 13, 13, 3, 13, 0, 0, 5, 7, 8, 13, 13, 8, 13, 13, 10, 13, 10, 13, 13, 12, 13, 13, 12, 13]",153.41946359850277
6095205,A,76,"[12, 13, 8, 13, 13, 13, 13, 13, 0, 0, 0, 0, 8, 13, 7, 13, 5, 13, 13, 13, 13, 13, 12, 13, 13, 13, 13, 13, 0, 0, 5, 13, 5, 13, 13, 12, 13, 13, 10, 13, 13, 13, 0, 0, 8, 13, 7, 13, 5, 13, 13, 13, 13, 13, 12, 13, 13, 13, 13, 13, 12, 13, 10, 13]",147.972945457076
6095205,A,308,"[5, 13, 1, 13, 3, 13, 3, 13, 13, 13, 0, 0, 5, 13, 6, 13, 8, 13, 8, 13, 8, 13, 1, 13, 13, 13, 13, 13, 0, 0, 5, 13, 5, 13, 6, 13, 5, 13, 3, 13, 13, 13, 1, 13, 12, 13, 10, 13, 10, 13, 13, 13, 13, 13, 5, 13, 13, 13, 13, 13, 0, 0, 1, 13]",176.19223050795478
6095205,A,100,"[12, 13, 8, 13, 10, 13, 10, 13, 13, 13, 0, 0, 8, 13, 10, 13, 12, 13, 12, 13, 3, 13, 5, 13, 13, 13, 1, 13, 12, 13, 12, 13, 12, 13, 8, 13, 10, 13, 10, 13, 13, 13, 0, 0, 12, 13, 1, 13, 3, 13, 3, 13, 3, 13, 8, 13, 13, 13, 13, 13, 0, 0, 12, 13]",182.02234285234692
6095205,A,196,"[3, 13, 3, 13, 3, 13, 8, 13, 13, 13, 13, 13, 0, 0, 12, 13, 12, 13, 1, 13, 12, 13, 10, 13, 13, 13, 8, 13, 7, 13, 5, 13, 5, 13, 13, 13, 13, 13, 12, 13, 13, 13, 13, 13, 0, 0, 8, 13, 3, 13, 13, 8, 13, 13, 7, 13, 13, 13, 8, 13, 8, 13, 13, 13]",144.19804945746552
6095205,A,68,"[8, 13, 13, 8, 13, 13, 7, 13, 13, 13, 3, 13, 0, 0, 5, 7, 8, 13, 13, 8, 13, 13, 10, 13, 10, 13, 13, 12, 13, 13, 12, 13, 12, 13, 8, 13, 13, 13, 13, 13, 0, 0, 0, 0, 8, 13, 7, 13, 5, 13, 13, 13, 13, 13, 12, 13, 13, 13, 13, 13, 0, 0, 5, 13]",149.7034488760969
6095205,A,224,"[0, 0, 0, 0, 0, 0, 0, 0, 0, 0, 3, 13, 8, 13, 10, 13, 11, 13, 13, 13, 13, 13, 3, 13, 13, 13, 13, 13, 0, 0, 8, 13, 11, 13, 13, 3, 13, 13, 1, 13, 13, 13, 11, 13, 0, 0, 6, 13, 8, 13, 13, 10, 13, 13, 11, 13, 11, 13, 13, 3, 13, 13, 1, 13]",174.12402564614274
6095205,A,192,"[12, 13, 8, 13, 10, 13, 10, 13, 13, 13, 0, 0, 12, 13, 1, 13, 3, 13, 3, 13, 3, 13, 8, 13, 13, 13, 13, 13, 0, 0, 12, 13, 12, 13, 1, 13, 12, 13, 10, 13, 13, 13, 8, 13, 7, 13, 5, 13, 5, 13, 13, 13, 13, 13, 12, 13, 13, 13, 13, 13, 0, 0, 8, 13]",155.5777221783925
6095205,A,128,"[0, 0, 0, 0, 0, 0, 0, 0, 0, 0, 0, 0, 0, 0, 5, 7, 8, 13, 13, 8, 13, 13, 8, 13, 13, 13, 0, 0, 0, 0, 5, 7, 8, 13, 13, 8, 13, 13, 7, 13, 13, 13, 3, 13, 0, 0, 0, 0, 8, 13, 13, 8, 13, 13, 8, 13, 8, 13, 13, 12, 13, 13, 5, 13]",178.9167884303712
6095205,A,100,"[12, 13, 8, 13, 10, 13, 10, 13, 13, 13, 0, 0, 8, 13, 10, 13, 12, 13, 12, 13, 3, 13, 5, 13, 13, 13, 1, 13, 12, 13, 12, 13, 12, 13, 8, 13, 10, 13, 10, 13, 13, 13, 0, 0, 12, 13, 1, 13, 3, 13, 3, 13, 3, 13, 8, 13, 13, 13, 13, 13, 0, 0, 12, 13]",178.15392953011732
6095205,A,76,"[12, 13, 8, 13, 13, 13, 13, 13, 0, 0, 0, 0, 8, 13, 7, 13, 5, 13, 13, 13, 13, 13, 12, 13, 13, 13, 13, 13, 0, 0, 5, 13, 5, 13, 13, 12, 13, 13, 10, 13, 13, 13, 0, 0, 8, 13, 7, 13, 5, 13, 13, 13, 13, 13, 12, 13, 13, 13, 13, 13, 12, 13, 10, 13]",181.2417329788181
6095205,A,176,"[10, 13, 8, 13, 13, 13, 13, 13, 0, 0, 0, 0, 8, 13, 10, 13, 12, 13, 12, 13, 3, 13, 5, 13, 13, 13, 1, 13, 12, 13, 12, 13, 12, 13, 8, 13, 10, 13, 10, 13, 13, 13, 0, 0, 8, 13, 10, 13, 12, 13, 12, 13, 3, 13, 5, 13, 13, 13, 1, 13, 12, 13, 12, 13]",163.90639224887155
6095205,A,104,"[12, 13, 12, 13, 3, 13, 5, 13, 13, 13, 1, 13, 12, 13, 12, 13, 12, 13, 8, 13, 10, 13, 10, 13, 13, 13, 0, 0, 12, 13, 1, 13, 3, 13, 3, 13, 3, 13, 8, 13, 13, 13, 13, 13, 0, 0, 12, 13, 12, 13, 1, 13, 12, 13, 10, 13, 13, 13, 8, 13, 7, 13, 5, 13]",171.24793502503798
6095205,A,252,"[8, 13, 13, 10, 13, 13, 11, 13, 11, 13, 13, 1, 13, 13, 3, 13, 1, 13, 13, 13, 13, 13, 13, 13, 13, 13, 13, 13, 0, 0, 0, 0, 3, 13, 13, 5, 1, 13, 3, 13, 13, 13, 0, 0, 1, 13, 3, 13, 5, 13, 5, 13, 8, 13, 10, 13, 13, 13, 6, 13, 5, 13, 5, 13]",158.13689298395477
6095205,A,88,"[5, 13, 13, 13, 13, 13, 12, 13, 13, 13, 13, 13, 12, 13, 10, 13, 10, 13, 8, 13, 13, 13, 13, 13, 0, 0, 0, 0, 8, 13, 10, 13, 12, 13, 12, 13, 3, 13, 5, 13, 13, 13, 1, 13, 12, 13, 12, 13, 12, 13, 8, 13, 10, 13, 10, 13, 13, 13, 0, 0, 8, 13, 10, 13]",142.26016271652543
6095205,A,312,"[8, 13, 8, 13, 8, 13, 1, 13, 13, 13, 13, 13, 0, 0, 5, 13, 5, 13, 6, 13, 5, 13, 3, 13, 13, 13, 1, 13, 12, 13, 10, 13, 10, 13, 13, 13, 13, 13, 5, 13, 13, 13, 13, 13, 0, 0, 1, 13, 8, 13, 13, 1, 13, 13, 12, 13, 13, 13, 1, 13, 1, 13, 13, 13]",165.94125991697217
6095205,A,88,"[5, 13, 13, 13, 13, 13, 12, 13, 13, 13, 13, 13, 12, 13, 10, 13, 10, 13, 8, 13, 13, 13, 13, 13, 0, 0, 0, 0, 8, 13, 10, 13, 12, 13, 12, 13, 3, 13, 5, 13, 13, 13, 1, 13, 12, 13, 12, 13, 12, 13, 8, 13, 10, 13, 10, 13, 13, 13, 0, 0, 8, 13, 10, 13]",155.98642751428332
6095205,A,192,"[12, 13, 8, 13, 10, 13, 10, 13, 13, 13, 0, 0, 12, 13, 1, 13, 3, 13, 3, 13, 3, 13, 8, 13, 13, 13, 13, 13, 0, 0, 12, 13, 12, 13, 1, 13, 12, 13, 10, 13, 13, 13, 8, 13, 7, 13, 5, 13, 5, 13, 13, 13, 13, 13, 12, 13, 13, 13, 13, 13, 0, 0, 8, 13]",159.70200928612152
6095205,A,164,"[5, 13, 13, 13, 13, 13, 12, 13, 13, 13, 13, 13, 0, 0, 5, 13, 5, 13, 13, 12, 13, 13, 10, 13, 13, 13, 0, 0, 8, 13, 7, 13, 5, 13, 13, 13, 13, 13, 12, 13, 13, 13, 13, 13, 12, 13, 10, 13, 10, 13, 8, 13, 13, 13, 13, 13, 0, 0, 0, 0, 8, 13, 10, 13]",176.9027023895193
6095205,A,72,"[8, 13, 13, 8, 13, 13, 10, 13, 10, 13, 13, 12, 13, 13, 12, 13, 12, 13, 8, 13, 13, 13, 13, 13, 0, 0, 0, 0, 8, 13, 7, 13, 5, 13, 13, 13, 13, 13, 12, 13, 13, 13, 13, 13, 0, 0, 5, 13, 5, 13, 13, 12, 13, 13, 10, 13, 13, 13, 0, 0, 8, 13, 7, 13]",149.70951018404443
6095205,A,56,"[8, 13, 13, 8, 13, 13, 8, 13, 8, 13, 13, 12, 13, 13, 5, 13, 5, 13, 13, 13, 8, 13, 7, 13, 13, 13, 0, 0, 0, 0, 5, 7, 8, 13, 13, 8, 13, 13, 8, 13, 13, 13, 0, 0, 0, 0, 5, 7, 8, 13, 13, 8, 13, 13, 7, 13, 13, 13, 3, 13, 0, 0, 5, 7]",165.69361219225863
6095205,A,52,"[8, 13, 13, 8, 13, 13, 7, 13, 13, 13, 3, 13, 0, 0, 7, 13, 8, 13, 13, 8, 13, 13, 8, 13, 8, 13, 13, 12, 13, 13, 5, 13, 5, 13, 13, 13, 8, 13, 7, 13, 13, 13, 0, 0, 0, 0, 5, 7, 8, 13, 13, 8, 13, 13, 8, 13, 13, 13, 0, 0, 0, 0, 5, 7]",173.1299711427472
6095205,A,120,"[5, 13, 13, 13, 13, 13, 12, 13, 13, 13, 13, 13, 0, 0, 8, 13, 3, 13, 13, 8, 13, 13, 7, 13, 13, 13, 8, 13, 8, 13, 13, 13, 0, 0, 0, 0, 0, 0, 0, 0, 0, 0, 0, 0, 0, 0, 5, 7, 8, 13, 13, 8, 13, 13, 8, 13, 13, 13, 0, 0, 0, 0, 5, 7]",157.10993423741547
6095205,A,200,"[12, 13, 1, 13, 12, 13, 10, 13, 13, 13, 8, 13, 7, 13, 5, 13, 5, 13, 13, 13, 13, 13, 12, 13, 13, 13, 13, 13, 0, 0, 8, 13, 3, 13, 13, 8, 13, 13, 7, 13, 13, 13, 8, 13, 8, 13, 13, 13, 0, 0, 0, 0, 8, 13, 8, 8, 13, 8, 5, 13, 0, 0, 0, 0]",156.098128760745
6095205,A,240,"[1, 13, 13, 13, 13, 13, 0, 0, 0, 0, 6, 13, 8, 13, 10, 13, 11, 13, 13, 13, 13, 13, 3, 13, 13, 13, 13, 13, 0, 0, 8, 13, 11, 13, 13, 3, 13, 13, 1, 13, 13, 13, 11, 13, 0, 0, 6, 13, 8, 13, 13, 10, 13, 13, 11, 13, 11, 13, 13, 1, 13, 13, 3, 13]",180.33296973725572
6691243,F#,348,"[5, 13, 13, 13, 13, 13, 13, 13, 13, 13, 13, 13, 13, 13, 13, 13, 3, 13, 13, 13, 13, 13, 13, 13, 5, 13, 13, 13, 1, 13, 13, 13, 1, 13, 13, 13, 1, 13, 13, 13, 13, 13, 13, 13, 13, 13, 13, 13, 3, 13, 13, 13, 13, 13, 13, 13, 13, 13, 13, 13, 5, 13, 13, 13]",81.43190680905037
6691243,F#,336,"[3, 13, 13, 13, 13, 13, 13, 13, 5, 13, 13, 13, 13, 13, 13, 13, 0, 0, 0, 0, 10, 13, 13, 13, 13, 13, 13, 13, 13, 13, 13, 13, 3, 13, 13, 13, 13, 13, 13, 13, 5, 13, 13, 13, 5, 13, 13, 13, 5, 13, 13, 13, 13, 13, 13, 13, 13, 13, 13, 13, 13, 13, 13, 13]",100.19944801688561
6691243,F#,320,"[3, 13, 13, 13, 13, 13, 13, 13, 5, 13, 13, 13, 1, 13, 13, 13, 1, 13, 13, 13, 10, 13, 13, 13, 13, 13, 13, 13, 13, 13, 13, 13, 3, 13, 13, 13, 13, 13, 13, 13, 5, 13, 13, 13, 1, 13, 13, 13, 1, 13, 13, 13, 10, 13, 13, 13, 13, 13, 13, 13, 13, 13, 13, 13]",68.02992198648553
6691243,F#,336,"[3, 13, 13, 13, 13, 13, 13, 13, 5, 13, 13, 13, 13, 13, 13, 13, 0, 0, 0, 0, 10, 13, 13, 13, 13, 13, 13, 13, 13, 13, 13, 13, 3, 13, 13, 13, 13, 13, 13, 13, 5, 13, 13, 13, 5, 13, 13, 13, 5, 13, 13, 13, 13, 13, 13, 13, 13, 13, 13, 13, 13, 13, 13, 13]",65.05858224049095
6691243,F#,360,"[3, 13, 13, 13, 13, 13, 13, 13, 13, 13, 13, 13, 5, 13, 13, 13, 5, 13, 13, 13, 13, 13, 13, 13, 13, 13, 13, 13, 13, 13, 13, 13, 10, 13, 13, 13, 13, 13, 13, 13, 13, 13, 13, 13, 3, 13, 13, 13, 3, 13, 13, 13, 13, 13, 13, 13, 13, 13, 13, 13, 13, 13, 13, 13]",69.30496140830603
6801297,F,268,"[12, 13, 13, 13, 13, 13, 13, 13, 13, 13, 13, 13, 5, 13, 13, 13, 8, 13, 13, 13, 13, 13, 13, 13, 13, 13, 13, 13, 13, 13, 13, 13, 8, 10, 10, 8, 10, 8, 8, 12, 12, 10, 1, 3, 7, 5, 3, 12, 12, 10, 5, 8, 12, 13, 13, 13, 0, 0, 0, 0, 0, 0, 0, 0]",43.86998145818364
6801297,F,0,"[8, 11, 0, 3, 11, 3, 0, 6, 3, 6, 0, 10, 3, 10, 0, 1, 8, 13, 13, 13, 13, 13, 13, 13, 13, 13, 13, 13, 13, 13, 13, 13, 1, 5, 0, 8, 5, 8, 0, 11, 8, 11, 0, 3, 8, 3, 0, 6, 1, 13, 13, 13, 13, 13, 13, 13, 13, 13, 13, 13, 13, 13, 13, 13]",26.031552168591787
7100524,G,148,"[1, 13, 13, 13, 5, 13, 6, 13, 6, 13, 3, 13, 1, 13, 12, 13, 12, 13, 13, 13, 10, 13, 8, 13, 8, 13, 13, 13, 8, 0, 5, 5, 6, 13, 8, 13, 10, 13, 8, 13, 8, 13, 6, 13, 5, 13, 3, 13, 3, 13, 5, 13, 6, 13, 5, 13, 5, 0, 5, 13, 10, 13, 12, 13]",101.77192447870296
7100524,G,236,"[3, 13, 1, 13, 1, 13, 10, 13, 5, 13, 3, 13, 13, 13, 1, 13, 1, 13, 13, 13, 13, 13, 13, 13, 0, 0, 0, 0, 0, 0, 0, 0, 3, 13, 1, 13, 1, 13, 10, 13, 5, 13, 3, 13, 13, 13, 1, 13, 1, 13, 13, 13, 13, 13, 13, 13, 0, 0, 0, 0, 0, 0, 0, 0]",100.59992729199053
7100524,G,120,"[0, 0, 3, 3, 3, 8, 3, 13, 3, 13, 13, 13, 13, 13, 3, 5, 6, 13, 6, 6, 6, 6, 13, 8, 8, 6, 13, 13, 6, 5, 13, 3, 5, 3, 1, 13, 3, 13, 13, 13, 0, 0, 0, 0, 0, 0, 1, 3, 5, 13, 5, 5, 5, 5, 13, 6, 6, 5, 13, 3, 3, 1, 13, 13]",115.25227335401803
7100524,G,96,"[3, 13, 1, 13, 1, 13, 10, 13, 5, 13, 3, 13, 13, 13, 1, 13, 1, 13, 13, 13, 13, 13, 13, 13, 13, 13, 13, 13, 1, 12, 1, 12, 12, 13, 13, 13, 13, 13, 13, 13, 13, 13, 13, 13, 0, 0, 0, 0, 3, 0, 0, 0, 0, 0, 0, 0, 0, 0, 0, 0, 0, 0, 0, 0]",85.43107120271961
7100524,G,124,"[6, 13, 6, 6, 6, 6, 13, 8, 8, 6, 13, 13, 6, 5, 13, 3, 5, 3, 1, 13, 3, 13, 13, 13, 0, 0, 0, 0, 0, 0, 1, 3, 5, 13, 5, 5, 5, 5, 13, 6, 6, 5, 13, 3, 3, 1, 13, 13, 3, 13, 13, 3, 3, 13, 8, 13, 3, 13, 13, 13, 13, 13, 3, 5]",80.84179518530118
7100524,G,24,"[12, 0, 0, 0, 0, 0, 0, 0, 12, 0, 0, 0, 0, 0, 0, 0, 5, 0, 0, 0, 0, 0, 0, 0, 10, 0, 0, 0, 0, 0, 0, 0, 3, 0, 0, 0, 0, 0, 0, 0, 8, 0, 0, 0, 0, 0, 0, 0, 8, 0, 0, 0, 0, 0, 0, 0, 1, 0, 0, 0, 0, 0, 1, 3]",115.6129211768963
7100524,G,92,"[12, 13, 13, 13, 3, 13, 5, 13, 5, 13, 3, 1, 1, 13, 13, 13, 3, 13, 1, 13, 1, 13, 10, 13, 5, 13, 3, 13, 13, 13, 1, 13, 1, 13, 13, 13, 13, 13, 13, 13, 13, 13, 13, 13, 1, 12, 1, 12, 12, 13, 13, 13, 13, 13, 13, 13, 13, 13, 13, 13, 0, 0, 0, 0]",93.0713498705859
7100524,G,24,"[12, 0, 0, 0, 0, 0, 0, 0, 12, 0, 0, 0, 0, 0, 0, 0, 5, 0, 0, 0, 0, 0, 0, 0, 10, 0, 0, 0, 0, 0, 0, 0, 3, 0, 0, 0, 0, 0, 0, 0, 8, 0, 0, 0, 0, 0, 0, 0, 8, 0, 0, 0, 0, 0, 0, 0, 1, 0, 0, 0, 0, 0, 1, 3]",96.69081661639893
7100524,G,20,"[10, 0, 0, 0, 0, 0, 0, 0, 0, 0, 0, 0, 0, 0, 0, 0, 12, 0, 0, 0, 0, 0, 0, 0, 12, 0, 0, 0, 0, 0, 0, 0, 5, 0, 0, 0, 0, 0, 0, 0, 10, 0, 0, 0, 0, 0, 0, 0, 3, 0, 0, 0, 0, 0, 0, 0, 8, 0, 0, 0, 0, 0, 0, 0]",98.07063007559823
7100524,G,132,"[5, 13, 5, 5, 5, 5, 13, 6, 6, 5, 13, 3, 3, 1, 13, 13, 3, 13, 13, 3, 3, 13, 8, 13, 3, 13, 13, 13, 13, 13, 3, 5, 6, 13, 6, 6, 6, 6, 13, 8, 8, 6, 13, 13, 6, 13, 13, 0, 5, 13, 3, 5, 5, 6, 13, 5, 5, 13, 13, 13, 5, 13, 1, 12]",87.41225300042778
7100524,G,124,"[6, 13, 6, 6, 6, 6, 13, 8, 8, 6, 13, 13, 6, 5, 13, 3, 5, 3, 1, 13, 3, 13, 13, 13, 0, 0, 0, 0, 0, 0, 1, 3, 5, 13, 5, 5, 5, 5, 13, 6, 6, 5, 13, 3, 3, 1, 13, 13, 3, 13, 13, 3, 3, 13, 8, 13, 3, 13, 13, 13, 13, 13, 3, 5]",83.0273296509548
7100524,G,88,"[1, 13, 13, 5, 5, 13, 6, 13, 6, 13, 3, 13, 13, 13, 1, 13, 12, 13, 13, 13, 3, 13, 5, 13, 5, 13, 3, 1, 1, 13, 13, 13, 3, 13, 1, 13, 1, 13, 10, 13, 5, 13, 3, 13, 13, 13, 1, 13, 1, 13, 13, 13, 13, 13, 13, 13, 13, 13, 13, 13, 1, 12, 1, 12]",103.96914860968394
7100524,G,144,"[5, 13, 3, 5, 5, 6, 13, 5, 5, 13, 13, 13, 5, 13, 1, 12, 1, 13, 13, 13, 5, 13, 6, 13, 6, 13, 3, 13, 1, 13, 12, 13, 12, 13, 13, 13, 10, 13, 8, 13, 8, 13, 13, 13, 8, 0, 5, 5, 6, 13, 8, 13, 10, 13, 8, 13, 8, 13, 6, 13, 5, 13, 3, 13]",96.41416120365079
7100524,G,8,"[3, 0, 0, 0, 0, 0, 0, 0, 0, 0, 0, 0, 0, 0, 0, 0, 8, 0, 0, 0, 0, 0, 0, 0, 0, 0, 0, 0, 0, 0, 0, 0, 3, 0, 0, 0, 0, 0, 0, 0, 8, 0, 0, 0, 0, 0, 0, 0, 10, 0, 0, 0, 0, 0, 0, 0, 0, 0, 0, 0, 0, 0, 0, 0]",122.04526776093266
7100524,G,48,"[6, 13, 6, 6, 6, 6, 13, 8, 8, 6, 13, 13, 6, 13, 5, 3, 5, 3, 1, 13, 3, 13, 13, 13, 0, 0, 0, 0, 0, 0, 1, 3, 5, 13, 5, 5, 5, 8, 13, 6, 6, 5, 13, 3, 3, 1, 13, 13, 0, 0, 3, 3, 3, 8, 13, 3, 3, 13, 13, 13, 13, 13, 3, 5]",92.62887439041594
7100524,G,36,"[8, 0, 0, 0, 0, 0, 0, 0, 1, 0, 0, 0, 0, 0, 1, 3, 5, 13, 5, 5, 5, 8, 13, 6, 6, 5, 13, 3, 3, 1, 13, 13, 0, 0, 3, 3, 3, 8, 13, 3, 3, 13, 13, 13, 3, 13, 0, 5, 6, 13, 6, 6, 6, 6, 13, 8, 8, 6, 13, 13, 6, 13, 5, 3]",121.07112898365045
7100524,G,32,"[3, 0, 0, 0, 0, 0, 0, 0, 8, 0, 0, 0, 0, 0, 0, 0, 8, 0, 0, 0, 0, 0, 0, 0, 1, 0, 0, 0, 0, 0, 1, 3, 5, 13, 5, 5, 5, 8, 13, 6, 6, 5, 13, 3, 3, 1, 13, 13, 0, 0, 3, 3, 3, 8, 13, 3, 3, 13, 13, 13, 3, 13, 0, 5]",87.80537211588211
7100524,G,156,"[6, 13, 8, 13, 10, 13, 8, 13, 8, 13, 6, 13, 5, 13, 3, 13, 3, 13, 5, 13, 6, 13, 5, 13, 5, 0, 5, 13, 10, 13, 12, 13, 1, 13, 13, 5, 5, 13, 6, 13, 6, 13, 3, 13, 13, 13, 1, 13, 12, 13, 13, 13, 3, 13, 5, 13, 5, 13, 3, 1, 1, 13, 13, 0]",97.71431175839678
7100524,G,52,"[5, 3, 1, 13, 3, 13, 13, 13, 0, 0, 0, 0, 0, 0, 1, 3, 5, 13, 5, 5, 5, 8, 13, 6, 6, 5, 13, 3, 3, 1, 13, 13, 0, 0, 3, 3, 3, 8, 13, 3, 3, 13, 13, 13, 13, 13, 3, 5, 6, 13, 6, 6, 6, 13, 0, 8, 13, 6, 13, 13, 6, 13, 13, 5]",110.74569089502668
7100524,G,32,"[3, 0, 0, 0, 0, 0, 0, 0, 8, 0, 0, 0, 0, 0, 0, 0, 8, 0, 0, 0, 0, 0, 0, 0, 1, 0, 0, 0, 0, 0, 1, 3, 5, 13, 5, 5, 5, 8, 13, 6, 6, 5, 13, 3, 3, 1, 13, 13, 0, 0, 3, 3, 3, 8, 13, 3, 3, 13, 13, 13, 3, 13, 0, 5]",80.57336583333898
7100524,G,188,"[4, 13, 3, 13, 1, 13, 11, 13, 3, 13, 1, 13, 13, 13, 6, 13, 6, 13, 13, 13, 13, 13, 13, 13, 0, 0, 0, 0, 0, 0, 0, 0, 11, 13, 11, 13, 11, 13, 10, 13, 10, 13, 6, 13, 6, 13, 6, 13, 1, 13, 1, 13, 1, 13, 12, 13, 12, 13, 1, 3, 3, 13, 13, 13]",106.6040857645904
7100524,G,172,"[3, 13, 1, 13, 1, 13, 10, 13, 5, 13, 3, 13, 13, 13, 1, 13, 1, 13, 13, 13, 13, 13, 13, 13, 0, 0, 0, 0, 0, 0, 0, 0, 11, 13, 11, 13, 11, 13, 10, 13, 10, 13, 8, 6, 6, 13, 13, 13, 1, 13, 1, 13, 1, 13, 11, 13, 11, 13, 10, 8, 8, 13, 13, 13]",117.95301899521202
7100524,G,128,"[5, 3, 1, 13, 3, 13, 13, 13, 0, 0, 0, 0, 0, 0, 1, 3, 5, 13, 5, 5, 5, 5, 13, 6, 6, 5, 13, 3, 3, 1, 13, 13, 3, 13, 13, 3, 3, 13, 8, 13, 3, 13, 13, 13, 13, 13, 3, 5, 6, 13, 6, 6, 6, 6, 13, 8, 8, 6, 13, 13, 6, 13, 13, 0]",117.27804906019735
7100524,G,4,"[8, 0, 0, 0, 0, 0, 0, 0, 0, 0, 0, 0, 0, 0, 0, 0, 3, 0, 0, 0, 0, 0, 0, 0, 0, 0, 0, 0, 0, 0, 0, 0, 8, 0, 0, 0, 0, 0, 0, 0, 0, 0, 0, 0, 0, 0, 0, 0, 3, 0, 0, 0, 0, 0, 0, 0, 8, 0, 0, 0, 0, 0, 0, 0]",92.70420778919245
7100524,G,8,"[3, 0, 0, 0, 0, 0, 0, 0, 0, 0, 0, 0, 0, 0, 0, 0, 8, 0, 0, 0, 0, 0, 0, 0, 0, 0, 0, 0, 0, 0, 0, 0, 3, 0, 0, 0, 0, 0, 0, 0, 8, 0, 0, 0, 0, 0, 0, 0, 10, 0, 0, 0, 0, 0, 0, 0, 0, 0, 0, 0, 0, 0, 0, 0]",103.40761172340171
7100524,G,4,"[8, 0, 0, 0, 0, 0, 0, 0, 0, 0, 0, 0, 0, 0, 0, 0, 3, 0, 0, 0, 0, 0, 0, 0, 0, 0, 0, 0, 0, 0, 0, 0, 8, 0, 0, 0, 0, 0, 0, 0, 0, 0, 0, 0, 0, 0, 0, 0, 3, 0, 0, 0, 0, 0, 0, 0, 8, 0, 0, 0, 0, 0, 0, 0]",111.0279746651547
7100524,G,4,"[8, 0, 0, 0, 0, 0, 0, 0, 0, 0, 0, 0, 0, 0, 0, 0, 3, 0, 0, 0, 0, 0, 0, 0, 0, 0, 0, 0, 0, 0, 0, 0, 8, 0, 0, 0, 0, 0, 0, 0, 0, 0, 0, 0, 0, 0, 0, 0, 3, 0, 0, 0, 0, 0, 0, 0, 8, 0, 0, 0, 0, 0, 0, 0]",101.945537656343
7100524,G,160,"[3, 13, 5, 13, 6, 13, 5, 13, 5, 0, 5, 13, 10, 13, 12, 13, 1, 13, 13, 5, 5, 13, 6, 13, 6, 13, 3, 13, 13, 13, 1, 13, 12, 13, 13, 13, 3, 13, 5, 13, 5, 13, 3, 1, 1, 13, 13, 0, 3, 13, 1, 13, 1, 13, 10, 13, 5, 13, 3, 13, 13, 13, 1, 13]",116.48834722474723
7100524,G,36,"[8, 0, 0, 0, 0, 0, 0, 0, 1, 0, 0, 0, 0, 0, 1, 3, 5, 13, 5, 5, 5, 8, 13, 6, 6, 5, 13, 3, 3, 1, 13, 13, 0, 0, 3, 3, 3, 8, 13, 3, 3, 13, 13, 13, 3, 13, 0, 5, 6, 13, 6, 6, 6, 6, 13, 8, 8, 6, 13, 13, 6, 13, 5, 3]",92.74966759879895
7100524,G,188,"[4, 13, 3, 13, 1, 13, 11, 13, 3, 13, 1, 13, 13, 13, 6, 13, 6, 13, 13, 13, 13, 13, 13, 13, 0, 0, 0, 0, 0, 0, 0, 0, 11, 13, 11, 13, 11, 13, 10, 13, 10, 13, 6, 13, 6, 13, 6, 13, 1, 13, 1, 13, 1, 13, 12, 13, 12, 13, 1, 3, 3, 13, 13, 13]",118.07251335189197
7100524,G,132,"[5, 13, 5, 5, 5, 5, 13, 6, 6, 5, 13, 3, 3, 1, 13, 13, 3, 13, 13, 3, 3, 13, 8, 13, 3, 13, 13, 13, 13, 13, 3, 5, 6, 13, 6, 6, 6, 6, 13, 8, 8, 6, 13, 13, 6, 13, 13, 0, 5, 13, 3, 5, 5, 6, 13, 5, 5, 13, 13, 13, 5, 13, 1, 12]",92.3452917685849
20297599,G,108,"[10, 7, 13, 13, 0, 0, 0, 0, 8, 13, 13, 13, 7, 13, 13, 13, 5, 13, 12, 13, 12, 12, 12, 12, 12, 5, 5, 5, 5, 13, 3, 5, 5, 1, 13, 13, 1, 1, 1, 1, 5, 5, 5, 5, 5, 13, 7, 8, 8, 3, 13, 13, 3, 3, 3, 3, 3, 8, 8, 8, 8, 13, 10, 10]",5.090599110997985
20297599,G,32,"[5, 13, 13, 13, 5, 12, 5, 7, 8, 13, 10, 13, 8, 13, 7, 13, 1, 13, 13, 8, 8, 13, 8, 13, 8, 13, 13, 13, 13, 13, 13, 13, 8, 13, 3, 13, 8, 13, 3, 13, 8, 13, 3, 13, 8, 13, 10, 7, 7, 13, 13, 13, 0, 0, 0, 0, 0, 0, 0, 0, 0, 0, 0, 0]",-15.032077373678732
20297599,G,272,"[12, 10, 13, 13, 10, 10, 10, 10, 10, 10, 10, 10, 7, 13, 8, 13, 12, 10, 12, 10, 12, 13, 10, 12, 12, 10, 12, 10, 12, 13, 1, 1, 1, 8, 13, 13, 8, 13, 13, 8, 1, 1, 1, 1, 1, 13, 3, 1, 1, 12, 13, 13, 12, 13, 13, 13, 12, 12, 12, 12, 0, 3, 1, 12]",11.405183140625127
20297599,G,152,"[1, 12, 13, 13, 12, 13, 13, 13, 12, 12, 12, 12, 0, 3, 1, 12, 12, 10, 13, 10, 13, 13, 13, 0, 0, 0, 8, 8, 8, 8, 8, 8, 8, 7, 5, 0, 8, 0, 5, 0, 7, 5, 5, 8, 8, 8, 5, 8, 5, 0, 8, 0, 8, 0, 8, 0, 5, 13, 10, 10, 10, 10, 10, 10]",-9.63967805321208
20297599,G,236,"[8, 13, 3, 13, 13, 3, 3, 3, 3, 8, 8, 8, 8, 8, 13, 10, 10, 7, 13, 13, 0, 0, 0, 0, 8, 13, 13, 13, 7, 13, 13, 13, 5, 13, 12, 13, 12, 12, 12, 12, 5, 5, 5, 5, 5, 13, 3, 5, 5, 1, 13, 13, 1, 1, 1, 1, 5, 5, 5, 5, 5, 13, 7, 8]",-3.6601977629700286
20297599,G,36,"[1, 13, 13, 8, 8, 13, 8, 13, 8, 13, 13, 13, 13, 13, 13, 13, 8, 13, 3, 13, 8, 13, 3, 13, 8, 13, 3, 13, 8, 13, 10, 7, 7, 13, 13, 13, 0, 0, 0, 0, 0, 0, 0, 0, 0, 0, 0, 0, 5, 13, 13, 13, 5, 12, 5, 7, 8, 13, 10, 13, 8, 13, 7, 13]",0.8411892892091544
20297599,G,288,"[12, 10, 13, 10, 13, 13, 13, 8, 13, 13, 13, 7, 13, 13, 13, 0, 5, 13, 12, 13, 12, 12, 12, 12, 12, 5, 5, 5, 5, 13, 3, 5, 5, 1, 13, 13, 1, 1, 1, 1, 5, 5, 5, 5, 5, 13, 7, 8, 8, 3, 13, 13, 3, 3, 3, 3, 3, 8, 8, 8, 8, 13, 10, 10]",-7.586193510701179
20297599,G,20,"[5, 13, 8, 1, 1, 5, 8, 13, 5, 13, 13, 13, 8, 13, 0, 0, 8, 13, 12, 3, 3, 8, 12, 13, 8, 13, 12, 3, 8, 7, 5, 3, 10, 13, 13, 13, 13, 13, 0, 12, 13, 13, 13, 8, 13, 13, 10, 7, 5, 13, 8, 13, 5, 12, 5, 7, 8, 13, 10, 13, 8, 13, 7, 13]",5.000978343488029
20297599,G,280,"[1, 8, 13, 13, 8, 13, 13, 8, 1, 1, 1, 1, 1, 13, 3, 1, 1, 12, 13, 13, 12, 13, 13, 13, 12, 12, 12, 12, 0, 3, 1, 12, 12, 10, 13, 10, 13, 13, 13, 8, 13, 13, 13, 7, 13, 13, 13, 0, 5, 13, 12, 13, 12, 12, 12, 12, 12, 5, 5, 5, 5, 13, 3, 5]",-27.616651524461844
20297599,G,280,"[1, 8, 13, 13, 8, 13, 13, 8, 1, 1, 1, 1, 1, 13, 3, 1, 1, 12, 13, 13, 12, 13, 13, 13, 12, 12, 12, 12, 0, 3, 1, 12, 12, 10, 13, 10, 13, 13, 13, 8, 13, 13, 13, 7, 13, 13, 13, 0, 5, 13, 12, 13, 12, 12, 12, 12, 12, 5, 5, 5, 5, 13, 3, 5]",10.741036969802508
20297599,G,276,"[12, 10, 12, 10, 12, 13, 10, 12, 12, 10, 12, 10, 12, 13, 1, 1, 1, 8, 13, 13, 8, 13, 13, 8, 1, 1, 1, 1, 1, 13, 3, 1, 1, 12, 13, 13, 12, 13, 13, 13, 12, 12, 12, 12, 0, 3, 1, 12, 12, 10, 13, 10, 13, 13, 13, 8, 13, 13, 13, 7, 13, 13, 13, 0]",7.6692526921059425
20297599,G,224,"[5, 13, 13, 13, 13, 13, 13, 13, 8, 13, 13, 13, 7, 13, 13, 13, 5, 13, 12, 13, 12, 12, 12, 12, 5, 5, 5, 5, 5, 13, 3, 5, 5, 1, 13, 13, 1, 1, 1, 1, 5, 5, 5, 5, 5, 13, 7, 8, 8, 13, 3, 13, 13, 3, 3, 3, 3, 8, 8, 8, 8, 8, 13, 10]",4.68665623135162
20297599,G,220,"[7, 13, 7, 7, 7, 7, 7, 5, 8, 13, 7, 13, 5, 13, 5, 13, 5, 13, 13, 13, 13, 13, 13, 13, 8, 13, 13, 13, 7, 13, 13, 13, 5, 13, 12, 13, 12, 12, 12, 12, 5, 5, 5, 5, 5, 13, 3, 5, 5, 1, 13, 13, 1, 1, 1, 1, 5, 5, 5, 5, 5, 13, 7, 8]",-6.3726330694914
20297599,G,276,"[12, 10, 12, 10, 12, 13, 10, 12, 12, 10, 12, 10, 12, 13, 1, 1, 1, 8, 13, 13, 8, 13, 13, 8, 1, 1, 1, 1, 1, 13, 3, 1, 1, 12, 13, 13, 12, 13, 13, 13, 12, 12, 12, 12, 0, 3, 1, 12, 12, 10, 13, 10, 13, 13, 13, 8, 13, 13, 13, 7, 13, 13, 13, 0]",-15.498798085638825
20297599,G,80,"[5, 13, 13, 13, 5, 12, 5, 7, 8, 7, 8, 7, 8, 13, 7, 13, 5, 13, 13, 13, 5, 5, 5, 7, 8, 7, 8, 7, 8, 13, 10, 3, 3, 13, 13, 13, 3, 3, 3, 3, 8, 7, 8, 7, 8, 13, 10, 10, 10, 7, 13, 13, 7, 13, 13, 13, 8, 13, 13, 13, 7, 13, 13, 13]",-15.2559128171698
20297599,G,120,"[8, 3, 13, 13, 3, 3, 3, 3, 3, 8, 8, 8, 8, 13, 10, 10, 10, 7, 13, 13, 0, 0, 0, 0, 10, 13, 13, 13, 10, 13, 13, 13, 12, 10, 12, 10, 12, 13, 10, 12, 12, 10, 12, 10, 12, 13, 1, 1, 1, 8, 13, 13, 8, 13, 13, 8, 1, 1, 1, 1, 1, 13, 3, 1]",13.24695485554004
20297599,G,196,"[5, 13, 1, 1, 8, 13, 8, 8, 5, 13, 5, 13, 10, 10, 10, 8, 10, 13, 8, 13, 10, 10, 10, 8, 10, 13, 8, 13, 8, 8, 8, 8, 7, 13, 7, 7, 7, 7, 7, 5, 8, 13, 5, 12, 8, 13, 8, 7, 5, 13, 5, 13, 8, 8, 8, 7, 5, 13, 5, 13, 8, 8, 8, 7]",4.9996794917850025
20297599,G,300,"[8, 3, 13, 13, 3, 3, 3, 3, 3, 8, 8, 8, 8, 13, 10, 10, 10, 7, 13, 13, 0, 0, 0, 0, 0, 0, 5, 13, 8, 13, 8, 8, 5, 13, 5, 13, 8, 8, 8, 7, 5, 13, 5, 13, 8, 8, 8, 7, 5, 13, 1, 1, 8, 13, 8, 8, 5, 13, 5, 1, 1, 1, 3, 1]",4.760257827857416
20297599,G,256,"[10, 7, 13, 13, 0, 0, 0, 0, 10, 13, 13, 13, 10, 13, 13, 13, 12, 10, 12, 10, 12, 13, 10, 12, 12, 10, 12, 10, 12, 13, 1, 1, 1, 8, 13, 13, 8, 13, 13, 8, 1, 1, 1, 1, 1, 13, 3, 1, 1, 12, 13, 13, 12, 13, 13, 13, 12, 12, 12, 12, 0, 3, 1, 12]",-21.805156054480022
20297599,G,20,"[5, 13, 8, 1, 1, 5, 8, 13, 5, 13, 13, 13, 8, 13, 0, 0, 8, 13, 12, 3, 3, 8, 12, 13, 8, 13, 12, 3, 8, 7, 5, 3, 10, 13, 13, 13, 13, 13, 0, 12, 13, 13, 13, 8, 13, 13, 10, 7, 5, 13, 8, 13, 5, 12, 5, 7, 8, 13, 10, 13, 8, 13, 7, 13]",-22.99317241219663
20297599,G,24,"[8, 13, 12, 3, 3, 8, 12, 13, 8, 13, 12, 3, 8, 7, 5, 3, 10, 13, 13, 13, 13, 13, 0, 12, 13, 13, 13, 8, 13, 13, 10, 7, 5, 13, 8, 13, 5, 12, 5, 7, 8, 13, 10, 13, 8, 13, 7, 13, 1, 13, 13, 8, 8, 13, 8, 13, 8, 13, 13, 13, 13, 13, 13, 13]",-7.7078526202195405
20297599,G,88,"[3, 13, 13, 13, 3, 3, 3, 3, 8, 7, 8, 7, 8, 13, 10, 10, 10, 7, 13, 13, 7, 13, 13, 13, 8, 13, 13, 13, 7, 13, 13, 13, 5, 13, 12, 13, 12, 12, 12, 12, 12, 5, 5, 5, 5, 13, 3, 5, 5, 1, 13, 13, 1, 1, 1, 1, 5, 5, 5, 5, 5, 13, 7, 8]",-20.66389835807297
20297599,G,332,"[1, 12, 13, 12, 13, 13, 13, 0, 0, 0, 12, 12, 12, 12, 3, 1, 12, 10, 13, 13, 0, 0, 0, 0, 8, 13, 13, 13, 7, 13, 13, 13, 7, 13, 5, 13, 13, 13, 5, 13, 12, 13, 13, 13, 13, 13, 13, 13, 5, 13, 13, 13, 13, 13, 13, 13, 13, 13, 13, 13, 13, 13, 13, 13]",-3.6805464396510246
20297599,G,28,"[10, 13, 13, 13, 13, 13, 0, 12, 13, 13, 13, 8, 13, 13, 10, 7, 5, 13, 8, 13, 5, 12, 5, 7, 8, 13, 10, 13, 8, 13, 7, 13, 1, 13, 13, 8, 8, 13, 8, 13, 8, 13, 13, 13, 13, 13, 13, 13, 8, 13, 3, 13, 8, 13, 3, 13, 8, 13, 3, 13, 8, 13, 10, 7]",-6.456192529053823
20297599,G,104,"[8, 3, 13, 13, 3, 3, 3, 3, 3, 8, 8, 8, 8, 13, 10, 10, 10, 7, 13, 13, 0, 0, 0, 0, 8, 13, 13, 13, 7, 13, 13, 13, 5, 13, 12, 13, 12, 12, 12, 12, 12, 5, 5, 5, 5, 13, 3, 5, 5, 1, 13, 13, 1, 1, 1, 1, 5, 5, 5, 5, 5, 13, 7, 8]",2.120991167274127
20297599,G,48,"[5, 13, 13, 13, 5, 12, 5, 7, 8, 13, 10, 13, 8, 13, 7, 13, 1, 13, 13, 8, 8, 13, 8, 13, 8, 13, 13, 13, 13, 13, 13, 13, 8, 13, 3, 13, 8, 13, 3, 13, 8, 13, 3, 13, 8, 13, 10, 7, 7, 13, 13, 13, 0, 0, 0, 12, 13, 13, 13, 8, 13, 13, 10, 7]",-1.114015474438176
20297599,G,260,"[12, 10, 12, 10, 12, 13, 10, 12, 12, 10, 12, 10, 12, 13, 1, 1, 1, 8, 13, 13, 8, 13, 13, 8, 1, 1, 1, 1, 1, 13, 3, 1, 1, 12, 13, 13, 12, 13, 13, 13, 12, 12, 12, 12, 0, 3, 1, 12, 12, 10, 13, 13, 10, 10, 10, 10, 10, 10, 10, 10, 7, 13, 8, 13]",1.0498714628313905
20297599,G,224,"[5, 13, 13, 13, 13, 13, 13, 13, 8, 13, 13, 13, 7, 13, 13, 13, 5, 13, 12, 13, 12, 12, 12, 12, 5, 5, 5, 5, 5, 13, 3, 5, 5, 1, 13, 13, 1, 1, 1, 1, 5, 5, 5, 5, 5, 13, 7, 8, 8, 13, 3, 13, 13, 3, 3, 3, 3, 8, 8, 8, 8, 8, 13, 10]",-21.399481372562946
20297599,G,200,"[10, 13, 8, 13, 10, 10, 10, 8, 10, 13, 8, 13, 8, 8, 8, 8, 7, 13, 7, 7, 7, 7, 7, 5, 8, 13, 5, 12, 8, 13, 8, 7, 5, 13, 5, 13, 8, 8, 8, 7, 5, 13, 5, 13, 8, 8, 8, 7, 5, 13, 1, 1, 8, 13, 8, 8, 5, 13, 5, 13, 10, 10, 10, 8]",-3.5645156875125394
20297599,G,220,"[7, 13, 7, 7, 7, 7, 7, 5, 8, 13, 7, 13, 5, 13, 5, 13, 5, 13, 13, 13, 13, 13, 13, 13, 8, 13, 13, 13, 7, 13, 13, 13, 5, 13, 12, 13, 12, 12, 12, 12, 5, 5, 5, 5, 5, 13, 3, 5, 5, 1, 13, 13, 1, 1, 1, 1, 5, 5, 5, 5, 5, 13, 7, 8]",12.360705043497063
20297599,G,216,"[10, 13, 8, 13, 10, 10, 10, 8, 10, 13, 8, 13, 8, 8, 8, 8, 7, 13, 7, 7, 7, 7, 7, 5, 8, 13, 7, 13, 5, 13, 5, 13, 5, 13, 13, 13, 13, 13, 13, 13, 8, 13, 13, 13, 7, 13, 13, 13, 5, 13, 12, 13, 12, 12, 12, 12, 5, 5, 5, 5, 5, 13, 3, 5]",-9.656563125351653
20297599,G,148,"[1, 8, 13, 13, 8, 13, 13, 8, 1, 1, 1, 1, 1, 13, 3, 1, 1, 12, 13, 13, 12, 13, 13, 13, 12, 12, 12, 12, 0, 3, 1, 12, 12, 10, 13, 10, 13, 13, 13, 0, 0, 0, 8, 8, 8, 8, 8, 8, 8, 7, 5, 0, 8, 0, 5, 0, 7, 5, 5, 8, 8, 8, 5, 8]",-12.005752905588665
20297599,G,112,"[5, 13, 12, 13, 12, 12, 12, 12, 12, 5, 5, 5, 5, 13, 3, 5, 5, 1, 13, 13, 1, 1, 1, 1, 5, 5, 5, 5, 5, 13, 7, 8, 8, 3, 13, 13, 3, 3, 3, 3, 3, 8, 8, 8, 8, 13, 10, 10, 10, 7, 13, 13, 0, 0, 0, 0, 10, 13, 13, 13, 10, 13, 13, 13]",-14.9099853135927
20297599,G,40,"[8, 13, 3, 13, 8, 13, 3, 13, 8, 13, 3, 13, 8, 13, 10, 7, 7, 13, 13, 13, 0, 0, 0, 0, 0, 0, 0, 0, 0, 0, 0, 0, 5, 13, 13, 13, 5, 12, 5, 7, 8, 13, 10, 13, 8, 13, 7, 13, 1, 13, 13, 8, 8, 13, 8, 13, 8, 13, 13, 13, 13, 13, 13, 13]",-17.178213337673355
20297599,G,196,"[5, 13, 1, 1, 8, 13, 8, 8, 5, 13, 5, 13, 10, 10, 10, 8, 10, 13, 8, 13, 10, 10, 10, 8, 10, 13, 8, 13, 8, 8, 8, 8, 7, 13, 7, 7, 7, 7, 7, 5, 8, 13, 5, 12, 8, 13, 8, 7, 5, 13, 5, 13, 8, 8, 8, 7, 5, 13, 5, 13, 8, 8, 8, 7]",-20.601986426894584
20297599,G,108,"[10, 7, 13, 13, 0, 0, 0, 0, 8, 13, 13, 13, 7, 13, 13, 13, 5, 13, 12, 13, 12, 12, 12, 12, 12, 5, 5, 5, 5, 13, 3, 5, 5, 1, 13, 13, 1, 1, 1, 1, 5, 5, 5, 5, 5, 13, 7, 8, 8, 3, 13, 13, 3, 3, 3, 3, 3, 8, 8, 8, 8, 13, 10, 10]",4.517805509956048
20297599,G,184,"[12, 12, 12, 3, 12, 13, 10, 13, 10, 13, 10, 10, 10, 10, 8, 13, 8, 13, 8, 8, 5, 8, 13, 5, 13, 0, 0, 5, 13, 13, 13, 8, 5, 8, 5, 13, 8, 8, 8, 7, 5, 13, 5, 13, 8, 8, 8, 7, 5, 13, 1, 1, 8, 13, 8, 8, 5, 13, 5, 13, 10, 10, 10, 8]",-16.13826607410364
20297599,G,56,"[8, 13, 3, 13, 8, 13, 3, 13, 8, 13, 3, 13, 8, 13, 10, 7, 7, 13, 13, 13, 0, 0, 0, 12, 13, 13, 13, 8, 13, 13, 10, 7, 5, 13, 8, 13, 12, 12, 5, 7, 8, 7, 8, 7, 8, 13, 7, 13, 5, 13, 13, 13, 5, 5, 5, 7, 8, 7, 8, 7, 8, 13, 10, 13]",-2.42672159564691
20297599,G,232,"[5, 1, 13, 13, 1, 1, 1, 1, 5, 5, 5, 5, 5, 13, 7, 8, 8, 13, 3, 13, 13, 3, 3, 3, 3, 8, 8, 8, 8, 8, 13, 10, 10, 7, 13, 13, 0, 0, 0, 0, 8, 13, 13, 13, 7, 13, 13, 13, 5, 13, 12, 13, 12, 12, 12, 12, 5, 5, 5, 5, 5, 13, 3, 5]",-8.729615959946656
20297599,G,20,"[5, 13, 8, 1, 1, 5, 8, 13, 5, 13, 13, 13, 8, 13, 0, 0, 8, 13, 12, 3, 3, 8, 12, 13, 8, 13, 12, 3, 8, 7, 5, 3, 10, 13, 13, 13, 13, 13, 0, 12, 13, 13, 13, 8, 13, 13, 10, 7, 5, 13, 8, 13, 5, 12, 5, 7, 8, 13, 10, 13, 8, 13, 7, 13]",8.587973796724967
20297599,G,56,"[8, 13, 3, 13, 8, 13, 3, 13, 8, 13, 3, 13, 8, 13, 10, 7, 7, 13, 13, 13, 0, 0, 0, 12, 13, 13, 13, 8, 13, 13, 10, 7, 5, 13, 8, 13, 12, 12, 5, 7, 8, 7, 8, 7, 8, 13, 7, 13, 5, 13, 13, 13, 5, 5, 5, 7, 8, 7, 8, 7, 8, 13, 10, 13]",-23.62614614214624
20297599,G,12,"[12, 13, 13, 13, 13, 13, 0, 12, 13, 13, 13, 8, 13, 13, 10, 7, 5, 13, 8, 12, 12, 5, 8, 13, 5, 13, 13, 13, 8, 13, 0, 0, 5, 13, 8, 1, 1, 5, 8, 13, 5, 13, 13, 13, 8, 13, 0, 0, 8, 13, 12, 3, 3, 8, 12, 13, 8, 13, 12, 3, 8, 7, 5, 3]",-15.48277891463465
20297599,G,128,"[12, 10, 12, 10, 12, 13, 10, 12, 12, 10, 12, 10, 12, 13, 1, 1, 1, 8, 13, 13, 8, 13, 13, 8, 1, 1, 1, 1, 1, 13, 3, 1, 1, 12, 13, 13, 12, 13, 13, 13, 12, 12, 12, 12, 0, 3, 1, 12, 12, 10, 13, 13, 10, 10, 10, 10, 10, 10, 10, 10, 7, 13, 8, 13]",12.09054388926414
11447569,F,144,"[8, 13, 10, 13, 1, 13, 5, 13, 8, 13, 13, 13, 9, 13, 10, 13, 6, 13, 13, 13, 6, 6, 13, 13, 12, 13, 13, 13, 12, 13, 1, 13, 1, 13, 1, 13, 6, 13, 3, 13, 5, 13, 13, 13, 5, 13, 6, 13, 8, 10, 0, 8, 7, 13, 8, 13, 10, 13, 1, 13, 3, 13, 1, 13]",195.20568763823286
11447569,F,192,"[8, 13, 8, 13, 8, 13, 13, 13, 6, 8, 0, 9, 10, 1, 0, 3, 4, 5, 0, 6, 4, 5, 0, 6, 4, 5, 0, 5, 4, 3, 0, 2, 1, 13, 10, 13, 12, 13, 1, 13, 2, 13, 10, 13, 11, 13, 9, 13, 10, 13, 12, 13, 1, 13, 11, 13, 12, 13, 1, 13, 12, 13, 10, 13]",160.08690234078992
11447569,F,44,"[5, 5, 0, 0, 5, 13, 13, 13, 3, 13, 13, 13, 1, 13, 10, 13, 10, 13, 1, 13, 6, 5, 0, 3, 2, 13, 13, 13, 10, 13, 12, 13, 1, 3, 0, 1, 12, 13, 1, 13, 12, 13, 13, 13, 13, 13, 10, 13, 8, 13, 10, 13, 1, 13, 5, 13, 8, 13, 13, 13, 9, 13, 10, 13]",160.34537382969546
11447569,F,312,"[8, 13, 10, 13, 1, 13, 5, 13, 8, 13, 13, 13, 13, 13, 13, 13, 8, 13, 13, 13, 13, 13, 13, 13, 13, 13, 13, 13, 9, 13, 10, 13, 6, 13, 13, 13, 6, 13, 10, 13, 12, 13, 13, 13, 13, 13, 13, 13, 1, 13, 13, 13, 13, 13, 13, 13, 13, 13, 13, 13, 13, 13, 13, 13]",161.66240945658103
11447569,F,112,"[12, 1, 0, 12, 10, 12, 0, 10, 10, 13, 13, 13, 8, 13, 10, 13, 12, 13, 1, 13, 3, 13, 5, 13, 3, 13, 1, 13, 12, 13, 1, 13, 3, 13, 6, 13, 6, 10, 0, 1, 12, 13, 13, 13, 5, 13, 6, 13, 8, 10, 0, 8, 7, 13, 8, 13, 10, 13, 13, 13, 1, 13, 13, 13]",181.93575273881072
11447569,F,204,"[10, 13, 12, 13, 1, 13, 11, 13, 12, 13, 1, 13, 12, 13, 10, 13, 8, 13, 10, 13, 1, 13, 5, 8, 8, 13, 13, 13, 10, 11, 9, 10, 6, 13, 13, 13, 13, 13, 13, 13, 12, 13, 13, 13, 12, 13, 1, 13, 8, 0, 1, 13, 6, 13, 3, 13, 5, 13, 13, 13, 1, 13, 3, 13]",184.3542146098767
11447569,F,200,"[1, 13, 10, 13, 12, 13, 1, 13, 2, 13, 10, 13, 11, 13, 9, 13, 10, 13, 12, 13, 1, 13, 11, 13, 12, 13, 1, 13, 12, 13, 10, 13, 8, 13, 10, 13, 1, 13, 5, 8, 8, 13, 13, 13, 10, 11, 9, 10, 6, 13, 13, 13, 13, 13, 13, 13, 12, 13, 13, 13, 12, 13, 1, 13]",194.62380207526962
11447569,F,120,"[3, 13, 6, 13, 6, 10, 0, 1, 12, 13, 13, 13, 5, 13, 6, 13, 8, 10, 0, 8, 7, 13, 8, 13, 10, 13, 13, 13, 1, 13, 13, 13, 5, 13, 13, 13, 8, 13, 13, 13, 6, 0, 6, 13, 0, 12, 13, 13, 5, 13, 5, 13, 0, 5, 13, 13, 3, 13, 13, 13, 1, 13, 10, 13]",175.30944430045326
11447569,F,244,"[8, 10, 0, 8, 7, 13, 8, 13, 10, 13, 13, 13, 1, 13, 13, 13, 5, 13, 13, 13, 8, 13, 13, 13, 6, 0, 6, 13, 0, 12, 13, 13, 5, 13, 5, 13, 0, 5, 13, 13, 3, 13, 13, 13, 1, 13, 10, 13, 10, 13, 1, 13, 6, 5, 0, 3, 2, 13, 13, 13, 10, 13, 12, 13]",189.1733873787337
11447569,F,176,"[8, 13, 7, 13, 6, 13, 8, 13, 5, 13, 8, 13, 1, 13, 5, 13, 12, 0, 3, 13, 12, 8, 0, 3, 11, 12, 0, 10, 10, 13, 7, 13, 8, 13, 7, 13, 6, 10, 0, 1, 5, 13, 3, 13, 5, 13, 6, 13, 8, 13, 5, 13, 5, 13, 1, 13, 1, 13, 1, 13, 12, 13, 10, 13]",200.0833087337268
11447569,F,288,"[10, 13, 1, 13, 6, 5, 0, 3, 2, 13, 13, 13, 10, 13, 12, 13, 1, 3, 0, 1, 12, 13, 1, 13, 12, 13, 13, 13, 13, 13, 10, 13, 8, 13, 10, 13, 1, 13, 5, 13, 8, 13, 13, 13, 9, 13, 10, 13, 6, 13, 13, 13, 6, 6, 13, 13, 12, 13, 13, 13, 12, 13, 1, 13]",168.990963715717
11447569,F,112,"[12, 1, 0, 12, 10, 12, 0, 10, 10, 13, 13, 13, 8, 13, 10, 13, 12, 13, 1, 13, 3, 13, 5, 13, 3, 13, 1, 13, 12, 13, 1, 13, 3, 13, 6, 13, 6, 10, 0, 1, 12, 13, 13, 13, 5, 13, 6, 13, 8, 10, 0, 8, 7, 13, 8, 13, 10, 13, 13, 13, 1, 13, 13, 13]",175.9346249201846
11447569,F,116,"[12, 13, 1, 13, 3, 13, 5, 13, 3, 13, 1, 13, 12, 13, 1, 13, 3, 13, 6, 13, 6, 10, 0, 1, 12, 13, 13, 13, 5, 13, 6, 13, 8, 10, 0, 8, 7, 13, 8, 13, 10, 13, 13, 13, 1, 13, 13, 13, 5, 13, 13, 13, 8, 13, 13, 13, 6, 0, 6, 13, 0, 12, 13, 13]",198.58616567068597
11447569,F,160,"[5, 13, 8, 13, 8, 13, 13, 13, 13, 13, 13, 13, 8, 7, 0, 6, 5, 13, 8, 13, 1, 13, 5, 13, 6, 13, 4, 13, 5, 13, 3, 13, 1, 13, 10, 13, 5, 13, 1, 13, 2, 13, 10, 13, 10, 13, 13, 13, 1, 0, 12, 13, 1, 13, 11, 13, 12, 13, 1, 13, 12, 13, 10, 13]",196.87124847210157
11447569,F,124,"[8, 10, 0, 8, 7, 13, 8, 13, 10, 13, 13, 13, 1, 13, 13, 13, 5, 13, 13, 13, 8, 13, 13, 13, 6, 0, 6, 13, 0, 12, 13, 13, 5, 13, 5, 13, 0, 5, 13, 13, 3, 13, 13, 13, 1, 13, 10, 13, 10, 13, 1, 13, 6, 5, 0, 3, 2, 13, 13, 13, 10, 13, 12, 13]",174.53532868543965
11447569,F,156,"[8, 10, 0, 8, 7, 13, 8, 13, 10, 13, 1, 13, 3, 13, 1, 13, 5, 13, 8, 13, 8, 13, 13, 13, 13, 13, 13, 13, 8, 7, 0, 6, 5, 13, 8, 13, 1, 13, 5, 13, 6, 13, 4, 13, 5, 13, 3, 13, 1, 13, 10, 13, 5, 13, 1, 13, 2, 13, 10, 13, 10, 13, 13, 13]",164.8402666233594
11447569,F,256,"[10, 13, 1, 13, 6, 5, 0, 3, 2, 13, 13, 13, 10, 13, 12, 13, 1, 3, 0, 1, 12, 1, 0, 12, 12, 13, 13, 13, 13, 13, 13, 13, 12, 1, 0, 12, 10, 12, 0, 10, 10, 13, 13, 13, 8, 13, 10, 13, 12, 13, 1, 13, 3, 13, 5, 13, 3, 13, 1, 13, 12, 13, 1, 13]",196.3157728937669
11447569,F,44,"[5, 5, 0, 0, 5, 13, 13, 13, 3, 13, 13, 13, 1, 13, 10, 13, 10, 13, 1, 13, 6, 5, 0, 3, 2, 13, 13, 13, 10, 13, 12, 13, 1, 3, 0, 1, 12, 13, 1, 13, 12, 13, 13, 13, 13, 13, 10, 13, 8, 13, 10, 13, 1, 13, 5, 13, 8, 13, 13, 13, 9, 13, 10, 13]",176.60613125065782
11447569,F,196,"[4, 5, 0, 6, 4, 5, 0, 6, 4, 5, 0, 5, 4, 3, 0, 2, 1, 13, 10, 13, 12, 13, 1, 13, 2, 13, 10, 13, 11, 13, 9, 13, 10, 13, 12, 13, 1, 13, 11, 13, 12, 13, 1, 13, 12, 13, 10, 13, 8, 13, 10, 13, 1, 13, 5, 8, 8, 13, 13, 13, 10, 11, 9, 10]",182.1955230794193
11447569,F,56,"[8, 13, 10, 13, 1, 13, 5, 13, 8, 13, 13, 13, 9, 13, 10, 13, 6, 13, 13, 13, 6, 6, 13, 13, 12, 13, 13, 13, 12, 13, 1, 13, 1, 13, 1, 13, 6, 13, 3, 13, 5, 13, 13, 13, 1, 13, 3, 13, 5, 6, 0, 5, 3, 5, 0, 3, 1, 3, 0, 1, 12, 1, 0, 3]",171.01673942189632
11447569,F,140,"[1, 3, 0, 1, 12, 13, 1, 13, 12, 13, 13, 13, 13, 13, 10, 13, 8, 13, 10, 13, 1, 13, 5, 13, 8, 13, 13, 13, 9, 13, 10, 13, 6, 13, 13, 13, 6, 6, 13, 13, 12, 13, 13, 13, 12, 13, 1, 13, 1, 13, 1, 13, 6, 13, 3, 13, 5, 13, 13, 13, 5, 13, 6, 13]",169.06023580654596
11447569,F,208,"[8, 13, 10, 13, 1, 13, 5, 8, 8, 13, 13, 13, 10, 11, 9, 10, 6, 13, 13, 13, 13, 13, 13, 13, 12, 13, 13, 13, 12, 13, 1, 13, 8, 0, 1, 13, 6, 13, 3, 13, 5, 13, 13, 13, 1, 13, 3, 13, 5, 6, 0, 5, 3, 5, 0, 3, 1, 3, 0, 1, 12, 1, 0, 3]",191.1220978838658
11447569,F,204,"[10, 13, 12, 13, 1, 13, 11, 13, 12, 13, 1, 13, 12, 13, 10, 13, 8, 13, 10, 13, 1, 13, 5, 8, 8, 13, 13, 13, 10, 11, 9, 10, 6, 13, 13, 13, 13, 13, 13, 13, 12, 13, 13, 13, 12, 13, 1, 13, 8, 0, 1, 13, 6, 13, 3, 13, 5, 13, 13, 13, 1, 13, 3, 13]",190.0405873657987
11447569,F,104,"[10, 13, 1, 13, 6, 5, 0, 3, 2, 13, 13, 13, 10, 13, 12, 13, 1, 3, 0, 1, 12, 1, 0, 12, 12, 13, 13, 13, 13, 13, 13, 13, 12, 1, 0, 12, 10, 12, 0, 10, 10, 13, 13, 13, 8, 13, 10, 13, 12, 13, 1, 13, 3, 13, 5, 13, 3, 13, 1, 13, 12, 13, 1, 13]",189.70808132981972
11447569,F,280,"[5, 13, 13, 13, 8, 13, 13, 13, 6, 0, 6, 13, 0, 12, 13, 13, 5, 13, 5, 13, 0, 5, 13, 13, 3, 13, 13, 13, 1, 13, 10, 13, 10, 13, 1, 13, 6, 5, 0, 3, 2, 13, 13, 13, 10, 13, 12, 13, 1, 3, 0, 1, 12, 13, 1, 13, 12, 13, 13, 13, 13, 13, 10, 13]",167.1037321911956
11447569,F,308,"[1, 3, 0, 1, 12, 13, 1, 13, 12, 13, 13, 13, 13, 13, 10, 13, 8, 13, 10, 13, 1, 13, 5, 13, 8, 13, 13, 13, 13, 13, 13, 13, 8, 13, 13, 13, 13, 13, 13, 13, 13, 13, 13, 13, 9, 13, 10, 13, 6, 13, 13, 13, 6, 13, 10, 13, 12, 13, 13, 13, 13, 13, 13, 13]",171.76011554660457
11447569,F,280,"[5, 13, 13, 13, 8, 13, 13, 13, 6, 0, 6, 13, 0, 12, 13, 13, 5, 13, 5, 13, 0, 5, 13, 13, 3, 13, 13, 13, 1, 13, 10, 13, 10, 13, 1, 13, 6, 5, 0, 3, 2, 13, 13, 13, 10, 13, 12, 13, 1, 3, 0, 1, 12, 13, 1, 13, 12, 13, 13, 13, 13, 13, 10, 13]",199.21394399382336
11447569,F,308,"[1, 3, 0, 1, 12, 13, 1, 13, 12, 13, 13, 13, 13, 13, 10, 13, 8, 13, 10, 13, 1, 13, 5, 13, 8, 13, 13, 13, 13, 13, 13, 13, 8, 13, 13, 13, 13, 13, 13, 13, 13, 13, 13, 13, 9, 13, 10, 13, 6, 13, 13, 13, 6, 13, 10, 13, 12, 13, 13, 13, 13, 13, 13, 13]",196.20840115298202
11447569,F,32,"[3, 13, 6, 13, 6, 10, 0, 1, 12, 13, 13, 13, 5, 13, 6, 13, 8, 10, 0, 8, 7, 13, 8, 13, 10, 13, 13, 13, 1, 13, 13, 13, 5, 13, 13, 13, 8, 13, 13, 13, 6, 0, 6, 13, 0, 12, 13, 13, 5, 5, 0, 0, 5, 13, 13, 13, 3, 13, 13, 13, 1, 13, 10, 13]",171.48562488669484
11447569,F,80,"[3, 13, 3, 13, 1, 12, 0, 10, 8, 13, 13, 13, 13, 13, 13, 13, 8, 13, 7, 13, 6, 13, 5, 13, 3, 13, 1, 13, 12, 13, 10, 13, 8, 13, 7, 13, 8, 13, 7, 13, 8, 13, 13, 13, 5, 13, 6, 13, 8, 10, 0, 8, 7, 13, 8, 13, 10, 13, 13, 13, 1, 13, 13, 13]",177.44518945082356
11447569,F,308,"[1, 3, 0, 1, 12, 13, 1, 13, 12, 13, 13, 13, 13, 13, 10, 13, 8, 13, 10, 13, 1, 13, 5, 13, 8, 13, 13, 13, 13, 13, 13, 13, 8, 13, 13, 13, 13, 13, 13, 13, 13, 13, 13, 13, 9, 13, 10, 13, 6, 13, 13, 13, 6, 13, 10, 13, 12, 13, 13, 13, 13, 13, 13, 13]",162.80366715298808
11447569,F,264,"[12, 1, 0, 12, 10, 12, 0, 10, 10, 13, 13, 13, 8, 13, 10, 13, 12, 13, 1, 13, 3, 13, 5, 13, 3, 13, 1, 13, 12, 13, 1, 13, 3, 13, 6, 13, 6, 10, 0, 1, 12, 13, 13, 13, 5, 13, 6, 13, 8, 10, 0, 8, 7, 13, 8, 13, 10, 13, 13, 13, 1, 13, 13, 13]",198.45887820378775
11447569,F,212,"[6, 13, 13, 13, 13, 13, 13, 13, 12, 13, 13, 13, 12, 13, 1, 13, 8, 0, 1, 13, 6, 13, 3, 13, 5, 13, 13, 13, 1, 13, 3, 13, 5, 6, 0, 5, 3, 5, 0, 3, 1, 3, 0, 1, 12, 1, 0, 3, 5, 13, 5, 13, 3, 1, 0, 12, 10, 13, 13, 13, 13, 13, 13, 13]",161.17880367248134
11447569,F,244,"[8, 10, 0, 8, 7, 13, 8, 13, 10, 13, 13, 13, 1, 13, 13, 13, 5, 13, 13, 13, 8, 13, 13, 13, 6, 0, 6, 13, 0, 12, 13, 13, 5, 13, 5, 13, 0, 5, 13, 13, 3, 13, 13, 13, 1, 13, 10, 13, 10, 13, 1, 13, 6, 5, 0, 3, 2, 13, 13, 13, 10, 13, 12, 13]",197.04572755087702
11447569,F,108,"[1, 3, 0, 1, 12, 1, 0, 12, 12, 13, 13, 13, 13, 13, 13, 13, 12, 1, 0, 12, 10, 12, 0, 10, 10, 13, 13, 13, 8, 13, 10, 13, 12, 13, 1, 13, 3, 13, 5, 13, 3, 13, 1, 13, 12, 13, 1, 13, 3, 13, 6, 13, 6, 10, 0, 1, 12, 13, 13, 13, 5, 13, 6, 13]",164.05835789812755
11447569,F,36,"[8, 10, 0, 8, 7, 13, 8, 13, 10, 13, 13, 13, 1, 13, 13, 13, 5, 13, 13, 13, 8, 13, 13, 13, 6, 0, 6, 13, 0, 12, 13, 13, 5, 5, 0, 0, 5, 13, 13, 13, 3, 13, 13, 13, 1, 13, 10, 13, 10, 13, 1, 13, 6, 5, 0, 3, 2, 13, 13, 13, 10, 13, 12, 13]",184.39664376550942
11447569,F,248,"[5, 13, 13, 13, 8, 13, 13, 13, 6, 0, 6, 13, 0, 12, 13, 13, 5, 13, 5, 13, 0, 5, 13, 13, 3, 13, 13, 13, 1, 13, 10, 13, 10, 13, 1, 13, 6, 5, 0, 3, 2, 13, 13, 13, 10, 13, 12, 13, 1, 3, 0, 1, 12, 1, 0, 12, 12, 13, 13, 13, 13, 13, 13, 13]",186.06566820391964
11447569,F,136,"[10, 13, 1, 13, 6, 5, 0, 3, 2, 13, 13, 13, 10, 13, 12, 13, 1, 3, 0, 1, 12, 13, 1, 13, 12, 13, 13, 13, 13, 13, 10, 13, 8, 13, 10, 13, 1, 13, 5, 13, 8, 13, 13, 13, 9, 13, 10, 13, 6, 13, 13, 13, 6, 6, 13, 13, 12, 13, 13, 13, 12, 13, 1, 13]",187.55285340390378
11447569,F,196,"[4, 5, 0, 6, 4, 5, 0, 6, 4, 5, 0, 5, 4, 3, 0, 2, 1, 13, 10, 13, 12, 13, 1, 13, 2, 13, 10, 13, 11, 13, 9, 13, 10, 13, 12, 13, 1, 13, 11, 13, 12, 13, 1, 13, 12, 13, 10, 13, 8, 13, 10, 13, 1, 13, 5, 8, 8, 13, 13, 13, 10, 11, 9, 10]",182.97613295294815
11447569,F,300,"[6, 13, 13, 13, 6, 6, 13, 13, 12, 13, 13, 13, 12, 13, 1, 13, 1, 13, 1, 13, 6, 13, 3, 13, 5, 13, 13, 13, 10, 13, 12, 13, 1, 3, 0, 1, 12, 13, 1, 13, 12, 13, 13, 13, 13, 13, 10, 13, 8, 13, 10, 13, 1, 13, 5, 13, 8, 13, 13, 13, 13, 13, 13, 13]",199.68282945862188
11447569,F,192,"[8, 13, 8, 13, 8, 13, 13, 13, 6, 8, 0, 9, 10, 1, 0, 3, 4, 5, 0, 6, 4, 5, 0, 6, 4, 5, 0, 5, 4, 3, 0, 2, 1, 13, 10, 13, 12, 13, 1, 13, 2, 13, 10, 13, 11, 13, 9, 13, 10, 13, 12, 13, 1, 13, 11, 13, 12, 13, 1, 13, 12, 13, 10, 13]",178.10717086880777
6563956,E-,140,"[5, 13, 13, 13, 5, 13, 13, 13, 3, 13, 13, 13, 3, 13, 13, 13, 1, 13, 13, 13, 13, 13, 13, 13, 0, 0, 8, 13, 10, 13, 8, 13, 1, 13, 13, 13, 1, 13, 1, 13, 1, 13, 13, 13, 10, 13, 8, 13, 1, 13, 1, 13, 1, 13, 1, 13, 1, 13, 13, 13, 0, 0, 8, 13]",34.23466657444337
6563956,E-,156,"[1, 13, 1, 13, 1, 13, 13, 13, 1, 13, 13, 13, 10, 13, 8, 13, 1, 13, 1, 13, 1, 13, 1, 13, 1, 13, 13, 13, 0, 0, 0, 0, 1, 13, 1, 13, 1, 13, 13, 13, 1, 13, 1, 13, 8, 13, 13, 13, 10, 13, 10, 13, 1, 13, 10, 13, 8, 13, 13, 13, 0, 0, 0, 0]",9.753043774354495
6563956,E-,60,"[1, 13, 1, 13, 1, 13, 1, 13, 1, 13, 13, 13, 0, 0, 0, 0, 1, 13, 1, 13, 1, 13, 13, 13, 1, 13, 1, 13, 8, 13, 13, 13, 10, 13, 10, 13, 1, 13, 10, 13, 8, 13, 13, 13, 0, 0, 0, 0, 5, 13, 13, 13, 5, 13, 13, 13, 3, 13, 13, 13, 3, 13, 13, 13]",32.327086373240945
6563956,E-,124,"[5, 13, 13, 13, 5, 13, 13, 13, 3, 13, 13, 13, 3, 13, 13, 13, 1, 13, 13, 13, 13, 13, 13, 13, 0, 0, 0, 0, 0, 0, 0, 0, 1, 13, 1, 13, 1, 13, 13, 13, 1, 13, 1, 13, 8, 13, 13, 13, 10, 13, 10, 13, 1, 13, 10, 13, 8, 13, 13, 13, 0, 0, 0, 0]",34.60354045810756
6563956,E-,148,"[1, 13, 13, 13, 1, 13, 1, 13, 1, 13, 13, 13, 10, 13, 8, 13, 1, 13, 1, 13, 1, 13, 1, 13, 1, 13, 13, 13, 0, 0, 8, 13, 1, 13, 1, 13, 1, 13, 13, 13, 1, 13, 13, 13, 10, 13, 8, 13, 1, 13, 1, 13, 1, 13, 1, 13, 1, 13, 13, 13, 0, 0, 0, 0]",30.999659932731063
6563956,E-,140,"[5, 13, 13, 13, 5, 13, 13, 13, 3, 13, 13, 13, 3, 13, 13, 13, 1, 13, 13, 13, 13, 13, 13, 13, 0, 0, 8, 13, 10, 13, 8, 13, 1, 13, 13, 13, 1, 13, 1, 13, 1, 13, 13, 13, 10, 13, 8, 13, 1, 13, 1, 13, 1, 13, 1, 13, 1, 13, 13, 13, 0, 0, 8, 13]",31.80624684032074
6563956,E-,44,"[1, 13, 13, 13, 13, 13, 13, 13, 0, 0, 8, 13, 10, 13, 8, 13, 1, 13, 13, 13, 1, 13, 1, 13, 1, 13, 13, 13, 10, 13, 8, 13, 1, 13, 1, 13, 1, 13, 1, 13, 1, 13, 13, 13, 0, 0, 8, 13, 1, 13, 1, 13, 1, 13, 13, 13, 1, 13, 13, 13, 10, 13, 8, 13]",14.244905914044708
6563956,E-,124,"[5, 13, 13, 13, 5, 13, 13, 13, 3, 13, 13, 13, 3, 13, 13, 13, 1, 13, 13, 13, 13, 13, 13, 13, 0, 0, 0, 0, 0, 0, 0, 0, 1, 13, 1, 13, 1, 13, 13, 13, 1, 13, 1, 13, 8, 13, 13, 13, 10, 13, 10, 13, 1, 13, 10, 13, 8, 13, 13, 13, 0, 0, 0, 0]",31.477204408883182
6563956,E-,128,"[1, 13, 13, 13, 13, 13, 13, 13, 0, 0, 0, 0, 0, 0, 0, 0, 1, 13, 1, 13, 1, 13, 13, 13, 1, 13, 1, 13, 8, 13, 13, 13, 10, 13, 10, 13, 1, 13, 10, 13, 8, 13, 13, 13, 0, 0, 0, 0, 5, 13, 13, 13, 5, 13, 13, 13, 3, 13, 13, 13, 3, 13, 13, 13]",33.94762034807087
6563956,E-,16,"[1, 13, 1, 13, 1, 13, 13, 13, 1, 13, 1, 13, 8, 13, 13, 13, 10, 13, 10, 13, 1, 13, 10, 13, 8, 13, 13, 13, 0, 0, 0, 0, 5, 13, 13, 13, 5, 13, 13, 13, 3, 13, 13, 13, 3, 13, 13, 13, 1, 13, 13, 13, 13, 13, 13, 13, 0, 0, 0, 0, 0, 0, 0, 0]",47.68860546512992
6563956,E-,120,"[10, 13, 10, 13, 1, 13, 10, 13, 8, 13, 13, 13, 0, 0, 0, 0, 5, 13, 13, 13, 5, 13, 13, 13, 3, 13, 13, 13, 3, 13, 13, 13, 1, 13, 13, 13, 13, 13, 13, 13, 0, 0, 0, 0, 0, 0, 0, 0, 1, 13, 1, 13, 1, 13, 13, 13, 1, 13, 1, 13, 8, 13, 13, 13]",11.67794199826416
6563956,E-,36,"[10, 13, 10, 13, 1, 13, 10, 13, 8, 13, 13, 13, 0, 0, 0, 0, 5, 13, 13, 13, 5, 13, 13, 13, 3, 13, 13, 13, 3, 13, 13, 13, 1, 13, 13, 13, 13, 13, 13, 13, 0, 0, 8, 13, 10, 13, 8, 13, 1, 13, 13, 13, 1, 13, 1, 13, 1, 13, 13, 13, 10, 13, 8, 13]",49.90358056938583
7037818,E,132,"[0, 0, 0, 0, 0, 0, 0, 0, 0, 0, 0, 0, 0, 0, 8, 8, 11, 13, 8, 13, 11, 13, 13, 13, 0, 0, 0, 0, 0, 0, 8, 6, 8, 13, 8, 13, 8, 13, 13, 13, 0, 0, 0, 0, 0, 0, 0, 0, 8, 13, 8, 8, 8, 13, 0, 0, 0, 0, 0, 0, 0, 0, 0, 0]",121.81666986119708
7037818,E,280,"[0, 0, 11, 13, 0, 11, 13, 11, 11, 13, 0, 0, 8, 13, 6, 13, 0, 0, 11, 13, 0, 11, 13, 0, 11, 13, 0, 0, 8, 13, 6, 13, 0, 6, 8, 6, 8, 13, 13, 13, 0, 0, 0, 0, 0, 0, 0, 0, 0, 0, 0, 0, 0, 0, 8, 13, 0, 0, 0, 0, 0, 0, 0, 0]",117.40100702141875
7037818,E,68,"[0, 0, 0, 0, 0, 0, 0, 0, 0, 0, 0, 0, 0, 0, 8, 8, 11, 13, 8, 13, 11, 13, 13, 13, 0, 0, 0, 0, 0, 0, 8, 6, 8, 13, 8, 13, 8, 13, 13, 13, 0, 0, 0, 0, 0, 0, 0, 0, 8, 8, 8, 8, 8, 13, 0, 0, 0, 0, 0, 0, 0, 0, 0, 0]",130.34449719280943
12796369,A,220,"[8, 0, 8, 13, 10, 8, 13, 1, 1, 13, 12, 13, 8, 13, 10, 13, 10, 0, 1, 13, 3, 13, 13, 1, 1, 13, 12, 13, 8, 13, 13, 13, 8, 0, 1, 13, 3, 1, 13, 8, 8, 13, 7, 13, 3, 13, 5, 13, 5, 0, 0, 0, 0, 0, 0, 0, 0, 0, 0, 0, 0, 0, 0, 0]",124.37887132073317
12796369,A,220,"[8, 0, 8, 13, 10, 8, 13, 1, 1, 13, 12, 13, 8, 13, 10, 13, 10, 0, 1, 13, 3, 13, 13, 1, 1, 13, 12, 13, 8, 13, 13, 13, 8, 0, 1, 13, 3, 1, 13, 8, 8, 13, 7, 13, 3, 13, 5, 13, 5, 0, 0, 0, 0, 0, 0, 0, 0, 0, 0, 0, 0, 0, 0, 0]",119.00205822070303
12796369,A,412,"[10, 0, 1, 13, 3, 13, 13, 1, 1, 13, 12, 13, 8, 13, 13, 13, 8, 0, 1, 13, 3, 1, 13, 8, 8, 13, 7, 13, 3, 13, 5, 13, 5, 0, 12, 13, 12, 13, 13, 12, 12, 13, 3, 13, 12, 13, 13, 13, 12, 0, 12, 13, 12, 13, 13, 12, 12, 13, 10, 13, 8, 13, 13, 13]",108.5597234788054
12796369,A,188,"[8, 0, 8, 13, 10, 8, 13, 1, 1, 13, 12, 13, 8, 13, 10, 13, 10, 0, 1, 13, 3, 13, 13, 1, 1, 13, 12, 13, 8, 13, 13, 13, 8, 0, 1, 13, 3, 1, 13, 8, 8, 13, 7, 13, 3, 13, 5, 13, 5, 0, 12, 13, 12, 13, 13, 12, 12, 13, 3, 13, 12, 13, 13, 13]",140.72362115182563
12796369,A,380,"[10, 0, 1, 13, 3, 13, 13, 1, 1, 13, 12, 13, 8, 13, 13, 13, 8, 0, 1, 13, 3, 1, 13, 8, 8, 13, 7, 13, 3, 13, 5, 13, 5, 0, 12, 13, 12, 13, 13, 12, 12, 13, 3, 13, 12, 13, 13, 13, 12, 0, 12, 13, 12, 13, 13, 12, 12, 13, 10, 13, 8, 13, 13, 13]",137.31240362906715
12796369,A,180,"[12, 0, 1, 13, 1, 13, 13, 1, 1, 13, 12, 13, 8, 13, 10, 13, 10, 0, 10, 13, 10, 13, 13, 10, 10, 13, 12, 13, 10, 13, 8, 13, 8, 0, 8, 13, 10, 8, 13, 1, 1, 13, 12, 13, 8, 13, 10, 13, 10, 0, 1, 13, 3, 13, 13, 1, 1, 13, 12, 13, 8, 13, 13, 13]",106.46554158293249
12796369,A,212,"[12, 0, 1, 13, 1, 13, 13, 1, 1, 13, 12, 13, 8, 13, 10, 13, 10, 0, 10, 13, 10, 13, 13, 10, 10, 13, 12, 13, 10, 13, 8, 13, 8, 0, 8, 13, 10, 8, 13, 1, 1, 13, 12, 13, 8, 13, 10, 13, 10, 0, 1, 13, 3, 13, 13, 1, 1, 13, 12, 13, 8, 13, 13, 13]",127.26275505205616
12796369,A,360,"[12, 0, 12, 13, 12, 13, 13, 12, 12, 13, 10, 13, 8, 13, 13, 13, 8, 0, 12, 13, 12, 13, 13, 12, 12, 13, 3, 13, 12, 13, 13, 13, 12, 0, 1, 13, 1, 13, 13, 1, 1, 13, 12, 13, 8, 13, 10, 13, 10, 0, 10, 13, 10, 13, 13, 10, 10, 13, 12, 13, 10, 13, 8, 13]",104.00724825963988
12796369,A,156,"[8, 0, 8, 13, 10, 8, 13, 1, 1, 13, 12, 13, 8, 13, 10, 13, 10, 0, 1, 13, 3, 13, 13, 1, 1, 13, 12, 13, 8, 13, 13, 13, 8, 0, 1, 13, 3, 1, 13, 8, 8, 13, 7, 13, 3, 13, 5, 13, 5, 0, 12, 13, 12, 13, 13, 12, 12, 13, 3, 13, 12, 13, 13, 13]",114.87906996467703
12796369,A,212,"[12, 0, 1, 13, 1, 13, 13, 1, 1, 13, 12, 13, 8, 13, 10, 13, 10, 0, 10, 13, 10, 13, 13, 10, 10, 13, 12, 13, 10, 13, 8, 13, 8, 0, 8, 13, 10, 8, 13, 1, 1, 13, 12, 13, 8, 13, 10, 13, 10, 0, 1, 13, 3, 13, 13, 1, 1, 13, 12, 13, 8, 13, 13, 13]",112.57923654915567
12796369,A,388,"[5, 0, 12, 13, 12, 13, 13, 12, 12, 13, 3, 13, 12, 13, 13, 13, 12, 0, 12, 13, 12, 13, 13, 12, 12, 13, 10, 13, 8, 13, 13, 13, 8, 0, 12, 13, 12, 13, 13, 12, 12, 13, 3, 13, 12, 13, 13, 13, 12, 0, 1, 13, 1, 13, 13, 1, 1, 13, 12, 13, 8, 13, 10, 13]",122.17428703010158
12796369,A,212,"[12, 0, 1, 13, 1, 13, 13, 1, 1, 13, 12, 13, 8, 13, 10, 13, 10, 0, 10, 13, 10, 13, 13, 10, 10, 13, 12, 13, 10, 13, 8, 13, 8, 0, 8, 13, 10, 8, 13, 1, 1, 13, 12, 13, 8, 13, 10, 13, 10, 0, 1, 13, 3, 13, 13, 1, 1, 13, 12, 13, 8, 13, 13, 13]",136.00922242034738
12796369,A,212,"[12, 0, 1, 13, 1, 13, 13, 1, 1, 13, 12, 13, 8, 13, 10, 13, 10, 0, 10, 13, 10, 13, 13, 10, 10, 13, 12, 13, 10, 13, 8, 13, 8, 0, 8, 13, 10, 8, 13, 1, 1, 13, 12, 13, 8, 13, 10, 13, 10, 0, 1, 13, 3, 13, 13, 1, 1, 13, 12, 13, 8, 13, 13, 13]",121.21010611587604
12796369,A,372,"[10, 0, 10, 13, 10, 13, 13, 10, 10, 13, 12, 13, 10, 13, 8, 13, 8, 0, 8, 13, 10, 8, 13, 1, 1, 13, 12, 13, 8, 13, 10, 13, 10, 0, 1, 13, 3, 13, 13, 1, 1, 13, 12, 13, 8, 13, 13, 13, 8, 0, 1, 13, 3, 1, 13, 8, 8, 13, 7, 13, 3, 13, 5, 13]",104.39690377055274
12796369,A,380,"[10, 0, 1, 13, 3, 13, 13, 1, 1, 13, 12, 13, 8, 13, 13, 13, 8, 0, 1, 13, 3, 1, 13, 8, 8, 13, 7, 13, 3, 13, 5, 13, 5, 0, 12, 13, 12, 13, 13, 12, 12, 13, 3, 13, 12, 13, 13, 13, 12, 0, 12, 13, 12, 13, 13, 12, 12, 13, 10, 13, 8, 13, 13, 13]",121.59110261543532
12796369,A,208,"[8, 0, 12, 13, 12, 13, 13, 12, 12, 13, 3, 13, 12, 13, 13, 13, 12, 0, 1, 13, 1, 13, 13, 1, 1, 13, 12, 13, 8, 13, 10, 13, 10, 0, 10, 13, 10, 13, 13, 10, 10, 13, 12, 13, 10, 13, 8, 13, 8, 0, 8, 13, 10, 8, 13, 1, 1, 13, 12, 13, 8, 13, 10, 13]",122.02318728198094
12796369,A,396,"[8, 0, 12, 13, 12, 13, 13, 12, 12, 13, 3, 13, 12, 13, 13, 13, 12, 0, 1, 13, 1, 13, 13, 1, 1, 13, 12, 13, 8, 13, 10, 13, 10, 0, 10, 13, 10, 13, 13, 10, 10, 13, 12, 13, 10, 13, 8, 13, 8, 0, 8, 13, 10, 8, 13, 1, 1, 13, 12, 13, 8, 13, 10, 13]",135.37062033301794
12796369,A,176,"[8, 0, 12, 13, 12, 13, 13, 12, 12, 13, 3, 13, 12, 13, 13, 13, 12, 0, 1, 13, 1, 13, 13, 1, 1, 13, 12, 13, 8, 13, 10, 13, 10, 0, 10, 13, 10, 13, 13, 10, 10, 13, 12, 13, 10, 13, 8, 13, 8, 0, 8, 13, 10, 8, 13, 1, 1, 13, 12, 13, 8, 13, 10, 13]",118.23660161704306
12796369,A,216,"[10, 0, 10, 13, 10, 13, 13, 10, 10, 13, 12, 13, 10, 13, 8, 13, 8, 0, 8, 13, 10, 8, 13, 1, 1, 13, 12, 13, 8, 13, 10, 13, 10, 0, 1, 13, 3, 13, 13, 1, 1, 13, 12, 13, 8, 13, 13, 13, 8, 0, 1, 13, 3, 1, 13, 8, 8, 13, 7, 13, 3, 13, 5, 13]",140.55217272702396
12796369,A,392,"[12, 0, 12, 13, 12, 13, 13, 12, 12, 13, 10, 13, 8, 13, 13, 13, 8, 0, 12, 13, 12, 13, 13, 12, 12, 13, 3, 13, 12, 13, 13, 13, 12, 0, 1, 13, 1, 13, 13, 1, 1, 13, 12, 13, 8, 13, 10, 13, 10, 0, 10, 13, 10, 13, 13, 10, 10, 13, 12, 13, 10, 13, 8, 13]",107.7466423127005
12796369,A,56,"[0, 0, 0, 0, 0, 0, 0, 0, 0, 0, 0, 0, 0, 0, 8, 13, 8, 13, 10, 13, 13, 13, 12, 13, 12, 13, 0, 0, 0, 0, 12, 13, 12, 13, 10, 13, 13, 13, 8, 13, 8, 13, 0, 0, 0, 0, 3, 13, 3, 13, 7, 13, 13, 13, 5, 13, 5, 13, 13, 13, 0, 0, 0, 0]",101.09219208744379
12796369,A,136,"[0, 0, 12, 13, 12, 13, 13, 12, 12, 13, 3, 13, 12, 13, 13, 13, 12, 0, 12, 13, 12, 13, 13, 12, 12, 13, 10, 13, 8, 13, 13, 13, 8, 0, 12, 13, 12, 13, 13, 12, 12, 13, 3, 13, 12, 13, 13, 13, 12, 0, 1, 13, 1, 13, 13, 1, 1, 13, 12, 13, 8, 13, 10, 13]",135.31303790751636
12796369,A,140,"[12, 0, 12, 13, 12, 13, 13, 12, 12, 13, 10, 13, 8, 13, 13, 13, 8, 0, 12, 13, 12, 13, 13, 12, 12, 13, 3, 13, 12, 13, 13, 13, 12, 0, 1, 13, 1, 13, 13, 1, 1, 13, 12, 13, 8, 13, 10, 13, 10, 0, 10, 13, 10, 13, 13, 10, 10, 13, 12, 13, 10, 13, 8, 13]",134.48177281756887
12796369,A,164,"[8, 0, 1, 13, 3, 1, 13, 8, 8, 13, 7, 13, 3, 13, 5, 13, 5, 0, 12, 13, 12, 13, 13, 12, 12, 13, 3, 13, 12, 13, 13, 13, 12, 0, 12, 13, 12, 13, 13, 12, 12, 13, 10, 13, 8, 13, 13, 13, 8, 0, 12, 13, 12, 13, 13, 12, 12, 13, 3, 13, 12, 13, 13, 13]",107.67823612300691
12796369,A,420,"[5, 0, 12, 13, 12, 13, 13, 12, 12, 13, 3, 13, 12, 13, 13, 13, 12, 0, 12, 13, 12, 13, 13, 12, 12, 13, 10, 13, 8, 13, 13, 13, 8, 0, 12, 13, 12, 13, 13, 12, 12, 13, 3, 13, 12, 13, 13, 13, 12, 0, 1, 13, 1, 13, 13, 1, 1, 13, 12, 13, 8, 13, 10, 13]",126.09335556874984
12796369,A,164,"[8, 0, 1, 13, 3, 1, 13, 8, 8, 13, 7, 13, 3, 13, 5, 13, 5, 0, 12, 13, 12, 13, 13, 12, 12, 13, 3, 13, 12, 13, 13, 13, 12, 0, 12, 13, 12, 13, 13, 12, 12, 13, 10, 13, 8, 13, 13, 13, 8, 0, 12, 13, 12, 13, 13, 12, 12, 13, 3, 13, 12, 13, 13, 13]",119.30512361807973
7462967,D,84,"[8, 13, 13, 13, 13, 13, 13, 13, 0, 0, 0, 0, 0, 0, 0, 0, 1, 13, 11, 13, 13, 13, 11, 13, 13, 13, 0, 0, 0, 0, 0, 0, 1, 13, 11, 13, 13, 13, 9, 13, 13, 13, 0, 0, 1, 13, 13, 13, 1, 13, 13, 13, 0, 0, 0, 0, 0, 0, 0, 0, 0, 0, 0, 0]",25.158290873579247
7462967,D,236,"[9, 13, 13, 13, 13, 13, 13, 13, 13, 13, 13, 13, 13, 13, 13, 13, 8, 13, 13, 13, 13, 13, 13, 13, 13, 13, 13, 13, 13, 13, 13, 13, 6, 13, 13, 13, 13, 13, 13, 13, 4, 13, 13, 13, 13, 13, 13, 13, 9, 13, 13, 13, 13, 13, 13, 13, 13, 13, 13, 13, 13, 13, 13, 13]",53.349434137558774
7462967,D,280,"[1, 13, 13, 13, 13, 13, 13, 13, 0, 0, 0, 0, 0, 0, 0, 0, 9, 13, 11, 13, 13, 13, 8, 13, 13, 13, 0, 0, 6, 13, 13, 13, 11, 13, 9, 13, 13, 13, 9, 13, 13, 13, 0, 0, 0, 0, 0, 0, 8, 13, 9, 13, 13, 13, 9, 13, 13, 13, 0, 0, 0, 0, 0, 0]",26.354966242649482
7462967,D,4,"[8, 13, 13, 13, 0, 0, 9, 13, 0, 0, 0, 0, 4, 13, 13, 13, 1, 13, 13, 13, 13, 13, 13, 13, 0, 0, 0, 0, 0, 0, 0, 0, 8, 13, 13, 13, 0, 0, 9, 13, 0, 0, 0, 0, 1, 13, 13, 13, 9, 13, 13, 13, 13, 13, 13, 13, 0, 0, 0, 0, 0, 0, 0, 0]",38.14421020060264
7462967,D,320,"[8, 13, 13, 13, 8, 13, 8, 13, 13, 13, 8, 13, 8, 13, 13, 13, 8, 13, 13, 13, 13, 13, 13, 13, 0, 0, 0, 0, 0, 0, 0, 0, 9, 13, 13, 13, 9, 13, 9, 13, 13, 13, 0, 0, 6, 13, 13, 13, 11, 13, 13, 13, 11, 13, 1, 13, 13, 13, 11, 13, 9, 13, 0, 0]",23.79796018992559
7462967,D,12,"[8, 13, 13, 13, 0, 0, 9, 13, 0, 0, 0, 0, 1, 13, 13, 13, 9, 13, 13, 13, 13, 13, 13, 13, 0, 0, 0, 0, 0, 0, 0, 0, 8, 13, 13, 13, 13, 13, 13, 13, 9, 13, 13, 13, 13, 13, 13, 13, 1, 13, 13, 13, 13, 13, 13, 13, 13, 13, 13, 13, 13, 13, 13, 13]",36.383400241844086
7462967,D,28,"[9, 13, 13, 13, 13, 13, 13, 13, 13, 13, 13, 13, 13, 13, 13, 13, 8, 13, 13, 13, 13, 13, 13, 13, 13, 13, 13, 13, 13, 13, 13, 13, 6, 13, 13, 13, 13, 13, 13, 13, 4, 13, 13, 13, 13, 13, 13, 13, 9, 13, 13, 13, 13, 13, 13, 13, 13, 13, 13, 13, 13, 13, 13, 13]",15.179646189667935
7462967,D,316,"[11, 13, 13, 13, 11, 13, 11, 13, 13, 13, 0, 0, 0, 0, 0, 0, 8, 13, 13, 13, 8, 13, 8, 13, 13, 13, 8, 13, 8, 13, 13, 13, 8, 13, 13, 13, 13, 13, 13, 13, 0, 0, 0, 0, 0, 0, 0, 0, 9, 13, 13, 13, 9, 13, 9, 13, 13, 13, 0, 0, 6, 13, 13, 13]",19.11733160272648
7462967,D,428,"[8, 13, 13, 13, 8, 13, 8, 13, 13, 13, 8, 13, 8, 13, 13, 13, 8, 13, 13, 13, 13, 13, 13, 13, 0, 0, 0, 0, 0, 0, 0, 0, 9, 13, 13, 13, 9, 13, 9, 13, 13, 13, 0, 0, 6, 13, 13, 13, 11, 13, 13, 13, 11, 13, 1, 13, 13, 13, 11, 13, 9, 13, 0, 0]",28.886428211880173
7462967,D,400,"[8, 13, 13, 13, 13, 13, 13, 13, 0, 0, 0, 0, 0, 0, 0, 0, 9, 13, 13, 13, 9, 13, 9, 13, 13, 13, 0, 0, 6, 13, 13, 13, 11, 13, 13, 13, 11, 13, 1, 13, 13, 13, 11, 13, 9, 13, 0, 0, 8, 13, 13, 13, 13, 13, 13, 13, 0, 0, 0, 0, 0, 0, 0, 0]",31.901495965210557
7462967,D,68,"[8, 13, 13, 13, 13, 13, 13, 13, 0, 0, 0, 0, 0, 0, 0, 0, 1, 13, 11, 13, 13, 13, 11, 13, 13, 13, 0, 0, 0, 0, 0, 0, 9, 13, 11, 13, 13, 13, 8, 13, 13, 13, 0, 0, 6, 13, 13, 13, 11, 13, 9, 13, 13, 13, 9, 13, 13, 13, 0, 0, 0, 0, 0, 0]",27.186231332596975
7462967,D,212,"[8, 13, 13, 13, 0, 0, 9, 13, 0, 0, 0, 0, 4, 13, 13, 13, 1, 13, 13, 13, 13, 13, 13, 13, 0, 0, 0, 0, 0, 0, 0, 0, 8, 13, 13, 13, 0, 0, 9, 13, 0, 0, 0, 0, 1, 13, 13, 13, 9, 13, 13, 13, 13, 13, 13, 13, 0, 0, 0, 0, 0, 0, 0, 0]",40.85188305087951
7462967,D,112,"[8, 13, 13, 13, 8, 13, 8, 13, 13, 13, 8, 13, 8, 13, 13, 13, 8, 13, 13, 13, 13, 13, 13, 13, 0, 0, 0, 0, 0, 0, 0, 0, 9, 13, 13, 13, 9, 13, 9, 13, 13, 13, 0, 0, 6, 13, 13, 13, 11, 13, 13, 13, 11, 13, 1, 13, 13, 13, 11, 13, 9, 13, 0, 0]",44.049655943771256
7462967,D,428,"[8, 13, 13, 13, 8, 13, 8, 13, 13, 13, 8, 13, 8, 13, 13, 13, 8, 13, 13, 13, 13, 13, 13, 13, 0, 0, 0, 0, 0, 0, 0, 0, 9, 13, 13, 13, 9, 13, 9, 13, 13, 13, 0, 0, 6, 13, 13, 13, 11, 13, 13, 13, 11, 13, 1, 13, 13, 13, 11, 13, 9, 13, 0, 0]",41.88143950082489
7462967,D,432,"[8, 13, 13, 13, 13, 13, 13, 13, 0, 0, 0, 0, 0, 0, 0, 0, 9, 13, 13, 13, 9, 13, 9, 13, 13, 13, 0, 0, 6, 13, 13, 13, 11, 13, 13, 13, 11, 13, 1, 13, 13, 13, 11, 13, 9, 13, 0, 0, 1, 13, 13, 13, 13, 13, 13, 13, 13, 13, 13, 13, 13, 13, 13, 13]",44.527200419923375
7462967,D,144,"[8, 13, 13, 13, 8, 13, 8, 13, 13, 13, 8, 13, 8, 13, 13, 13, 8, 13, 13, 13, 13, 13, 13, 13, 0, 0, 0, 0, 0, 0, 0, 0, 9, 13, 13, 13, 9, 13, 9, 13, 13, 13, 0, 0, 6, 13, 13, 13, 11, 13, 13, 13, 11, 13, 1, 13, 13, 13, 11, 13, 9, 13, 0, 0]",24.120075412280244
7462967,D,344,"[9, 13, 13, 13, 9, 13, 9, 13, 13, 13, 0, 0, 6, 13, 13, 13, 11, 13, 13, 13, 11, 13, 11, 13, 13, 13, 0, 0, 0, 0, 0, 0, 8, 13, 13, 13, 8, 13, 8, 13, 13, 13, 8, 13, 8, 13, 13, 13, 8, 13, 13, 13, 13, 13, 13, 13, 0, 0, 0, 0, 0, 0, 0, 0]",25.892142085798497
7462967,D,8,"[1, 13, 13, 13, 13, 13, 13, 13, 0, 0, 0, 0, 0, 0, 0, 0, 8, 13, 13, 13, 0, 0, 9, 13, 0, 0, 0, 0, 1, 13, 13, 13, 9, 13, 13, 13, 13, 13, 13, 13, 0, 0, 0, 0, 0, 0, 0, 0, 8, 13, 13, 13, 13, 13, 13, 13, 9, 13, 13, 13, 13, 13, 13, 13]",22.892227602336973
7462967,D,28,"[9, 13, 13, 13, 13, 13, 13, 13, 13, 13, 13, 13, 13, 13, 13, 13, 8, 13, 13, 13, 13, 13, 13, 13, 13, 13, 13, 13, 13, 13, 13, 13, 6, 13, 13, 13, 13, 13, 13, 13, 4, 13, 13, 13, 13, 13, 13, 13, 9, 13, 13, 13, 13, 13, 13, 13, 13, 13, 13, 13, 13, 13, 13, 13]",23.969841565294942
7462967,D,320,"[8, 13, 13, 13, 8, 13, 8, 13, 13, 13, 8, 13, 8, 13, 13, 13, 8, 13, 13, 13, 13, 13, 13, 13, 0, 0, 0, 0, 0, 0, 0, 0, 9, 13, 13, 13, 9, 13, 9, 13, 13, 13, 0, 0, 6, 13, 13, 13, 11, 13, 13, 13, 11, 13, 1, 13, 13, 13, 11, 13, 9, 13, 0, 0]",32.02878343210875
7462967,D,272,"[11, 13, 13, 13, 13, 13, 13, 13, 0, 0, 0, 0, 0, 0, 0, 0, 8, 13, 9, 13, 13, 13, 9, 13, 13, 13, 0, 0, 0, 0, 0, 0, 1, 13, 11, 13, 13, 13, 11, 13, 13, 13, 0, 0, 0, 0, 0, 0, 9, 13, 11, 13, 13, 13, 8, 13, 13, 13, 0, 0, 6, 13, 13, 13]",16.65470877375705
7462967,D,108,"[11, 13, 13, 13, 11, 13, 11, 13, 13, 13, 0, 0, 0, 0, 0, 0, 8, 13, 13, 13, 8, 13, 8, 13, 13, 13, 8, 13, 8, 13, 13, 13, 8, 13, 13, 13, 13, 13, 13, 13, 0, 0, 0, 0, 0, 0, 0, 0, 9, 13, 13, 13, 9, 13, 9, 13, 13, 13, 0, 0, 6, 13, 13, 13]",41.96110240527819
7462967,D,148,"[8, 13, 13, 13, 13, 13, 13, 13, 0, 0, 0, 0, 0, 0, 0, 0, 9, 13, 13, 13, 9, 13, 9, 13, 13, 13, 0, 0, 6, 13, 13, 13, 11, 13, 13, 13, 11, 13, 1, 13, 13, 13, 11, 13, 9, 13, 0, 0, 1, 13, 13, 13, 13, 13, 13, 13, 1, 13, 13, 13, 13, 13, 13, 13]",49.82088701095875
7462967,D,392,"[11, 13, 13, 13, 11, 13, 11, 13, 13, 13, 0, 0, 0, 0, 0, 0, 8, 13, 13, 13, 8, 13, 8, 13, 13, 13, 8, 13, 8, 13, 13, 13, 8, 13, 13, 13, 13, 13, 13, 13, 0, 0, 0, 0, 0, 0, 0, 0, 9, 13, 13, 13, 9, 13, 9, 13, 13, 13, 0, 0, 6, 13, 13, 13]",23.99755040162654
7462967,D,432,"[8, 13, 13, 13, 13, 13, 13, 13, 0, 0, 0, 0, 0, 0, 0, 0, 9, 13, 13, 13, 9, 13, 9, 13, 13, 13, 0, 0, 6, 13, 13, 13, 11, 13, 13, 13, 11, 13, 1, 13, 13, 13, 11, 13, 9, 13, 0, 0, 1, 13, 13, 13, 13, 13, 13, 13, 13, 13, 13, 13, 13, 13, 13, 13]",25.343593716546692
7462967,D,116,"[8, 13, 13, 13, 13, 13, 13, 13, 0, 0, 0, 0, 0, 0, 0, 0, 9, 13, 13, 13, 9, 13, 9, 13, 13, 13, 0, 0, 6, 13, 13, 13, 11, 13, 13, 13, 11, 13, 1, 13, 13, 13, 11, 13, 9, 13, 0, 0, 8, 13, 13, 13, 13, 13, 13, 13, 0, 0, 0, 0, 0, 0, 0, 0]",12.877648021308147
7462967,D,224,"[9, 13, 13, 13, 13, 13, 13, 13, 0, 0, 0, 0, 0, 0, 0, 0, 8, 13, 13, 13, 13, 13, 13, 13, 9, 13, 13, 13, 13, 13, 13, 13, 1, 13, 13, 13, 13, 13, 13, 13, 13, 13, 13, 13, 13, 13, 13, 13, 9, 13, 13, 13, 13, 13, 13, 13, 13, 13, 13, 13, 13, 13, 13, 13]",27.650787291718657
7462967,D,216,"[1, 13, 13, 13, 13, 13, 13, 13, 0, 0, 0, 0, 0, 0, 0, 0, 8, 13, 13, 13, 0, 0, 9, 13, 0, 0, 0, 0, 1, 13, 13, 13, 9, 13, 13, 13, 13, 13, 13, 13, 0, 0, 0, 0, 0, 0, 0, 0, 8, 13, 13, 13, 13, 13, 13, 13, 9, 13, 13, 13, 13, 13, 13, 13]",24.423573760224613
7462967,D,64,"[11, 13, 13, 13, 13, 13, 13, 13, 0, 0, 0, 0, 0, 0, 0, 0, 8, 13, 9, 13, 13, 13, 9, 13, 13, 13, 0, 0, 0, 0, 0, 0, 1, 13, 11, 13, 13, 13, 11, 13, 13, 13, 0, 0, 0, 0, 0, 0, 9, 13, 11, 13, 13, 13, 8, 13, 13, 13, 0, 0, 6, 13, 13, 13]",29.967505779379607
29555519,D,336,"[0, 0, 0, 0, 0, 0, 0, 0, 1, 13, 13, 13, 10, 13, 13, 13, 11, 13, 0, 0, 10, 13, 10, 8, 13, 8, 13, 0, 0, 0, 0, 0, 0, 0, 0, 0, 10, 10, 13, 0, 11, 13, 11, 13, 13, 13, 11, 0, 1, 13, 1, 0, 10, 13, 13, 13, 13, 13, 10, 13, 0, 0, 0, 0]",-28.765702331087198
29555519,D,172,"[1, 0, 3, 13, 3, 13, 11, 13, 11, 0, 0, 1, 13, 13, 1, 0, 0, 0, 3, 13, 13, 10, 13, 10, 13, 0, 0, 0, 8, 13, 8, 6, 6, 13, 10, 13, 10, 0, 0, 0, 0, 10, 10, 13, 13, 13, 0, 0, 11, 13, 11, 13, 0, 0, 1, 13, 13, 11, 13, 0, 0, 0, 0, 0]",4.071866425244664
29555519,D,140,"[0, 8, 13, 8, 6, 13, 13, 13, 6, 13, 13, 13, 0, 0, 0, 0, 10, 13, 10, 13, 13, 13, 13, 13, 13, 8, 8, 13, 8, 13, 0, 0, 8, 8, 13, 13, 13, 13, 13, 13, 13, 13, 13, 13, 13, 13, 13, 13, 8, 0, 0, 0, 0, 0, 0, 0, 0, 0, 0, 0, 0, 0, 0, 0]",-30.10265368408608
29555519,D,136,"[0, 0, 0, 0, 0, 10, 13, 13, 10, 13, 10, 0, 11, 13, 11, 13, 0, 8, 13, 8, 6, 13, 13, 13, 6, 13, 13, 13, 0, 0, 0, 0, 10, 13, 10, 13, 13, 13, 13, 13, 13, 8, 8, 13, 8, 13, 0, 0, 8, 8, 13, 13, 13, 13, 13, 13, 13, 13, 13, 13, 13, 13, 13, 13]",-2.1297175062177445
29555519,D,160,"[0, 0, 0, 0, 0, 0, 0, 3, 13, 3, 13, 0, 1, 13, 13, 13, 11, 13, 1, 1, 13, 0, 0, 0, 11, 13, 13, 13, 11, 10, 13, 13, 0, 0, 11, 13, 11, 13, 0, 0, 0, 0, 0, 12, 13, 1, 13, 13, 1, 0, 3, 13, 3, 13, 11, 13, 11, 0, 0, 1, 13, 13, 1, 0]",-3.3748833388682726
29555519,D,120,"[3, 3, 0, 0, 0, 0, 0, 0, 0, 0, 0, 0, 0, 0, 0, 0, 11, 13, 11, 13, 13, 13, 13, 13, 0, 0, 10, 13, 13, 13, 13, 13, 10, 13, 0, 0, 0, 0, 0, 0, 0, 0, 10, 13, 13, 13, 13, 13, 10, 13, 6, 13, 6, 6, 13, 13, 13, 0, 0, 0, 0, 0, 0, 0]",-2.477376812065586
29555519,D,264,"[3, 13, 3, 0, 1, 13, 1, 13, 0, 0, 11, 13, 13, 0, 0, 11, 11, 13, 10, 13, 10, 13, 13, 0, 6, 13, 6, 0, 4, 13, 13, 4, 4, 0, 0, 0, 6, 13, 13, 0, 11, 13, 13, 13, 11, 13, 13, 13, 11, 13, 6, 13, 10, 13, 0, 0, 11, 13, 13, 11, 13, 0, 8, 13]",-15.15720008773853
29555519,D,92,"[0, 3, 3, 13, 13, 0, 0, 1, 13, 1, 13, 1, 13, 13, 13, 1, 1, 0, 0, 0, 6, 6, 13, 13, 13, 0, 0, 0, 4, 13, 13, 4, 3, 13, 13, 13, 0, 0, 1, 13, 13, 3, 13, 3, 3, 13, 13, 13, 3, 0, 0, 0, 0, 0, 0, 0, 0, 0, 0, 0, 0, 0, 0, 0]",5.601047830293879
29555519,D,12,"[6, 13, 0, 0, 0, 0, 0, 0, 0, 0, 8, 13, 13, 13, 13, 13, 8, 0, 0, 0, 0, 3, 13, 13, 13, 13, 13, 3, 13, 0, 0, 0, 0, 0, 0, 0, 0, 0, 0, 0, 8, 8, 13, 13, 13, 6, 13, 6, 6, 0, 6, 13, 13, 0, 6, 6, 6, 13, 13, 13, 0, 0, 0, 0]",-17.124960417848612
29555519,D,164,"[11, 13, 1, 1, 13, 0, 0, 0, 11, 13, 13, 13, 11, 10, 13, 13, 0, 0, 11, 13, 11, 13, 0, 0, 0, 0, 0, 12, 13, 1, 13, 13, 1, 0, 3, 13, 3, 13, 11, 13, 11, 0, 0, 1, 13, 13, 1, 0, 0, 0, 3, 13, 13, 10, 13, 10, 13, 0, 0, 0, 8, 13, 8, 6]",-36.3921265807877
29555519,D,268,"[11, 13, 10, 13, 10, 13, 13, 0, 6, 13, 6, 0, 4, 13, 13, 4, 4, 0, 0, 0, 6, 13, 13, 0, 11, 13, 13, 13, 11, 13, 13, 13, 11, 13, 6, 13, 10, 13, 0, 0, 11, 13, 13, 11, 13, 0, 8, 13, 0, 8, 13, 8, 13, 8, 8, 13, 13, 4, 13, 0, 0, 0, 0, 0]",-27.409268202542677
29555519,D,16,"[0, 0, 0, 0, 0, 3, 13, 13, 13, 13, 13, 3, 13, 0, 0, 0, 0, 0, 0, 0, 0, 0, 0, 0, 8, 8, 13, 13, 13, 6, 13, 6, 6, 0, 6, 13, 13, 0, 6, 6, 6, 13, 13, 13, 0, 0, 0, 0, 0, 0, 8, 13, 13, 13, 8, 13, 0, 0, 0, 0, 6, 6, 13, 13]",-27.02307629617124
29555519,D,336,"[0, 0, 0, 0, 0, 0, 0, 0, 1, 13, 13, 13, 10, 13, 13, 13, 11, 13, 0, 0, 10, 13, 10, 8, 13, 8, 13, 0, 0, 0, 0, 0, 0, 0, 0, 0, 10, 10, 13, 0, 11, 13, 11, 13, 13, 13, 11, 0, 1, 13, 1, 0, 10, 13, 13, 13, 13, 13, 10, 13, 0, 0, 0, 0]",-28.371284363929817
29555519,D,180,"[6, 13, 10, 13, 10, 0, 0, 0, 0, 10, 10, 13, 13, 13, 0, 0, 11, 13, 11, 13, 0, 0, 1, 13, 13, 11, 13, 0, 0, 0, 0, 0, 10, 13, 10, 13, 0, 0, 10, 13, 10, 13, 0, 6, 13, 6, 6, 13, 0, 4, 13, 13, 4, 13, 13, 13, 13, 13, 0, 0, 0, 0, 0, 0]",-24.105855371136784
6857929,E,240,"[8, 13, 13, 13, 13, 13, 13, 13, 13, 13, 13, 13, 1, 13, 6, 13, 6, 13, 13, 13, 13, 13, 13, 13, 6, 13, 1, 13, 1, 13, 1, 13, 6, 13, 13, 13, 8, 13, 13, 13, 13, 13, 13, 13, 13, 13, 13, 13, 8, 13, 13, 13, 13, 13, 13, 13, 0, 0, 1, 13, 4, 13, 8, 13]",161.57711819474787
6857929,E,104,"[8, 13, 13, 13, 13, 13, 13, 13, 13, 13, 13, 13, 1, 13, 6, 13, 6, 13, 13, 13, 13, 13, 13, 13, 6, 13, 1, 13, 1, 13, 1, 13, 6, 13, 13, 13, 8, 13, 13, 13, 13, 13, 13, 13, 13, 13, 13, 13, 8, 13, 13, 13, 13, 13, 13, 13, 0, 0, 1, 13, 4, 13, 8, 13]",179.4527812331603
6857929,E,288,"[1, 13, 13, 13, 1, 13, 13, 13, 1, 13, 13, 13, 1, 13, 13, 13, 4, 13, 13, 13, 1, 13, 13, 13, 1, 13, 13, 13, 1, 13, 13, 13, 1, 13, 13, 13, 4, 13, 13, 13, 4, 13, 13, 13, 6, 13, 8, 13, 8, 13, 13, 13, 13, 13, 13, 13, 0, 0, 0, 0, 0, 0, 0, 0]",188.70969732074738
6857929,E,244,"[6, 13, 13, 13, 13, 13, 13, 13, 6, 13, 1, 13, 1, 13, 1, 13, 6, 13, 13, 13, 8, 13, 13, 13, 13, 13, 13, 13, 13, 13, 13, 13, 8, 13, 13, 13, 13, 13, 13, 13, 0, 0, 1, 13, 4, 13, 8, 13, 8, 13, 13, 13, 13, 13, 13, 13, 8, 13, 1, 13, 1, 13, 6, 13]",183.7255703856039
6857929,E,104,"[8, 13, 13, 13, 13, 13, 13, 13, 13, 13, 13, 13, 1, 13, 6, 13, 6, 13, 13, 13, 13, 13, 13, 13, 6, 13, 1, 13, 1, 13, 1, 13, 6, 13, 13, 13, 8, 13, 13, 13, 13, 13, 13, 13, 13, 13, 13, 13, 8, 13, 13, 13, 13, 13, 13, 13, 0, 0, 1, 13, 4, 13, 8, 13]",158.19620721172706
6857929,E,148,"[4, 13, 6, 13, 1, 13, 13, 13, 0, 0, 1, 13, 4, 13, 6, 13, 1, 13, 13, 13, 1, 13, 13, 13, 1, 13, 13, 13, 1, 13, 13, 13, 4, 13, 13, 13, 1, 13, 13, 13, 1, 13, 13, 13, 1, 13, 13, 13, 1, 13, 13, 13, 4, 13, 13, 13, 4, 13, 13, 13, 6, 13, 8, 13]",173.13992900580388
6857929,E,124,"[6, 13, 13, 13, 13, 13, 13, 13, 13, 13, 13, 13, 1, 13, 1, 13, 6, 13, 13, 13, 8, 13, 13, 13, 13, 13, 13, 13, 13, 13, 13, 13, 8, 13, 13, 13, 13, 13, 13, 13, 13, 13, 13, 13, 0, 0, 0, 0, 4, 13, 13, 13, 1, 13, 13, 13, 0, 0, 0, 0, 0, 0, 1, 13]",183.8441988411485
6857929,E,116,"[8, 13, 13, 13, 13, 13, 13, 13, 0, 0, 1, 13, 4, 13, 8, 13, 8, 13, 13, 13, 13, 13, 13, 13, 8, 13, 1, 13, 1, 13, 6, 13, 6, 13, 13, 13, 13, 13, 13, 13, 13, 13, 13, 13, 1, 13, 1, 13, 6, 13, 13, 13, 8, 13, 13, 13, 13, 13, 13, 13, 13, 13, 13, 13]",172.014690480401
6857929,E,136,"[4, 13, 13, 13, 1, 13, 13, 13, 0, 0, 0, 0, 0, 0, 1, 13, 4, 13, 6, 13, 1, 13, 13, 13, 0, 0, 0, 0, 0, 0, 1, 13, 4, 13, 4, 13, 1, 13, 13, 13, 0, 0, 0, 0, 1, 13, 1, 13, 4, 13, 6, 13, 1, 13, 13, 13, 0, 0, 1, 13, 4, 13, 6, 13]",199.05288638264605
6857929,E,120,"[8, 13, 13, 13, 13, 13, 13, 13, 8, 13, 1, 13, 1, 13, 6, 13, 6, 13, 13, 13, 13, 13, 13, 13, 13, 13, 13, 13, 1, 13, 1, 13, 6, 13, 13, 13, 8, 13, 13, 13, 13, 13, 13, 13, 13, 13, 13, 13, 8, 13, 13, 13, 13, 13, 13, 13, 13, 13, 13, 13, 0, 0, 0, 0]",162.67984329063134
6857929,E,260,"[6, 13, 13, 13, 13, 13, 13, 13, 13, 13, 13, 13, 1, 13, 1, 13, 6, 13, 13, 13, 8, 13, 13, 13, 13, 13, 13, 13, 13, 13, 13, 13, 8, 13, 13, 13, 13, 13, 13, 13, 13, 13, 13, 13, 0, 0, 0, 0, 4, 13, 13, 13, 1, 13, 13, 13, 0, 0, 0, 0, 0, 0, 1, 13]",168.85068773178838
6857929,E,296,"[1, 13, 13, 13, 4, 13, 13, 13, 4, 13, 13, 13, 6, 13, 8, 13, 8, 13, 13, 13, 13, 13, 13, 13, 0, 0, 0, 0, 0, 0, 0, 0, 5, 13, 13, 13, 1, 13, 13, 13, 5, 13, 13, 13, 1, 13, 1, 13, 1, 13, 1, 13, 0, 1, 8, 6, 13, 13, 13, 6, 2, 13, 13, 13]",197.6739388245821
6857929,E,132,"[8, 13, 13, 13, 13, 13, 13, 13, 13, 13, 13, 13, 0, 0, 0, 0, 4, 13, 13, 13, 1, 13, 13, 13, 0, 0, 0, 0, 0, 0, 1, 13, 4, 13, 6, 13, 1, 13, 13, 13, 0, 0, 0, 0, 0, 0, 1, 13, 4, 13, 4, 13, 1, 13, 13, 13, 0, 0, 0, 0, 1, 13, 1, 13]",197.79473203296513
6857929,E,152,"[1, 13, 13, 13, 1, 13, 13, 13, 1, 13, 13, 13, 1, 13, 13, 13, 4, 13, 13, 13, 1, 13, 13, 13, 1, 13, 13, 13, 1, 13, 13, 13, 1, 13, 13, 13, 4, 13, 13, 13, 4, 13, 13, 13, 6, 13, 8, 13, 8, 13, 13, 13, 13, 13, 13, 13, 0, 0, 0, 0, 0, 0, 0, 0]",184.76941420428278
6857929,E,288,"[1, 13, 13, 13, 1, 13, 13, 13, 1, 13, 13, 13, 1, 13, 13, 13, 4, 13, 13, 13, 1, 13, 13, 13, 1, 13, 13, 13, 1, 13, 13, 13, 1, 13, 13, 13, 4, 13, 13, 13, 4, 13, 13, 13, 6, 13, 8, 13, 8, 13, 13, 13, 13, 13, 13, 13, 0, 0, 0, 0, 0, 0, 0, 0]",176.66977498410694
6857929,E,284,"[4, 13, 6, 13, 1, 13, 13, 13, 0, 0, 1, 13, 4, 13, 6, 13, 1, 13, 13, 13, 1, 13, 13, 13, 1, 13, 13, 13, 1, 13, 13, 13, 4, 13, 13, 13, 1, 13, 13, 13, 1, 13, 13, 13, 1, 13, 13, 13, 1, 13, 13, 13, 4, 13, 13, 13, 4, 13, 13, 13, 6, 13, 8, 13]",186.15528897142957
6857929,E,256,"[8, 13, 13, 13, 13, 13, 13, 13, 8, 13, 1, 13, 1, 13, 6, 13, 6, 13, 13, 13, 13, 13, 13, 13, 13, 13, 13, 13, 1, 13, 1, 13, 6, 13, 13, 13, 8, 13, 13, 13, 13, 13, 13, 13, 13, 13, 13, 13, 8, 13, 13, 13, 13, 13, 13, 13, 13, 13, 13, 13, 0, 0, 0, 0]",183.92256289389871
6857929,E,280,"[4, 13, 4, 13, 1, 13, 13, 13, 0, 0, 0, 0, 1, 13, 1, 13, 4, 13, 6, 13, 1, 13, 13, 13, 0, 0, 1, 13, 4, 13, 6, 13, 1, 13, 13, 13, 1, 13, 13, 13, 1, 13, 13, 13, 1, 13, 13, 13, 4, 13, 13, 13, 1, 13, 13, 13, 1, 13, 13, 13, 1, 13, 13, 13]",195.25547695351617
6857929,E,256,"[8, 13, 13, 13, 13, 13, 13, 13, 8, 13, 1, 13, 1, 13, 6, 13, 6, 13, 13, 13, 13, 13, 13, 13, 13, 13, 13, 13, 1, 13, 1, 13, 6, 13, 13, 13, 8, 13, 13, 13, 13, 13, 13, 13, 13, 13, 13, 13, 8, 13, 13, 13, 13, 13, 13, 13, 13, 13, 13, 13, 0, 0, 0, 0]",171.66789707568853
6857929,E,132,"[8, 13, 13, 13, 13, 13, 13, 13, 13, 13, 13, 13, 0, 0, 0, 0, 4, 13, 13, 13, 1, 13, 13, 13, 0, 0, 0, 0, 0, 0, 1, 13, 4, 13, 6, 13, 1, 13, 13, 13, 0, 0, 0, 0, 0, 0, 1, 13, 4, 13, 4, 13, 1, 13, 13, 13, 0, 0, 0, 0, 1, 13, 1, 13]",194.81689802845534
6857929,E,288,"[1, 13, 13, 13, 1, 13, 13, 13, 1, 13, 13, 13, 1, 13, 13, 13, 4, 13, 13, 13, 1, 13, 13, 13, 1, 13, 13, 13, 1, 13, 13, 13, 1, 13, 13, 13, 4, 13, 13, 13, 4, 13, 13, 13, 6, 13, 8, 13, 8, 13, 13, 13, 13, 13, 13, 13, 0, 0, 0, 0, 0, 0, 0, 0]",183.29218686735524
10231948,C#,52,"[5, 6, 5, 13, 5, 13, 13, 13, 8, 13, 13, 13, 5, 13, 3, 13, 3, 13, 13, 13, 0, 0, 0, 0, 0, 0, 0, 0, 0, 0, 0, 0, 1, 0, 0, 0, 0, 0, 0, 0, 0, 0, 0, 8, 1, 3, 13, 13, 3, 13, 13, 8, 8, 13, 8, 13, 0, 0, 0, 0, 1, 3, 13, 13]",138.02287551063165
10231948,C#,252,"[1, 13, 13, 13, 3, 13, 13, 13, 5, 13, 13, 1, 1, 1, 13, 13, 8, 0, 0, 0, 0, 0, 0, 0, 0, 0, 0, 1, 1, 1, 13, 13, 12, 13, 13, 13, 0, 0, 0, 0, 0, 0, 0, 12, 12, 12, 13, 13, 10, 13, 13, 13, 0, 0, 0, 0, 0, 0, 0, 1, 1, 1, 13, 1]",149.8792268065754
10231948,C#,112,"[8, 0, 0, 0, 0, 0, 0, 0, 0, 0, 0, 1, 1, 1, 13, 13, 12, 13, 13, 13, 0, 0, 0, 0, 0, 0, 0, 12, 12, 12, 13, 13, 10, 13, 13, 13, 0, 0, 0, 0, 0, 0, 0, 1, 1, 1, 13, 1, 1, 13, 13, 13, 3, 13, 13, 13, 5, 13, 13, 1, 1, 1, 13, 13]",149.616425811993
10231948,C#,288,"[8, 0, 0, 0, 0, 0, 0, 0, 0, 0, 0, 0, 0, 0, 0, 0, 3, 0, 0, 0, 0, 0, 0, 0, 0, 0, 0, 0, 0, 0, 0, 0, 5, 0, 0, 0, 0, 0, 0, 0, 0, 0, 0, 0, 0, 0, 0, 0, 1, 0, 0, 0, 0, 0, 0, 0, 0, 0, 0, 0, 0, 0, 0, 0]",132.6919551707757
10231948,C#,240,"[8, 0, 0, 0, 0, 0, 0, 0, 0, 0, 0, 1, 1, 1, 13, 13, 12, 13, 13, 13, 0, 0, 0, 0, 0, 0, 0, 12, 12, 12, 13, 13, 10, 13, 13, 13, 0, 0, 0, 0, 0, 0, 0, 1, 1, 1, 13, 1, 1, 13, 13, 13, 3, 13, 13, 13, 5, 13, 13, 1, 1, 1, 13, 13]",153.30126809352586
10231948,C#,248,"[10, 13, 13, 13, 0, 0, 0, 0, 0, 0, 0, 1, 1, 1, 13, 1, 1, 13, 13, 13, 3, 13, 13, 13, 5, 13, 13, 1, 1, 1, 13, 13, 8, 0, 0, 0, 0, 0, 0, 0, 0, 0, 0, 1, 1, 1, 13, 13, 12, 13, 13, 13, 0, 0, 0, 0, 0, 0, 0, 12, 12, 12, 13, 13]",149.17351738125535
10231948,C#,292,"[3, 0, 0, 0, 0, 0, 0, 0, 0, 0, 0, 0, 0, 0, 0, 0, 5, 0, 0, 0, 0, 0, 0, 0, 0, 0, 0, 0, 0, 0, 0, 0, 1, 0, 0, 0, 0, 0, 0, 0, 0, 0, 0, 0, 0, 0, 0, 0, 8, 0, 0, 0, 0, 0, 0, 0, 0, 0, 0, 0, 0, 0, 0, 0]",142.73770719267753
10231948,C#,256,"[8, 0, 0, 0, 0, 0, 0, 0, 0, 0, 0, 1, 1, 1, 13, 13, 12, 13, 13, 13, 0, 0, 0, 0, 0, 0, 0, 12, 12, 12, 13, 13, 10, 13, 13, 13, 0, 0, 0, 0, 0, 0, 0, 1, 1, 1, 13, 1, 1, 13, 13, 13, 3, 13, 13, 13, 5, 13, 13, 1, 1, 1, 13, 13]",161.30002983143203
10231948,C#,176,"[3, 13, 13, 13, 13, 13, 13, 13, 1, 13, 13, 1, 1, 1, 1, 13, 3, 13, 13, 13, 13, 13, 13, 13, 5, 13, 13, 13, 10, 13, 3, 13, 3, 13, 13, 13, 0, 0, 0, 0, 0, 0, 0, 0, 0, 0, 0, 0, 1, 0, 0, 0, 0, 0, 0, 0, 0, 0, 0, 8, 1, 3, 13, 13]",143.84779244821158
10231948,C#,100,"[12, 13, 13, 13, 1, 13, 13, 13, 3, 13, 3, 10, 10, 10, 13, 10, 10, 13, 13, 13, 1, 13, 13, 13, 3, 13, 13, 10, 10, 10, 13, 10, 10, 13, 13, 13, 1, 13, 13, 13, 3, 13, 13, 1, 1, 1, 13, 13, 8, 0, 0, 0, 0, 0, 0, 0, 0, 0, 0, 1, 1, 1, 13, 13]",169.85296829596984
10231948,C#,128,"[8, 0, 0, 0, 0, 0, 0, 0, 0, 0, 0, 1, 1, 1, 13, 13, 12, 13, 13, 13, 0, 0, 0, 0, 0, 0, 0, 12, 12, 12, 13, 13, 10, 13, 13, 13, 0, 0, 0, 0, 0, 0, 0, 1, 1, 1, 13, 1, 1, 13, 13, 13, 3, 13, 13, 13, 5, 13, 1, 1, 1, 1, 1, 13]",169.9677001964053
10231948,C#,44,"[1, 0, 0, 0, 0, 0, 0, 0, 0, 0, 0, 0, 1, 13, 3, 13, 5, 6, 5, 13, 5, 13, 13, 13, 8, 13, 13, 13, 8, 13, 8, 13, 5, 6, 5, 13, 5, 13, 13, 13, 8, 13, 13, 13, 5, 13, 3, 13, 3, 13, 13, 13, 0, 0, 0, 0, 0, 0, 0, 0, 0, 0, 0, 0]",149.03367434789442
10231948,C#,48,"[5, 6, 5, 13, 5, 13, 13, 13, 8, 13, 13, 13, 8, 13, 8, 13, 5, 6, 5, 13, 5, 13, 13, 13, 8, 13, 13, 13, 5, 13, 3, 13, 3, 13, 13, 13, 0, 0, 0, 0, 0, 0, 0, 0, 0, 0, 0, 0, 1, 0, 0, 0, 0, 0, 0, 0, 0, 0, 0, 8, 1, 3, 13, 13]",138.50041998678378
10231948,C#,64,"[3, 13, 13, 8, 8, 13, 8, 13, 0, 0, 0, 0, 1, 3, 13, 13, 3, 13, 13, 8, 8, 13, 8, 13, 0, 0, 0, 8, 3, 13, 3, 13, 5, 0, 0, 0, 1, 13, 13, 13, 0, 0, 0, 0, 0, 0, 0, 0, 1, 0, 0, 0, 0, 0, 0, 0, 0, 0, 0, 0, 0, 0, 1, 13]",136.83788980688882
10231948,C#,144,"[8, 13, 13, 13, 13, 13, 13, 13, 10, 13, 13, 13, 1, 1, 13, 13, 8, 13, 13, 13, 13, 13, 13, 13, 10, 13, 13, 13, 5, 13, 5, 13, 5, 0, 0, 0, 0, 0, 0, 0, 0, 0, 0, 0, 0, 0, 0, 0, 1, 0, 0, 0, 0, 0, 0, 0, 0, 0, 0, 10, 1, 1, 3, 13]",172.5017598690421
10231948,C#,140,"[1, 13, 13, 13, 3, 13, 13, 13, 5, 13, 1, 1, 1, 1, 1, 13, 8, 13, 13, 13, 13, 13, 13, 13, 10, 13, 13, 13, 1, 1, 13, 13, 8, 13, 13, 13, 13, 13, 13, 13, 10, 13, 13, 13, 5, 13, 5, 13, 5, 0, 0, 0, 0, 0, 0, 0, 0, 0, 0, 0, 0, 0, 0, 0]",146.8277912055598
10231948,C#,156,"[1, 0, 0, 0, 0, 0, 0, 0, 0, 0, 0, 10, 1, 1, 3, 13, 5, 6, 5, 13, 5, 13, 13, 13, 8, 13, 13, 13, 8, 8, 8, 13, 5, 6, 5, 13, 5, 13, 13, 13, 8, 13, 13, 13, 3, 13, 3, 13, 5, 0, 0, 0, 0, 0, 0, 0, 0, 0, 0, 0, 0, 0, 0, 0]",141.7782887346965
10231948,C#,292,"[3, 0, 0, 0, 0, 0, 0, 0, 0, 0, 0, 0, 0, 0, 0, 0, 5, 0, 0, 0, 0, 0, 0, 0, 0, 0, 0, 0, 0, 0, 0, 0, 1, 0, 0, 0, 0, 0, 0, 0, 0, 0, 0, 0, 0, 0, 0, 0, 8, 0, 0, 0, 0, 0, 0, 0, 0, 0, 0, 0, 0, 0, 0, 0]",151.0854270881346
10231948,C#,92,"[10, 13, 13, 13, 1, 13, 13, 13, 3, 13, 13, 1, 1, 1, 13, 13, 1, 13, 13, 13, 3, 13, 13, 13, 5, 13, 13, 1, 1, 1, 13, 1, 12, 13, 13, 13, 1, 13, 13, 13, 3, 13, 3, 10, 10, 10, 13, 10, 10, 13, 13, 13, 1, 13, 13, 13, 3, 13, 13, 10, 10, 10, 13, 10]",173.09749985017112
10231948,C#,52,"[5, 6, 5, 13, 5, 13, 13, 13, 8, 13, 13, 13, 5, 13, 3, 13, 3, 13, 13, 13, 0, 0, 0, 0, 0, 0, 0, 0, 0, 0, 0, 0, 1, 0, 0, 0, 0, 0, 0, 0, 0, 0, 0, 8, 1, 3, 13, 13, 3, 13, 13, 8, 8, 13, 8, 13, 0, 0, 0, 0, 1, 3, 13, 13]",149.56533764500668
10231948,C#,200,"[5, 0, 0, 0, 1, 13, 13, 13, 0, 0, 0, 0, 0, 0, 0, 0, 1, 0, 0, 0, 0, 0, 0, 0, 8, 13, 13, 13, 0, 0, 1, 13, 1, 13, 13, 13, 3, 13, 13, 13, 5, 13, 13, 1, 1, 1, 13, 1, 12, 13, 13, 13, 1, 13, 13, 13, 3, 13, 3, 10, 10, 10, 13, 10]",150.96939633599607
10231948,C#,68,"[3, 13, 13, 8, 8, 13, 8, 13, 0, 0, 0, 8, 3, 13, 3, 13, 5, 0, 0, 0, 1, 13, 13, 13, 0, 0, 0, 0, 0, 0, 0, 0, 1, 0, 0, 0, 0, 0, 0, 0, 0, 0, 0, 0, 0, 0, 1, 13, 1, 13, 13, 13, 3, 13, 13, 13, 5, 13, 13, 1, 1, 1, 13, 1]",161.09654306462195
10231948,C#,208,"[1, 13, 13, 13, 3, 13, 13, 13, 5, 13, 13, 1, 1, 1, 13, 1, 12, 13, 13, 13, 1, 13, 13, 13, 3, 13, 3, 10, 10, 10, 13, 10, 10, 13, 13, 13, 1, 13, 13, 13, 3, 13, 13, 10, 10, 10, 13, 10, 10, 13, 13, 13, 1, 13, 13, 13, 3, 13, 13, 1, 1, 1, 13, 13]",158.10875119705548
10231948,C#,252,"[1, 13, 13, 13, 3, 13, 13, 13, 5, 13, 13, 1, 1, 1, 13, 13, 8, 0, 0, 0, 0, 0, 0, 0, 0, 0, 0, 1, 1, 1, 13, 13, 12, 13, 13, 13, 0, 0, 0, 0, 0, 0, 0, 12, 12, 12, 13, 13, 10, 13, 13, 13, 0, 0, 0, 0, 0, 0, 0, 1, 1, 1, 13, 1]",131.97845263523746
10231948,C#,236,"[10, 13, 13, 13, 1, 13, 13, 13, 3, 13, 13, 1, 1, 1, 13, 13, 8, 0, 0, 0, 0, 0, 0, 0, 0, 0, 0, 1, 1, 1, 13, 13, 12, 13, 13, 13, 0, 0, 0, 0, 0, 0, 0, 12, 12, 12, 13, 13, 10, 13, 13, 13, 0, 0, 0, 0, 0, 0, 0, 1, 1, 1, 13, 1]",157.29437117924755
10231948,C#,268,"[1, 13, 13, 13, 3, 13, 13, 13, 5, 13, 13, 1, 1, 1, 13, 13, 8, 0, 0, 0, 0, 0, 0, 0, 0, 0, 0, 0, 0, 0, 0, 0, 3, 0, 0, 0, 0, 0, 0, 0, 0, 0, 0, 0, 0, 0, 0, 0, 5, 0, 0, 0, 0, 0, 0, 0, 0, 0, 0, 0, 0, 0, 0, 0]",154.72567546119632
10231948,C#,224,"[1, 13, 13, 13, 3, 13, 13, 13, 5, 13, 13, 1, 1, 1, 13, 1, 12, 13, 13, 13, 1, 13, 13, 13, 3, 13, 3, 10, 10, 10, 13, 10, 10, 13, 13, 13, 1, 13, 13, 13, 3, 13, 13, 10, 10, 10, 13, 10, 10, 13, 13, 13, 1, 13, 13, 13, 3, 13, 13, 1, 1, 1, 13, 13]",168.65759177860264
10231948,C#,264,"[10, 13, 13, 13, 0, 0, 0, 0, 0, 0, 0, 1, 1, 1, 13, 1, 1, 13, 13, 13, 3, 13, 13, 13, 5, 13, 13, 1, 1, 1, 13, 13, 8, 0, 0, 0, 0, 0, 0, 0, 0, 0, 0, 0, 0, 0, 0, 0, 3, 0, 0, 0, 0, 0, 0, 0, 0, 0, 0, 0, 0, 0, 0, 0]",164.38826623070048
10231948,C#,172,"[1, 0, 0, 0, 0, 0, 0, 0, 0, 0, 0, 0, 1, 13, 1, 13, 3, 13, 13, 13, 13, 13, 13, 13, 1, 13, 13, 1, 1, 1, 1, 13, 3, 13, 13, 13, 13, 13, 13, 13, 5, 13, 13, 13, 10, 13, 3, 13, 3, 13, 13, 13, 0, 0, 0, 0, 0, 0, 0, 0, 0, 0, 0, 0]",164.06398625550742
10231948,C#,220,"[10, 13, 13, 13, 1, 13, 13, 13, 3, 13, 13, 1, 1, 1, 13, 13, 1, 13, 13, 13, 3, 13, 13, 13, 5, 13, 13, 1, 1, 1, 13, 1, 12, 13, 13, 13, 1, 13, 13, 13, 3, 13, 3, 10, 10, 10, 13, 10, 10, 13, 13, 13, 1, 13, 13, 13, 3, 13, 13, 10, 10, 10, 13, 10]",155.95612097454563
10231948,C#,292,"[3, 0, 0, 0, 0, 0, 0, 0, 0, 0, 0, 0, 0, 0, 0, 0, 5, 0, 0, 0, 0, 0, 0, 0, 0, 0, 0, 0, 0, 0, 0, 0, 1, 0, 0, 0, 0, 0, 0, 0, 0, 0, 0, 0, 0, 0, 0, 0, 8, 0, 0, 0, 0, 0, 0, 0, 0, 0, 0, 0, 0, 0, 0, 0]",149.8874528673613
10231948,C#,192,"[3, 13, 13, 8, 8, 13, 8, 13, 0, 0, 0, 0, 1, 3, 13, 13, 3, 13, 13, 8, 8, 13, 8, 13, 0, 0, 0, 8, 3, 13, 3, 13, 5, 0, 0, 0, 1, 13, 13, 13, 0, 0, 0, 0, 0, 0, 0, 0, 1, 0, 0, 0, 0, 0, 0, 0, 8, 13, 13, 13, 0, 0, 1, 13]",157.96631046028847
10231948,C#,116,"[12, 13, 13, 13, 0, 0, 0, 0, 0, 0, 0, 12, 12, 12, 13, 13, 10, 13, 13, 13, 0, 0, 0, 0, 0, 0, 0, 1, 1, 1, 13, 1, 1, 13, 13, 13, 3, 13, 13, 13, 5, 13, 13, 1, 1, 1, 13, 13, 8, 0, 0, 0, 0, 0, 0, 0, 0, 0, 0, 1, 1, 1, 13, 13]",140.04042515602504
10231948,C#,68,"[3, 13, 13, 8, 8, 13, 8, 13, 0, 0, 0, 8, 3, 13, 3, 13, 5, 0, 0, 0, 1, 13, 13, 13, 0, 0, 0, 0, 0, 0, 0, 0, 1, 0, 0, 0, 0, 0, 0, 0, 0, 0, 0, 0, 0, 0, 1, 13, 1, 13, 13, 13, 3, 13, 13, 13, 5, 13, 13, 1, 1, 1, 13, 1]",139.28839001996317
10231948,C#,116,"[12, 13, 13, 13, 0, 0, 0, 0, 0, 0, 0, 12, 12, 12, 13, 13, 10, 13, 13, 13, 0, 0, 0, 0, 0, 0, 0, 1, 1, 1, 13, 1, 1, 13, 13, 13, 3, 13, 13, 13, 5, 13, 13, 1, 1, 1, 13, 13, 8, 0, 0, 0, 0, 0, 0, 0, 0, 0, 0, 1, 1, 1, 13, 13]",151.46815538996458
10231948,C#,112,"[8, 0, 0, 0, 0, 0, 0, 0, 0, 0, 0, 1, 1, 1, 13, 13, 12, 13, 13, 13, 0, 0, 0, 0, 0, 0, 0, 12, 12, 12, 13, 13, 10, 13, 13, 13, 0, 0, 0, 0, 0, 0, 0, 1, 1, 1, 13, 1, 1, 13, 13, 13, 3, 13, 13, 13, 5, 13, 13, 1, 1, 1, 13, 13]",173.13863015410084
10231948,C#,76,"[1, 0, 0, 0, 0, 0, 0, 0, 0, 0, 0, 0, 0, 0, 1, 13, 1, 13, 13, 13, 3, 13, 13, 13, 5, 13, 13, 1, 1, 1, 13, 1, 12, 13, 13, 13, 1, 13, 13, 13, 3, 13, 3, 10, 10, 10, 13, 10, 10, 13, 13, 13, 1, 13, 13, 13, 3, 13, 13, 10, 10, 10, 13, 10]",152.53234788532444
11061016,C#,416,"[12, 13, 13, 13, 5, 13, 13, 13, 3, 13, 13, 13, 5, 13, 13, 13, 3, 13, 13, 13, 13, 13, 13, 13, 1, 13, 13, 13, 13, 13, 13, 13, 0, 0, 0, 0, 0, 0, 0, 0, 0, 0, 0, 0, 0, 0, 12, 13, 1, 13, 13, 13, 1, 13, 12, 13, 1, 13, 3, 13, 0, 0, 12, 13]",186.23365302417983
11061016,C#,400,"[5, 13, 13, 13, 13, 13, 13, 13, 1, 13, 13, 13, 13, 13, 13, 13, 0, 0, 1, 13, 1, 13, 13, 13, 1, 13, 12, 13, 10, 13, 10, 13, 0, 0, 7, 13, 10, 13, 12, 13, 1, 13, 12, 13, 10, 13, 10, 13, 0, 0, 1, 13, 1, 13, 10, 13, 1, 13, 10, 13, 1, 13, 3, 13]",163.49508920957462
11061016,C#,416,"[12, 13, 13, 13, 5, 13, 13, 13, 3, 13, 13, 13, 5, 13, 13, 13, 3, 13, 13, 13, 13, 13, 13, 13, 1, 13, 13, 13, 13, 13, 13, 13, 0, 0, 0, 0, 0, 0, 0, 0, 0, 0, 0, 0, 0, 0, 12, 13, 1, 13, 13, 13, 1, 13, 12, 13, 1, 13, 3, 13, 0, 0, 12, 13]",176.7749819720534
11061016,C#,60,"[3, 13, 6, 13, 0, 0, 5, 13, 0, 0, 3, 13, 0, 0, 1, 13, 1, 13, 13, 13, 12, 13, 13, 13, 10, 13, 12, 13, 12, 13, 13, 13, 0, 0, 0, 0, 1, 13, 13, 13, 12, 13, 12, 13, 10, 13, 13, 13, 8, 13, 1, 13, 0, 0, 5, 13, 5, 13, 13, 13, 0, 0, 10, 13]",174.78037870674711
11061016,C#,300,"[8, 13, 13, 13, 6, 13, 6, 13, 5, 13, 5, 13, 3, 13, 5, 13, 0, 0, 10, 13, 0, 0, 1, 13, 0, 0, 0, 0, 0, 0, 1, 13, 3, 13, 13, 13, 6, 13, 13, 13, 5, 13, 13, 13, 3, 13, 3, 13, 5, 13, 13, 13, 10, 13, 13, 13, 1, 13, 13, 13, 0, 0, 1, 13]",191.75030915757094
11061016,C#,456,"[0, 0, 0, 0, 0, 0, 0, 0, 0, 0, 0, 0, 0, 0, 12, 13, 1, 13, 13, 13, 1, 13, 12, 13, 1, 13, 3, 13, 0, 0, 12, 13, 0, 0, 5, 13, 5, 13, 13, 13, 3, 13, 13, 13, 5, 13, 13, 13, 3, 13, 13, 13, 13, 13, 13, 13, 1, 13, 13, 13, 13, 13, 13, 13]",172.13634958991935
11061016,C#,364,"[0, 0, 5, 13, 5, 13, 13, 13, 5, 13, 3, 13, 1, 13, 3, 13, 5, 13, 13, 13, 13, 13, 13, 13, 1, 13, 13, 13, 13, 13, 13, 13, 0, 0, 1, 13, 1, 13, 1, 13, 13, 13, 12, 13, 10, 13, 10, 13, 0, 0, 1, 13, 1, 13, 1, 13, 13, 13, 12, 13, 10, 13, 10, 13]",192.2430069035919
11061016,C#,600,"[0, 0, 0, 0, 6, 13, 4, 13, 4, 13, 2, 13, 11, 13, 1, 13, 2, 13, 13, 13, 2, 13, 1, 13, 2, 13, 4, 13, 0, 0, 1, 13, 0, 0, 6, 13, 6, 13, 13, 13, 4, 13, 13, 13, 6, 13, 13, 13, 4, 13, 13, 13, 13, 13, 13, 13, 2, 13, 13, 13, 13, 13, 13, 13]",170.44178106801598
11061016,C#,320,"[0, 0, 12, 13, 0, 0, 10, 13, 0, 0, 12, 13, 0, 0, 0, 0, 0, 0, 0, 0, 1, 13, 13, 13, 12, 13, 13, 13, 10, 13, 13, 13, 8, 13, 1, 13, 0, 0, 5, 13, 5, 13, 13, 13, 8, 13, 10, 13, 8, 13, 13, 13, 6, 13, 13, 13, 5, 13, 13, 13, 3, 13, 13, 13]",192.69847090079224
11061016,C#,80,"[5, 13, 10, 13, 0, 0, 1, 13, 0, 0, 0, 0, 10, 13, 10, 13, 3, 13, 13, 13, 6, 13, 13, 13, 5, 13, 13, 13, 3, 13, 13, 13, 5, 13, 13, 13, 10, 13, 1, 13, 0, 0, 0, 0, 0, 0, 0, 0, 3, 13, 13, 13, 5, 13, 6, 13, 0, 0, 10, 13, 0, 0, 9, 13]",198.97582118159883
11061016,C#,560,"[6, 13, 13, 13, 6, 13, 13, 13, 4, 13, 13, 13, 6, 13, 13, 13, 4, 13, 13, 13, 13, 13, 13, 13, 2, 13, 13, 13, 13, 13, 13, 13, 0, 0, 0, 0, 0, 0, 0, 0, 0, 0, 0, 0, 0, 0, 1, 13, 2, 13, 13, 13, 2, 13, 1, 13, 2, 13, 4, 13, 0, 0, 1, 13]",192.2135662649896
11061016,C#,328,"[8, 13, 1, 13, 0, 0, 5, 13, 5, 13, 13, 13, 8, 13, 10, 13, 8, 13, 13, 13, 6, 13, 13, 13, 5, 13, 13, 13, 3, 13, 13, 13, 5, 13, 10, 13, 0, 0, 1, 13, 0, 0, 0, 0, 0, 0, 0, 0, 3, 13, 13, 13, 6, 13, 13, 13, 5, 13, 5, 13, 3, 13, 13, 13]",166.83054038298891
11061016,C#,308,"[3, 13, 13, 13, 6, 13, 13, 13, 5, 13, 13, 13, 3, 13, 3, 13, 5, 13, 13, 13, 10, 13, 13, 13, 1, 13, 13, 13, 0, 0, 1, 13, 3, 13, 6, 13, 0, 0, 5, 13, 0, 0, 3, 13, 0, 0, 1, 13, 0, 0, 12, 13, 0, 0, 10, 13, 0, 0, 12, 13, 0, 0, 0, 0]",171.4540194952541
11061016,C#,120,"[0, 0, 1, 13, 1, 13, 1, 13, 13, 13, 12, 13, 10, 13, 10, 13, 0, 0, 10, 13, 12, 13, 1, 13, 0, 0, 12, 13, 10, 13, 1, 13, 0, 0, 3, 13, 0, 0, 12, 13, 12, 13, 13, 13, 0, 0, 0, 0, 0, 0, 5, 13, 5, 13, 13, 13, 5, 13, 3, 13, 1, 13, 1, 13]",179.9623640513208
11061016,C#,220,"[1, 13, 13, 1, 13, 12, 13, 13, 1, 13, 13, 3, 13, 12, 13, 13, 0, 0, 0, 0, 5, 13, 13, 13, 3, 13, 13, 13, 5, 13, 13, 13, 3, 13, 13, 13, 13, 13, 13, 13, 13, 13, 13, 13, 10, 13, 13, 13, 10, 13, 13, 13, 13, 13, 13, 13, 13, 13, 13, 13, 13, 13, 13, 13]",186.4211206199857
11061016,C#,448,"[0, 0, 0, 0, 5, 13, 13, 13, 3, 13, 13, 13, 5, 13, 13, 13, 3, 13, 13, 13, 13, 13, 13, 13, 1, 13, 13, 13, 13, 13, 13, 13, 0, 0, 0, 0, 0, 0, 0, 0, 0, 0, 0, 0, 0, 0, 12, 13, 1, 13, 13, 13, 1, 13, 12, 13, 1, 13, 3, 13, 0, 0, 12, 13]",178.04006353081724
11061016,C#,380,"[0, 0, 10, 13, 12, 13, 1, 13, 0, 0, 12, 13, 10, 13, 1, 13, 0, 0, 3, 13, 0, 0, 12, 13, 12, 13, 13, 13, 0, 0, 0, 0, 0, 0, 5, 13, 5, 13, 13, 13, 5, 13, 3, 13, 1, 13, 1, 13, 0, 0, 5, 13, 5, 13, 5, 13, 13, 13, 3, 13, 1, 13, 1, 13]",198.5801043627384
11061016,C#,396,"[0, 0, 5, 13, 5, 13, 13, 13, 5, 13, 3, 13, 1, 13, 3, 13, 5, 13, 13, 13, 13, 13, 13, 13, 1, 13, 13, 13, 13, 13, 13, 13, 0, 0, 1, 13, 1, 13, 13, 13, 1, 13, 12, 13, 10, 13, 10, 13, 0, 0, 7, 13, 10, 13, 12, 13, 1, 13, 12, 13, 10, 13, 10, 13]",171.68088559271897
11061016,C#,188,"[1, 13, 13, 1, 13, 12, 13, 13, 1, 13, 13, 3, 13, 12, 13, 13, 0, 0, 0, 0, 5, 13, 13, 13, 3, 13, 13, 13, 5, 13, 13, 13, 3, 13, 13, 13, 13, 13, 13, 13, 1, 13, 13, 13, 13, 13, 13, 13, 0, 0, 0, 0, 0, 0, 0, 0, 0, 0, 0, 0, 0, 0, 12, 13]",180.8369241980364
11061016,C#,340,"[3, 13, 13, 13, 6, 13, 13, 13, 5, 13, 5, 13, 3, 13, 13, 13, 5, 13, 13, 13, 10, 13, 13, 13, 1, 13, 13, 13, 0, 0, 10, 13, 3, 13, 6, 13, 0, 0, 5, 13, 0, 0, 3, 13, 0, 0, 5, 13, 0, 0, 7, 13, 0, 0, 9, 13, 0, 0, 0, 0, 0, 0, 0, 0]",185.75784035029844
11061016,C#,460,"[1, 13, 13, 13, 1, 13, 12, 13, 1, 13, 3, 13, 0, 0, 12, 13, 0, 0, 5, 13, 5, 13, 13, 13, 3, 13, 13, 13, 5, 13, 13, 13, 3, 13, 13, 13, 13, 13, 13, 13, 1, 13, 13, 13, 13, 13, 13, 13, 0, 0, 0, 0, 0, 0, 0, 0, 0, 0, 0, 0, 0, 10, 13, 13]",174.47644740823506
11061016,C#,452,"[3, 13, 13, 13, 13, 13, 13, 13, 1, 13, 13, 13, 13, 13, 13, 13, 0, 0, 0, 0, 0, 0, 0, 0, 0, 0, 0, 0, 0, 0, 12, 13, 1, 13, 13, 13, 1, 13, 12, 13, 1, 13, 3, 13, 0, 0, 12, 13, 0, 0, 5, 13, 5, 13, 13, 13, 3, 13, 13, 13, 5, 13, 13, 13]",163.98605515332486
11061016,C#,476,"[1, 13, 13, 1, 13, 12, 13, 13, 1, 13, 13, 3, 13, 12, 13, 13, 0, 0, 0, 0, 5, 13, 13, 13, 5, 13, 13, 13, 5, 13, 13, 13, 3, 13, 13, 13, 13, 13, 13, 13, 13, 13, 13, 13, 10, 13, 13, 13, 10, 13, 13, 13, 13, 13, 13, 13, 13, 13, 13, 13, 13, 13, 13, 13]",174.48640527129172
11061016,C#,444,"[1, 13, 13, 1, 13, 12, 13, 13, 1, 13, 13, 3, 13, 12, 13, 13, 0, 0, 0, 0, 5, 13, 13, 13, 3, 13, 13, 13, 5, 13, 13, 13, 3, 13, 13, 13, 13, 13, 13, 13, 1, 13, 13, 13, 13, 13, 13, 13, 0, 0, 0, 0, 0, 0, 0, 0, 0, 0, 0, 0, 0, 0, 12, 13]",185.78078673038553
11061016,C#,296,"[0, 0, 1, 13, 0, 0, 5, 13, 5, 13, 13, 13, 0, 0, 10, 13, 8, 13, 13, 13, 6, 13, 6, 13, 5, 13, 5, 13, 3, 13, 5, 13, 0, 0, 10, 13, 0, 0, 1, 13, 0, 0, 0, 0, 0, 0, 1, 13, 3, 13, 13, 13, 6, 13, 13, 13, 5, 13, 13, 13, 3, 13, 3, 13]",192.69024484000633
11061016,C#,432,"[0, 0, 5, 13, 5, 13, 13, 13, 3, 13, 13, 13, 5, 13, 13, 13, 3, 13, 13, 13, 13, 13, 13, 13, 1, 13, 13, 13, 13, 13, 13, 13, 0, 0, 0, 0, 0, 0, 0, 0, 0, 0, 0, 0, 0, 10, 13, 13, 1, 13, 13, 1, 13, 12, 13, 13, 1, 13, 13, 3, 13, 12, 13, 13]",192.7045322087398
11061016,C#,324,"[0, 0, 0, 0, 1, 13, 13, 13, 12, 13, 13, 13, 10, 13, 13, 13, 8, 13, 1, 13, 0, 0, 5, 13, 5, 13, 13, 13, 8, 13, 10, 13, 8, 13, 13, 13, 6, 13, 13, 13, 5, 13, 13, 13, 3, 13, 13, 13, 5, 13, 10, 13, 0, 0, 1, 13, 0, 0, 0, 0, 0, 0, 0, 0]",195.65595622862108
11061016,C#,144,"[5, 13, 13, 13, 13, 13, 13, 13, 1, 13, 13, 13, 13, 13, 13, 13, 0, 0, 1, 13, 1, 13, 13, 13, 1, 13, 12, 13, 10, 13, 10, 13, 0, 0, 7, 13, 10, 13, 12, 13, 1, 13, 12, 13, 10, 13, 10, 13, 0, 0, 1, 13, 1, 13, 10, 13, 1, 13, 10, 13, 1, 13, 3, 13]",176.2563071919716
11061016,C#,396,"[0, 0, 5, 13, 5, 13, 13, 13, 5, 13, 3, 13, 1, 13, 3, 13, 5, 13, 13, 13, 13, 13, 13, 13, 1, 13, 13, 13, 13, 13, 13, 13, 0, 0, 1, 13, 1, 13, 13, 13, 1, 13, 12, 13, 10, 13, 10, 13, 0, 0, 7, 13, 10, 13, 12, 13, 1, 13, 12, 13, 10, 13, 10, 13]",171.57827630817854
11061016,C#,120,"[0, 0, 1, 13, 1, 13, 1, 13, 13, 13, 12, 13, 10, 13, 10, 13, 0, 0, 10, 13, 12, 13, 1, 13, 0, 0, 12, 13, 10, 13, 1, 13, 0, 0, 3, 13, 0, 0, 12, 13, 12, 13, 13, 13, 0, 0, 0, 0, 0, 0, 5, 13, 5, 13, 13, 13, 5, 13, 3, 13, 1, 13, 1, 13]",173.35900199305044
11061016,C#,620,"[2, 13, 13, 2, 13, 1, 13, 13, 2, 13, 13, 4, 13, 6, 13, 13, 0, 0, 0, 0, 6, 13, 13, 13, 4, 13, 13, 13, 6, 13, 13, 13, 0, 0, 0, 0, 0, 0, 0, 0, 6, 13, 13, 13, 6, 13, 13, 13, 6, 13, 13, 13, 13, 13, 13, 13, 13, 13, 13, 13, 13, 13, 13, 13]",200.5790371337215
11061016,C#,168,"[0, 0, 0, 0, 0, 0, 0, 0, 0, 0, 0, 0, 0, 0, 12, 13, 1, 13, 13, 13, 1, 13, 12, 13, 1, 13, 3, 13, 0, 0, 12, 13, 0, 0, 5, 13, 5, 13, 13, 13, 4, 13, 13, 13, 5, 13, 13, 13, 3, 13, 13, 13, 13, 13, 13, 13, 1, 13, 13, 13, 13, 13, 13, 13]",188.96816880965292
11061016,C#,380,"[0, 0, 10, 13, 12, 13, 1, 13, 0, 0, 12, 13, 10, 13, 1, 13, 0, 0, 3, 13, 0, 0, 12, 13, 12, 13, 13, 13, 0, 0, 0, 0, 0, 0, 5, 13, 5, 13, 13, 13, 5, 13, 3, 13, 1, 13, 1, 13, 0, 0, 5, 13, 5, 13, 5, 13, 13, 13, 3, 13, 1, 13, 1, 13]",201.71423352218105
11061016,C#,628,"[0, 0, 0, 0, 0, 0, 0, 0, 6, 13, 13, 13, 6, 13, 13, 13, 6, 13, 13, 13, 13, 13, 13, 13, 13, 13, 13, 13, 13, 13, 13, 13, 6, 13, 13, 13, 13, 13, 13, 13, 13, 13, 13, 13, 13, 13, 13, 13, 6, 13, 13, 13, 13, 13, 13, 13, 13, 13, 13, 13, 13, 13, 13, 13]",166.56817233897425
11061016,C#,388,"[0, 0, 5, 13, 5, 13, 13, 13, 5, 13, 3, 13, 1, 13, 1, 13, 0, 0, 5, 13, 5, 13, 5, 13, 13, 13, 3, 13, 1, 13, 1, 13, 0, 0, 5, 13, 5, 13, 13, 13, 5, 13, 3, 13, 1, 13, 3, 13, 5, 13, 13, 13, 13, 13, 13, 13, 1, 13, 13, 13, 13, 13, 13, 13]",199.48020859294718
11061016,C#,76,"[8, 13, 13, 13, 6, 13, 13, 13, 5, 13, 13, 13, 3, 13, 13, 13, 5, 13, 10, 13, 0, 0, 1, 13, 0, 0, 0, 0, 10, 13, 10, 13, 3, 13, 13, 13, 6, 13, 13, 13, 5, 13, 13, 13, 3, 13, 13, 13, 5, 13, 13, 13, 10, 13, 1, 13, 0, 0, 0, 0, 0, 0, 0, 0]",203.28151457718621
11061016,C#,132,"[0, 0, 5, 13, 5, 13, 13, 13, 5, 13, 3, 13, 1, 13, 1, 13, 0, 0, 5, 13, 5, 13, 5, 13, 13, 13, 3, 13, 1, 13, 1, 13, 0, 0, 5, 13, 5, 13, 13, 13, 5, 13, 3, 13, 1, 13, 3, 13, 5, 13, 13, 13, 13, 13, 13, 13, 1, 13, 13, 13, 13, 13, 13, 13]",183.2895891639492
11061016,C#,428,"[1, 13, 13, 13, 1, 13, 12, 13, 1, 13, 3, 13, 0, 0, 12, 13, 0, 0, 5, 13, 5, 13, 13, 13, 3, 13, 13, 13, 5, 13, 13, 13, 3, 13, 13, 13, 13, 13, 13, 13, 1, 13, 13, 13, 13, 13, 13, 13, 0, 0, 0, 0, 0, 0, 0, 0, 0, 0, 0, 0, 0, 10, 13, 13]",187.54029783744107
11061016,C#,100,"[0, 0, 5, 13, 5, 13, 13, 13, 5, 13, 3, 13, 1, 13, 1, 13, 0, 0, 5, 13, 5, 13, 13, 13, 5, 13, 3, 13, 1, 13, 1, 13, 0, 0, 5, 13, 5, 13, 13, 13, 5, 13, 3, 13, 1, 13, 3, 13, 5, 13, 13, 13, 13, 13, 13, 13, 1, 13, 13, 13, 13, 13, 13, 13]",164.82208269951684
11061016,C#,404,"[0, 0, 1, 13, 1, 13, 13, 13, 1, 13, 12, 13, 10, 13, 10, 13, 0, 0, 7, 13, 10, 13, 12, 13, 1, 13, 12, 13, 10, 13, 10, 13, 0, 0, 1, 13, 1, 13, 10, 13, 1, 13, 10, 13, 1, 13, 3, 13, 12, 13, 13, 13, 5, 13, 13, 13, 3, 13, 13, 13, 5, 13, 13, 13]",202.9654606627791
11061016,C#,160,"[12, 13, 13, 13, 5, 13, 13, 13, 3, 13, 13, 13, 5, 13, 13, 13, 3, 13, 13, 13, 13, 13, 13, 13, 1, 13, 13, 13, 13, 13, 13, 13, 0, 0, 0, 0, 0, 0, 0, 0, 0, 0, 0, 0, 0, 0, 12, 13, 1, 13, 13, 13, 1, 13, 12, 13, 1, 13, 3, 13, 0, 0, 12, 13]",202.911341841819
11061016,C#,96,"[0, 0, 10, 13, 0, 0, 12, 13, 12, 13, 13, 13, 0, 0, 0, 0, 0, 0, 5, 13, 5, 13, 13, 13, 5, 13, 3, 13, 1, 13, 1, 13, 0, 0, 5, 13, 5, 13, 13, 13, 5, 13, 3, 13, 1, 13, 1, 13, 0, 0, 5, 13, 5, 13, 13, 13, 5, 13, 3, 13, 1, 13, 3, 13]",163.0699317521119
11061016,C#,556,"[0, 0, 0, 0, 0, 0, 0, 0, 6, 13, 13, 13, 13, 13, 13, 13, 6, 13, 13, 13, 6, 13, 13, 13, 4, 13, 13, 13, 6, 13, 13, 13, 4, 13, 13, 13, 13, 13, 13, 13, 2, 13, 13, 13, 13, 13, 13, 13, 0, 0, 0, 0, 0, 0, 0, 0, 0, 0, 0, 0, 0, 0, 1, 13]",185.6630241759763
11061016,C#,164,"[3, 13, 13, 13, 13, 13, 13, 13, 1, 13, 13, 13, 13, 13, 13, 13, 0, 0, 0, 0, 0, 0, 0, 0, 0, 0, 0, 0, 0, 0, 12, 13, 1, 13, 13, 13, 1, 13, 12, 13, 1, 13, 3, 13, 0, 0, 12, 13, 0, 0, 5, 13, 5, 13, 13, 13, 4, 13, 13, 13, 5, 13, 13, 13]",194.09733418496955
11061016,C#,336,"[5, 13, 10, 13, 0, 0, 1, 13, 0, 0, 0, 0, 0, 0, 0, 0, 3, 13, 13, 13, 6, 13, 13, 13, 5, 13, 5, 13, 3, 13, 13, 13, 5, 13, 13, 13, 10, 13, 13, 13, 1, 13, 13, 13, 0, 0, 10, 13, 3, 13, 6, 13, 0, 0, 5, 13, 0, 0, 3, 13, 0, 0, 5, 13]",163.12101991909825
11061016,C#,456,"[0, 0, 0, 0, 0, 0, 0, 0, 0, 0, 0, 0, 0, 0, 12, 13, 1, 13, 13, 13, 1, 13, 12, 13, 1, 13, 3, 13, 0, 0, 12, 13, 0, 0, 5, 13, 5, 13, 13, 13, 3, 13, 13, 13, 5, 13, 13, 13, 3, 13, 13, 13, 13, 13, 13, 13, 1, 13, 13, 13, 13, 13, 13, 13]",176.29483979249522
11061016,C#,620,"[2, 13, 13, 2, 13, 1, 13, 13, 2, 13, 13, 4, 13, 6, 13, 13, 0, 0, 0, 0, 6, 13, 13, 13, 4, 13, 13, 13, 6, 13, 13, 13, 0, 0, 0, 0, 0, 0, 0, 0, 6, 13, 13, 13, 6, 13, 13, 13, 6, 13, 13, 13, 13, 13, 13, 13, 13, 13, 13, 13, 13, 13, 13, 13]",198.9134762998528
11061016,C#,80,"[5, 13, 10, 13, 0, 0, 1, 13, 0, 0, 0, 0, 10, 13, 10, 13, 3, 13, 13, 13, 6, 13, 13, 13, 5, 13, 13, 13, 3, 13, 13, 13, 5, 13, 13, 13, 10, 13, 1, 13, 0, 0, 0, 0, 0, 0, 0, 0, 3, 13, 13, 13, 5, 13, 6, 13, 0, 0, 10, 13, 0, 0, 9, 13]",174.16299119723402
11061016,C#,56,"[5, 13, 10, 13, 10, 13, 1, 13, 1, 13, 13, 13, 0, 0, 1, 13, 3, 13, 6, 13, 0, 0, 5, 13, 0, 0, 3, 13, 0, 0, 1, 13, 1, 13, 13, 13, 12, 13, 13, 13, 10, 13, 12, 13, 12, 13, 13, 13, 0, 0, 0, 0, 1, 13, 13, 13, 12, 13, 12, 13, 10, 13, 13, 13]",194.7948175495036
11061016,C#,300,"[8, 13, 13, 13, 6, 13, 6, 13, 5, 13, 5, 13, 3, 13, 5, 13, 0, 0, 10, 13, 0, 0, 1, 13, 0, 0, 0, 0, 0, 0, 1, 13, 3, 13, 13, 13, 6, 13, 13, 13, 5, 13, 13, 13, 3, 13, 3, 13, 5, 13, 13, 13, 10, 13, 13, 13, 1, 13, 13, 13, 0, 0, 1, 13]",194.10209664121402
11061016,C#,124,"[0, 0, 10, 13, 12, 13, 1, 13, 0, 0, 12, 13, 10, 13, 1, 13, 0, 0, 3, 13, 0, 0, 12, 13, 12, 13, 13, 13, 0, 0, 0, 0, 0, 0, 5, 13, 5, 13, 13, 13, 5, 13, 3, 13, 1, 13, 1, 13, 0, 0, 5, 13, 5, 13, 5, 13, 13, 13, 3, 13, 1, 13, 1, 13]",192.538712141318
11061016,C#,476,"[1, 13, 13, 1, 13, 12, 13, 13, 1, 13, 13, 3, 13, 12, 13, 13, 0, 0, 0, 0, 5, 13, 13, 13, 5, 13, 13, 13, 5, 13, 13, 13, 3, 13, 13, 13, 13, 13, 13, 13, 13, 13, 13, 13, 10, 13, 13, 13, 10, 13, 13, 13, 13, 13, 13, 13, 13, 13, 13, 13, 13, 13, 13, 13]",197.85750986527887
11061016,C#,148,"[0, 0, 1, 13, 1, 13, 13, 13, 1, 13, 12, 13, 10, 13, 10, 13, 0, 0, 7, 13, 10, 13, 12, 13, 1, 13, 12, 13, 10, 13, 10, 13, 0, 0, 1, 13, 1, 13, 10, 13, 1, 13, 10, 13, 1, 13, 3, 13, 12, 13, 13, 13, 5, 13, 13, 13, 3, 13, 13, 13, 5, 13, 13, 13]",192.79978133362962
11061016,C#,292,"[0, 0, 1, 13, 1, 13, 13, 13, 12, 13, 10, 13, 0, 0, 8, 13, 0, 0, 1, 13, 0, 0, 5, 13, 5, 13, 13, 13, 0, 0, 10, 13, 8, 13, 13, 13, 6, 13, 6, 13, 5, 13, 5, 13, 3, 13, 5, 13, 0, 0, 10, 13, 0, 0, 1, 13, 0, 0, 0, 0, 0, 0, 1, 13]",185.57297045789866
11061016,C#,100,"[0, 0, 5, 13, 5, 13, 13, 13, 5, 13, 3, 13, 1, 13, 1, 13, 0, 0, 5, 13, 5, 13, 13, 13, 5, 13, 3, 13, 1, 13, 1, 13, 0, 0, 5, 13, 5, 13, 13, 13, 5, 13, 3, 13, 1, 13, 3, 13, 5, 13, 13, 13, 13, 13, 13, 13, 1, 13, 13, 13, 13, 13, 13, 13]",187.26017882015145
11061016,C#,328,"[8, 13, 1, 13, 0, 0, 5, 13, 5, 13, 13, 13, 8, 13, 10, 13, 8, 13, 13, 13, 6, 13, 13, 13, 5, 13, 13, 13, 3, 13, 13, 13, 5, 13, 10, 13, 0, 0, 1, 13, 0, 0, 0, 0, 0, 0, 0, 0, 3, 13, 13, 13, 6, 13, 13, 13, 5, 13, 5, 13, 3, 13, 13, 13]",182.64579166980752
11061016,C#,456,"[0, 0, 0, 0, 0, 0, 0, 0, 0, 0, 0, 0, 0, 0, 12, 13, 1, 13, 13, 13, 1, 13, 12, 13, 1, 13, 3, 13, 0, 0, 12, 13, 0, 0, 5, 13, 5, 13, 13, 13, 3, 13, 13, 13, 5, 13, 13, 13, 3, 13, 13, 13, 13, 13, 13, 13, 1, 13, 13, 13, 13, 13, 13, 13]",186.97096784094055
7090923,F,148,"[5, 5, 5, 5, 5, 3, 3, 3, 13, 1, 1, 1, 1, 12, 12, 12, 12, 1, 1, 1, 1, 13, 0, 0, 12, 1, 1, 1, 13, 0, 0, 0, 5, 13, 0, 0, 3, 13, 0, 0, 1, 13, 0, 0, 12, 13, 0, 0, 12, 1, 1, 1, 13, 0, 0, 0, 12, 1, 1, 1, 13, 0, 0, 0]",173.77593338972724
7090923,F,272,"[5, 5, 5, 5, 5, 3, 3, 3, 13, 1, 1, 1, 1, 12, 12, 12, 12, 1, 1, 1, 13, 0, 0, 0, 12, 1, 1, 1, 13, 0, 0, 0, 5, 13, 0, 0, 3, 13, 0, 0, 1, 13, 0, 0, 12, 13, 0, 0, 12, 1, 1, 1, 13, 0, 0, 0, 12, 1, 1, 1, 13, 0, 0, 0]",144.85007301239307
7090923,F,380,"[0, 0, 3, 13, 3, 13, 1, 13, 5, 13, 13, 3, 13, 1, 10, 13, 0, 0, 0, 0, 0, 0, 1, 13, 3, 13, 1, 3, 13, 1, 3, 1, 10, 13, 13, 13, 0, 0, 0, 0, 0, 0, 5, 13, 5, 3, 1, 13, 5, 13, 13, 13, 13, 13, 13, 13, 13, 13, 13, 13, 13, 13, 13, 13]",156.92203369104192
7090923,F,392,"[5, 13, 13, 13, 13, 13, 13, 13, 13, 13, 13, 13, 13, 13, 13, 13, 5, 13, 13, 13, 13, 13, 13, 13, 13, 13, 13, 13, 13, 13, 13, 13, 5, 13, 13, 13, 13, 13, 13, 13, 0, 0, 0, 0, 0, 0, 0, 0, 0, 0, 3, 13, 3, 13, 1, 13, 5, 13, 13, 3, 13, 1, 10, 13]",175.76750600105976
7090923,F,120,"[1, 1, 8, 13, 0, 8, 8, 10, 13, 10, 13, 10, 13, 10, 1, 1, 3, 13, 13, 3, 13, 0, 0, 0, 1, 3, 13, 3, 13, 0, 0, 10, 1, 3, 13, 3, 13, 1, 13, 5, 13, 3, 13, 3, 13, 0, 0, 10, 1, 3, 13, 3, 13, 0, 0, 0, 1, 3, 13, 3, 13, 0, 0, 10]",186.77830483832253
7090923,F,136,"[1, 3, 13, 3, 13, 1, 13, 5, 13, 3, 13, 3, 10, 13, 0, 0, 5, 5, 5, 5, 5, 3, 3, 3, 13, 1, 1, 1, 1, 12, 12, 12, 12, 1, 1, 1, 13, 0, 0, 0, 12, 1, 1, 1, 13, 1, 0, 0, 5, 5, 5, 5, 5, 3, 3, 3, 13, 1, 1, 1, 1, 12, 12, 12]",177.55818954898828
7090923,F,132,"[1, 3, 13, 3, 13, 0, 0, 0, 1, 3, 13, 3, 13, 0, 0, 10, 1, 3, 13, 3, 13, 1, 13, 5, 13, 3, 13, 3, 10, 13, 0, 0, 5, 5, 5, 5, 5, 3, 3, 3, 13, 1, 1, 1, 1, 12, 12, 12, 12, 1, 1, 1, 13, 0, 0, 0, 12, 1, 1, 1, 13, 1, 0, 0]",182.82503320482746
7090923,F,28,"[1, 1, 10, 13, 0, 0, 8, 13, 10, 13, 10, 10, 13, 0, 0, 3, 5, 5, 13, 5, 5, 13, 10, 1, 1, 1, 13, 3, 13, 10, 10, 13, 1, 13, 1, 1, 1, 13, 8, 10, 13, 10, 13, 10, 13, 10, 1, 1, 3, 13, 13, 3, 3, 13, 0, 0, 1, 3, 13, 3, 13, 0, 0, 10]",154.67502024477764
7090923,F,220,"[0, 0, 0, 0, 0, 0, 0, 0, 0, 0, 5, 13, 5, 3, 1, 5, 5, 13, 13, 13, 13, 13, 13, 13, 13, 13, 13, 13, 13, 13, 13, 13, 5, 13, 13, 13, 13, 13, 5, 3, 1, 13, 10, 13, 1, 3, 13, 5, 5, 13, 3, 1, 3, 10, 13, 1, 13, 1, 13, 3, 13, 10, 10, 1]",151.86733581336645
7090923,F,268,"[12, 1, 1, 1, 13, 1, 0, 0, 12, 1, 1, 1, 13, 1, 0, 0, 5, 5, 5, 5, 5, 3, 3, 3, 13, 1, 1, 1, 1, 12, 12, 12, 12, 1, 1, 1, 13, 0, 0, 0, 12, 1, 1, 1, 13, 0, 0, 0, 5, 13, 0, 0, 3, 13, 0, 0, 1, 13, 0, 0, 12, 13, 0, 0]",164.52074910441087
7090923,F,396,"[5, 13, 13, 13, 13, 13, 13, 13, 13, 13, 13, 13, 13, 13, 13, 13, 5, 13, 13, 13, 13, 13, 13, 13, 0, 0, 0, 0, 0, 0, 0, 0, 0, 0, 3, 13, 3, 13, 1, 13, 5, 13, 13, 3, 13, 1, 10, 13, 0, 0, 3, 13, 3, 13, 1, 13, 5, 13, 13, 3, 13, 0, 0, 0]",144.33442888628502
7090923,F,44,"[1, 3, 13, 3, 13, 1, 13, 5, 13, 3, 13, 3, 13, 13, 13, 10, 1, 3, 13, 3, 13, 13, 13, 10, 10, 3, 13, 3, 13, 13, 13, 10, 1, 3, 13, 3, 13, 1, 13, 5, 13, 3, 13, 3, 13, 0, 0, 0, 5, 5, 5, 5, 5, 3, 3, 3, 13, 1, 1, 1, 1, 12, 12, 12]",162.47029521587373
7090923,F,48,"[1, 3, 13, 3, 13, 13, 13, 10, 10, 3, 13, 3, 13, 13, 13, 10, 1, 3, 13, 3, 13, 1, 13, 5, 13, 3, 13, 3, 13, 0, 0, 0, 5, 5, 5, 5, 5, 3, 3, 3, 13, 1, 1, 1, 1, 12, 12, 12, 12, 1, 1, 1, 13, 0, 0, 0, 12, 1, 1, 1, 1, 13, 0, 0]",166.15989995365106
7090923,F,292,"[1, 1, 1, 5, 5, 13, 13, 13, 13, 13, 13, 13, 13, 13, 13, 13, 3, 13, 13, 13, 13, 13, 13, 13, 13, 13, 13, 13, 3, 5, 3, 1, 1, 13, 13, 13, 13, 13, 13, 13, 13, 13, 13, 13, 13, 13, 13, 13, 12, 13, 13, 13, 13, 13, 13, 13, 12, 0, 5, 13, 13, 13, 13, 13]",174.6240835518143
7090923,F,212,"[0, 0, 3, 13, 3, 13, 1, 13, 5, 13, 13, 3, 13, 1, 10, 13, 0, 0, 0, 0, 0, 0, 1, 13, 3, 13, 1, 3, 13, 1, 3, 1, 0, 0, 0, 0, 0, 0, 0, 0, 0, 0, 5, 13, 5, 3, 1, 5, 5, 13, 13, 13, 13, 13, 13, 13, 13, 13, 13, 13, 13, 13, 13, 13]",172.5424572224041
7090923,F,264,"[5, 5, 5, 5, 5, 3, 3, 3, 13, 1, 1, 1, 1, 12, 12, 12, 12, 1, 1, 1, 13, 1, 0, 0, 12, 1, 1, 1, 13, 1, 0, 0, 5, 5, 5, 5, 5, 3, 3, 3, 13, 1, 1, 1, 1, 12, 12, 12, 12, 1, 1, 1, 13, 0, 0, 0, 12, 1, 1, 1, 13, 0, 0, 0]",186.01284823466256
7090923,F,28,"[1, 1, 10, 13, 0, 0, 8, 13, 10, 13, 10, 10, 13, 0, 0, 3, 5, 5, 13, 5, 5, 13, 10, 1, 1, 1, 13, 3, 13, 10, 10, 13, 1, 13, 1, 1, 1, 13, 8, 10, 13, 10, 13, 10, 13, 10, 1, 1, 3, 13, 13, 3, 3, 13, 0, 0, 1, 3, 13, 3, 13, 0, 0, 10]",176.4065410389569
7090923,F,388,"[10, 13, 13, 13, 0, 0, 0, 0, 0, 0, 5, 13, 5, 3, 1, 13, 5, 13, 13, 13, 13, 13, 13, 13, 13, 13, 13, 13, 13, 13, 13, 13, 5, 13, 13, 13, 13, 13, 13, 13, 13, 13, 13, 13, 13, 13, 13, 13, 5, 13, 13, 13, 13, 13, 13, 13, 0, 0, 0, 0, 0, 0, 0, 0]",174.81328294989086
7090923,F,228,"[5, 13, 13, 13, 13, 13, 5, 3, 1, 13, 10, 13, 1, 3, 13, 5, 5, 13, 3, 1, 3, 10, 13, 1, 13, 1, 13, 3, 13, 10, 10, 1, 1, 1, 10, 13, 0, 8, 13, 10, 13, 10, 10, 13, 0, 0, 0, 0, 5, 5, 13, 5, 13, 0, 10, 1, 13, 1, 13, 3, 13, 10, 10, 13]",176.81957588052455
7090923,F,88,"[3, 13, 13, 13, 13, 13, 13, 13, 13, 13, 13, 13, 3, 13, 5, 3, 1, 13, 13, 13, 13, 13, 13, 13, 13, 13, 13, 13, 13, 13, 13, 13, 12, 13, 13, 13, 13, 13, 13, 13, 12, 0, 5, 13, 0, 5, 3, 13, 5, 1, 1, 13, 0, 0, 0, 0, 0, 0, 0, 0, 0, 0, 0, 0]",177.23694022776903
7090923,F,296,"[3, 13, 13, 13, 13, 13, 13, 13, 13, 13, 13, 13, 3, 5, 3, 1, 1, 13, 13, 13, 13, 13, 13, 13, 13, 13, 13, 13, 13, 13, 13, 13, 12, 13, 13, 13, 13, 13, 13, 13, 12, 0, 5, 13, 13, 13, 13, 13, 1, 13, 0, 0, 0, 0, 0, 0, 0, 0, 0, 0, 0, 0, 0, 0]",166.87989674770452
7090923,F,360,"[0, 0, 3, 13, 3, 13, 1, 13, 5, 13, 13, 3, 13, 1, 10, 13, 0, 0, 3, 13, 3, 13, 1, 13, 5, 13, 13, 3, 13, 1, 10, 13, 5, 13, 0, 0, 3, 13, 0, 0, 1, 13, 0, 0, 12, 13, 0, 0, 10, 13, 13, 13, 0, 8, 10, 1, 0, 0, 0, 0, 0, 0, 0, 0]",176.87585945432306
7090923,F,228,"[5, 13, 13, 13, 13, 13, 5, 3, 1, 13, 10, 13, 1, 3, 13, 5, 5, 13, 3, 1, 3, 10, 13, 1, 13, 1, 13, 3, 13, 10, 10, 1, 1, 1, 10, 13, 0, 8, 13, 10, 13, 10, 10, 13, 0, 0, 0, 0, 5, 5, 13, 5, 13, 0, 10, 1, 13, 1, 13, 3, 13, 10, 10, 13]",179.14755108294517
7090923,F,252,"[1, 3, 13, 3, 13, 1, 13, 5, 13, 3, 13, 3, 13, 0, 0, 10, 1, 3, 13, 3, 13, 0, 0, 10, 1, 3, 13, 3, 13, 0, 0, 10, 1, 3, 13, 3, 13, 1, 13, 5, 13, 3, 13, 3, 10, 13, 13, 13, 5, 5, 5, 5, 5, 3, 3, 3, 13, 1, 1, 1, 1, 12, 12, 12]",164.8995808511317
7090923,F,276,"[12, 1, 1, 1, 13, 0, 0, 0, 12, 1, 1, 1, 13, 0, 0, 0, 5, 13, 0, 0, 3, 13, 0, 0, 1, 13, 0, 0, 12, 13, 0, 0, 12, 1, 1, 1, 13, 0, 0, 0, 12, 1, 1, 1, 13, 0, 0, 0, 5, 13, 0, 0, 3, 13, 0, 0, 1, 13, 0, 0, 12, 13, 0, 0]",144.21753223301116
7090923,F,212,"[0, 0, 3, 13, 3, 13, 1, 13, 5, 13, 13, 3, 13, 1, 10, 13, 0, 0, 0, 0, 0, 0, 1, 13, 3, 13, 1, 3, 13, 1, 3, 1, 0, 0, 0, 0, 0, 0, 0, 0, 0, 0, 5, 13, 5, 3, 1, 5, 5, 13, 13, 13, 13, 13, 13, 13, 13, 13, 13, 13, 13, 13, 13, 13]",175.7688048527628
7090923,F,108,"[8, 13, 5, 3, 5, 3, 1, 3, 0, 3, 13, 5, 13, 10, 10, 10, 1, 13, 1, 3, 13, 13, 13, 8, 10, 10, 10, 13, 0, 0, 5, 5, 8, 5, 13, 3, 13, 1, 13, 3, 13, 1, 13, 5, 13, 10, 10, 1, 1, 1, 8, 13, 0, 8, 8, 10, 13, 10, 13, 10, 13, 10, 1, 1]",183.70608761005826
7090923,F,348,"[5, 13, 13, 13, 13, 13, 13, 13, 13, 13, 13, 13, 13, 13, 13, 13, 5, 13, 13, 13, 13, 13, 13, 13, 13, 13, 13, 13, 13, 13, 13, 13, 5, 13, 13, 13, 13, 13, 13, 13, 5, 13, 3, 13, 3, 13, 1, 13, 0, 0, 3, 13, 3, 13, 1, 13, 5, 13, 13, 3, 13, 1, 10, 13]",178.36650825884868
7090923,F,124,"[3, 13, 13, 3, 13, 0, 0, 0, 1, 3, 13, 3, 13, 0, 0, 10, 1, 3, 13, 3, 13, 1, 13, 5, 13, 3, 13, 3, 13, 0, 0, 10, 1, 3, 13, 3, 13, 0, 0, 0, 1, 3, 13, 3, 13, 0, 0, 10, 1, 3, 13, 3, 13, 1, 13, 5, 13, 3, 13, 3, 10, 13, 0, 0]",173.45814767304938
7090923,F,344,"[10, 13, 13, 13, 0, 0, 0, 0, 0, 0, 5, 13, 5, 3, 1, 5, 5, 13, 13, 13, 13, 13, 13, 13, 13, 13, 13, 13, 13, 13, 13, 13, 5, 13, 13, 13, 13, 13, 13, 13, 13, 13, 13, 13, 13, 13, 13, 13, 5, 13, 13, 13, 13, 13, 13, 13, 5, 13, 3, 13, 3, 13, 1, 13]",162.31573186321162
7090923,F,64,"[5, 5, 5, 5, 5, 3, 3, 3, 13, 1, 1, 1, 1, 12, 12, 12, 12, 1, 1, 1, 13, 0, 0, 0, 12, 1, 1, 1, 13, 13, 0, 0, 5, 13, 0, 0, 3, 13, 0, 0, 1, 13, 0, 0, 12, 13, 0, 0, 12, 1, 1, 1, 13, 0, 0, 0, 12, 1, 1, 1, 13, 0, 0, 0]",150.52172544901396
7090923,F,20,"[0, 0, 0, 0, 0, 0, 0, 0, 0, 0, 10, 13, 1, 3, 13, 5, 5, 13, 3, 1, 3, 10, 13, 1, 13, 1, 13, 3, 13, 10, 10, 1, 1, 1, 10, 13, 0, 0, 8, 13, 10, 13, 10, 10, 13, 0, 0, 3, 5, 5, 13, 5, 5, 13, 10, 1, 1, 1, 13, 3, 13, 10, 10, 13]",154.59362553805363
7090923,F,436,"[5, 13, 13, 13, 13, 13, 13, 13, 13, 13, 13, 13, 13, 13, 13, 13, 5, 13, 13, 13, 13, 13, 13, 13, 13, 13, 13, 13, 13, 13, 13, 13, 5, 13, 13, 13, 13, 13, 13, 13, 0, 0, 0, 0, 0, 0, 0, 0, 0, 0, 3, 13, 3, 13, 1, 13, 5, 13, 13, 3, 13, 1, 10, 13]",146.38921228049898
7090923,F,84,"[1, 1, 1, 5, 5, 13, 13, 13, 13, 13, 13, 13, 13, 13, 13, 13, 3, 13, 13, 13, 13, 13, 13, 13, 13, 13, 13, 13, 3, 13, 5, 3, 1, 13, 13, 13, 13, 13, 13, 13, 13, 13, 13, 13, 13, 13, 13, 13, 12, 13, 13, 13, 13, 13, 13, 13, 12, 0, 5, 13, 0, 5, 3, 13]",180.13727608066392
7090923,F,128,"[1, 3, 13, 3, 13, 1, 13, 5, 13, 3, 13, 3, 13, 0, 0, 10, 1, 3, 13, 3, 13, 0, 0, 0, 1, 3, 13, 3, 13, 0, 0, 10, 1, 3, 13, 3, 13, 1, 13, 5, 13, 3, 13, 3, 10, 13, 0, 0, 5, 5, 5, 5, 5, 3, 3, 3, 13, 1, 1, 1, 1, 12, 12, 12]",143.94996878218433
7090923,F,172,"[3, 13, 13, 13, 13, 13, 13, 13, 13, 13, 13, 13, 3, 5, 3, 1, 1, 13, 13, 13, 13, 13, 13, 13, 13, 13, 13, 13, 13, 13, 13, 13, 12, 13, 13, 13, 13, 13, 10, 13, 13, 13, 13, 13, 13, 13, 10, 13, 10, 13, 13, 13, 8, 13, 13, 13, 0, 0, 0, 0, 0, 0, 0, 0]",164.67661130877602
7090923,F,144,"[12, 1, 1, 1, 13, 0, 0, 0, 12, 1, 1, 1, 13, 1, 0, 0, 5, 5, 5, 5, 5, 3, 3, 3, 13, 1, 1, 1, 1, 12, 12, 12, 12, 1, 1, 1, 1, 13, 0, 0, 12, 1, 1, 1, 13, 0, 0, 0, 5, 13, 0, 0, 3, 13, 0, 0, 1, 13, 0, 0, 12, 13, 0, 0]",172.78967199654994
7090923,F,232,"[5, 13, 3, 1, 3, 10, 13, 1, 13, 1, 13, 3, 13, 10, 10, 1, 1, 1, 10, 13, 0, 8, 13, 10, 13, 10, 10, 13, 0, 0, 0, 0, 5, 5, 13, 5, 13, 0, 10, 1, 13, 1, 13, 3, 13, 10, 10, 13, 1, 13, 1, 1, 13, 0, 8, 10, 13, 10, 13, 10, 13, 10, 1, 1]",182.4440367052682
7090923,F,380,"[0, 0, 3, 13, 3, 13, 1, 13, 5, 13, 13, 3, 13, 1, 10, 13, 0, 0, 0, 0, 0, 0, 1, 13, 3, 13, 1, 3, 13, 1, 3, 1, 10, 13, 13, 13, 0, 0, 0, 0, 0, 0, 5, 13, 5, 3, 1, 13, 5, 13, 13, 13, 13, 13, 13, 13, 13, 13, 13, 13, 13, 13, 13, 13]",180.1896630993533
7090923,F,392,"[5, 13, 13, 13, 13, 13, 13, 13, 13, 13, 13, 13, 13, 13, 13, 13, 5, 13, 13, 13, 13, 13, 13, 13, 13, 13, 13, 13, 13, 13, 13, 13, 5, 13, 13, 13, 13, 13, 13, 13, 0, 0, 0, 0, 0, 0, 0, 0, 0, 0, 3, 13, 3, 13, 1, 13, 5, 13, 13, 3, 13, 1, 10, 13]",154.86941504966637
7090923,F,128,"[1, 3, 13, 3, 13, 1, 13, 5, 13, 3, 13, 3, 13, 0, 0, 10, 1, 3, 13, 3, 13, 0, 0, 0, 1, 3, 13, 3, 13, 0, 0, 10, 1, 3, 13, 3, 13, 1, 13, 5, 13, 3, 13, 3, 10, 13, 0, 0, 5, 5, 5, 5, 5, 3, 3, 3, 13, 1, 1, 1, 1, 12, 12, 12]",170.30799934260256
